{
  "type": "minecraft:ore",
  "config": {
    "discard_chance_on_air_exposure": 0.0,
    "size": 17,
    "targets": [
      {
        "state": {
          "Name": "minecraft:coal_ore"
        },
        "target": {
          "predicate_type": "minecraft:tag_match",
          "tag": "tectonic:alternate_stone_may_replace"
        }
      },
      {
        "state": {
          "Name": "minecraft:deepslate_coal_ore"
        },
        "target": {
          "predicate_type": "minecraft:tag_match",
          "tag": "minecraft:deepslate_ore_replaceables"
        }
      }
    ]
  }
}