{
	"feature": "terralith:cave/mantle/blackstone",
	"placement": [
		{
			"type": "minecraft:count",
			"count": {
				"type": "minecraft:weighted_list",
				"distribution": [
					{
						"weight": 100,
						"data": 0
					},
					{
						"weight": 0,
						"data": 0
					}
				]
			}
		},
		{
			"type": "minecraft:in_square"
		},
		{
			"type": "minecraft:height_range",
			"height": {
				"type": "minecraft:uniform",
				"min_inclusive": {
					"above_bottom": 0
				},
				"max_inclusive": {
					"absolute": 64
				}
			}
		},
		{
			"type": "minecraft:biome"
		}
	]
}
