{
  "feature": "terralith:cliffs/basalt/basalt_column",
  "placement": [
    {
      "type": "minecraft:count",
      "count": 20
    },
    {
      "type": "minecraft:count",
      "count": 10
    },
    {
      "type": "minecraft:in_square"
    },
    {
      "type": "minecraft:random_offset",
      "xz_spread": {
        "type": "minecraft:clamped_normal",
        "value": {
          "min_inclusive": 0,
          "max_inclusive": 0,
          "mean": 0,
          "deviation": 0
        }
      },
      "y_spread": 0
    },
    {
      "type": "minecraft:height_range",
      "height": {
        "type": "minecraft:uniform",
        "min_inclusive": {
          "absolute": 75
        },
        "max_inclusive": {
          "absolute": 75
        }
      }
    },
    {
      "type": "minecraft:environment_scan",
      "direction_of_search": "down",
      "max_steps": 32,
      "target_condition": {
        "type": "minecraft:matching_blocks",
        "offset": [
          0,
          -1,
          0
        ],
        "blocks": [
          "minecraft:basalt",
          "minecraft:smooth_basalt",
          "minecraft:sand",
          "minecraft:gravel"
        ]
      },
      "allowed_search_condition": {
        "type": "minecraft:matching_blocks",
        "blocks": [
          "minecraft:air",
          "minecraft:water"
        ]
      }
    },
    {
      "type": "minecraft:biome"
    }
  ]
}
