{
	"feature": "terralith:cliffs/basalt/basalt_column_upper",
	"placement": [
		{
			"type": "minecraft:count",
			"count": {
				"type": "minecraft:weighted_list",
				"distribution": [
					{
						"weight": 100,
						"data": 100
					},
					{
						"weight": 0,
						"data": 100
					}
				]
			}
		},
		{
			"type": "minecraft:in_square"
		},
		{
			"type": "minecraft:random_offset",
			"xz_spread": {
				"type": "minecraft:clamped_normal",
				"value": {
					"min_inclusive": 0,
					"max_inclusive": 0,
					"mean": 0,
					"deviation": 0
				}
			},
			"y_spread": 0
		},
		{
			"type": "minecraft:height_range",
			"height": {
				"type": "minecraft:uniform",
				"min_inclusive": {
					"absolute": 180
				},
				"max_inclusive": {
					"absolute": 180
				}
			}
		},
		{
			"type": "minecraft:environment_scan",
			"direction_of_search": "down",
			"target_condition": {
				"type": "minecraft:solid"
			},
			"allowed_search_condition": {
				"type": "minecraft:matching_blocks",
				"blocks": [
					"minecraft:air",
					"minecraft:water"
				]
			},
			"max_steps": 32
		},
		{
			"type": "minecraft:biome"
		}
	]
}
