{
	"feature": "terralith:shrubland/cold/cone_trees",
	"placement": [
		{
			"type": "minecraft:rarity_filter",
			"chance": 5
		},
		{
			"type": "minecraft:in_square"
		},
		{
			"type": "heightmap",
			"heightmap": "WORLD_SURFACE_WG"
		},
		{
			"type": "minecraft:count",
			"count": {
				"type": "minecraft:weighted_list",
				"distribution": [
					{
						"weight": 50,
						"data": 2
					},
					{
						"weight": 50,
						"data": 4
					}
				]
			}
		},
		{
			"type": "minecraft:block_predicate_filter",
			"predicate": {
				"type": "minecraft:all_of",
				"predicates": [
					{
						"type": "minecraft:matching_blocks",
						"offset": [
							0,
							-1,
							0
						],
						"blocks": [
							"minecraft:grass_block",
							"minecraft:coarse_dirt",
							"minecraft:podzol",
							"minecraft:dirt"
						]
					}
				]
			}
		},
		{
			"type": "minecraft:biome"
		}
	]
}
