{
	"credit": "Made with Blockbench",
	"textures": {
		"4": "block/cake_inner",
		"5": "block/cake_inner5",
		"6": "block/cake_inner4",
		"bottom": "block/cake_bottom",
		"particle": "block/cake_side",
		"side": "block/cake_side"
	},
	"elements": [
		{
			"from": [7, 0, 1],
			"to": [15, 7, 15],
			"faces": {
				"north": {"uv": [1, 8, 9, 16], "texture": "#side"},
				"east": {"uv": [1, 8, 15, 16], "texture": "#side"},
				"south": {"uv": [7, 8, 15, 16], "texture": "#side"},
				"west": {"uv": [1, 8, 15, 16], "texture": "#5"},
				"up": {"uv": [1, 8, 15, 15], "rotation": 270, "texture": "#6"},
				"down": {"uv": [1, 1, 15, 15], "rotation": 90, "texture": "#bottom", "cullface": "down"}
			}
		},
		{
			"from": [3.25, 0, 11.25],
			"to": [4, 0.5, 12],
			"faces": {
				"north": {"uv": [10, 15.5, 11, 16], "texture": "#4"},
				"east": {"uv": [8, 11, 9.25, 11.5], "texture": "#4"},
				"south": {"uv": [5, 15.5, 6, 16], "texture": "#4"},
				"west": {"uv": [11, 12, 12.25, 12.5], "texture": "#4"},
				"up": {"uv": [4, 12, 5.25, 13], "rotation": 270, "texture": "#4"},
				"down": {"uv": [3, 10, 5, 11], "rotation": 90, "texture": "#bottom", "cullface": "down"}
			}
		},
		{
			"from": [2, 0, 5.5],
			"to": [2.5, 0.25, 6],
			"faces": {
				"north": {"uv": [10, 15.5, 11, 16], "texture": "#4"},
				"east": {"uv": [7, 12, 8.25, 12.5], "texture": "#4"},
				"south": {"uv": [5, 15.5, 6, 16], "texture": "#4"},
				"west": {"uv": [11, 12, 12.25, 12.5], "texture": "#4"},
				"up": {"uv": [4, 12, 5.25, 13], "rotation": 270, "texture": "#4"},
				"down": {"uv": [3, 10, 5, 11], "rotation": 90, "texture": "#bottom", "cullface": "down"}
			}
		},
		{
			"from": [1.75, 0, 12.5],
			"to": [2.25, 0.25, 13],
			"faces": {
				"north": {"uv": [10, 15.5, 11, 16], "texture": "#4"},
				"east": {"uv": [9, 13, 10.25, 13.5], "texture": "#4"},
				"south": {"uv": [5, 15.5, 6, 16], "texture": "#4"},
				"west": {"uv": [11, 12, 12.25, 12.5], "texture": "#4"},
				"up": {"uv": [4, 12, 5.25, 13], "rotation": 270, "texture": "#4"},
				"down": {"uv": [3, 10, 5, 11], "rotation": 90, "texture": "#bottom", "cullface": "down"}
			}
		},
		{
			"from": [4.75, 0, 6.25],
			"to": [5.5, 0.5, 7],
			"faces": {
				"north": {"uv": [10, 15.5, 11, 16], "texture": "#4"},
				"east": {"uv": [8, 11, 9.25, 11.5], "texture": "#4"},
				"south": {"uv": [5, 15.5, 6, 16], "texture": "#4"},
				"west": {"uv": [11, 12, 12.25, 12.5], "texture": "#4"},
				"up": {"uv": [4, 12, 5.25, 13], "rotation": 270, "texture": "#4"},
				"down": {"uv": [3, 10, 5, 11], "rotation": 90, "texture": "#bottom", "cullface": "down"}
			}
		},
		{
			"from": [4.25, 0, 1.75],
			"to": [4.75, 0.5, 2.25],
			"faces": {
				"north": {"uv": [7, 13, 8, 13.5], "texture": "#bottom"},
				"east": {"uv": [4, 8, 5.25, 8.5], "texture": "#bottom"},
				"south": {"uv": [11, 10, 12, 10.5], "texture": "#bottom"},
				"west": {"uv": [11, 12, 12.25, 12.5], "texture": "#bottom"},
				"up": {"uv": [4, 8, 5.25, 9], "rotation": 270, "texture": "#bottom"},
				"down": {"uv": [3, 10, 5, 11], "rotation": 90, "texture": "#bottom", "cullface": "down"}
			}
		},
		{
			"from": [5.75, 0, 9.75],
			"to": [6.5, 0.5, 10.5],
			"faces": {
				"north": {"uv": [7, 13, 8, 13.5], "texture": "#bottom"},
				"east": {"uv": [4, 8, 5.25, 8.5], "texture": "#bottom"},
				"south": {"uv": [11, 10, 12, 10.5], "texture": "#bottom"},
				"west": {"uv": [11, 12, 12.25, 12.5], "texture": "#bottom"},
				"up": {"uv": [4, 8, 5.25, 9], "rotation": 270, "texture": "#bottom"},
				"down": {"uv": [3, 10, 5, 11], "rotation": 90, "texture": "#bottom", "cullface": "down"}
			}
		}
	],
	"groups": [0, 1, 2, 3,
		{
			"name": "cake_slice5",
			"origin": [8, 8, 8],
			"children": [4, 5, 6]
		}
	]
}