{
	"credit": "Made with Blockbench",
	"textures": {
		"4": "block/cake_top2",
		"5": "block/cake_top3",
		"6": "block/cake_inner3",
		"7": "block/cake_top1",
		"bottom": "block/cake_bottom",
		"top": "block/cake_top",
		"particle": "block/cake_side",
		"side": "block/cake_side"
	},
	"elements": [
		{
			"from": [3, 7, 3],
			"to": [13, 11, 13],
			"faces": {
				"north": {"uv": [2, 1, 6, 11], "rotation": 90, "texture": "#top"},
				"east": {"uv": [1, 1, 15, 6], "texture": "#top"},
				"south": {"uv": [3, 1, 13, 5], "texture": "#top"},
				"west": {"uv": [10, 1, 14, 11], "rotation": 90, "texture": "#top"},
				"up": {"uv": [2, 4, 12, 14], "rotation": 270, "texture": "#5"},
				"down": {"uv": [1, 1, 15, 15], "rotation": 90, "texture": "#top", "cullface": "down"}
			}
		},
		{
			"from": [7, 11, 5],
			"to": [11, 14, 11],
			"faces": {
				"north": {"uv": [6, 6, 9, 9], "texture": "#7"},
				"east": {"uv": [1, 5, 4, 11], "rotation": 90, "texture": "#top"},
				"south": {"uv": [12, 2, 15, 6], "rotation": 90, "texture": "#top"},
				"west": {"uv": [7, 8, 13, 11], "texture": "#6"},
				"up": {"uv": [5, 5, 11, 9], "rotation": 90, "texture": "#7"},
				"down": {"uv": [1, 1, 15, 15], "rotation": 270, "texture": "#top", "cullface": "down"}
			}
		},
		{
			"from": [7, 14, 7],
			"to": [9, 15.75, 9],
			"faces": {
				"north": {"uv": [7, 7, 9, 9], "texture": "#top"},
				"east": {"uv": [7, 7, 9, 9], "texture": "#top"},
				"south": {"uv": [8, 7, 10, 9], "texture": "#top"},
				"west": {"uv": [7, 7, 9, 9], "texture": "#top"},
				"up": {"uv": [7, 7, 9, 9], "rotation": 270, "texture": "#top"},
				"down": {"uv": [1, 1, 15, 15], "rotation": 90, "texture": "#top", "cullface": "down"}
			}
		},
		{
			"from": [1, 0, 1],
			"to": [15, 7, 15],
			"faces": {
				"north": {"uv": [1, 8, 15, 16], "texture": "#side"},
				"east": {"uv": [1, 8, 15, 16], "texture": "#side"},
				"south": {"uv": [1, 8, 15, 16], "texture": "#side"},
				"west": {"uv": [1, 8, 15, 16], "texture": "#side"},
				"up": {"uv": [1, 1, 15, 15], "rotation": 270, "texture": "#4"},
				"down": {"uv": [1, 1, 15, 15], "rotation": 90, "texture": "#bottom", "cullface": "down"}
			}
		}
	],
	"groups": [
		0,
		1,
		2,
		{
			"name": "cake_slice4",
			"origin": [8, 8, 8],
			"color": 0,
			"children": [
				3,
				{
					"name": "cake_slice5",
					"origin": [8, 8, 8],
					"color": 0,
					"children": []
				}
			]
		}
	]
}