{
    "type": "flat_cache",
    "argument": {
        "type": "cache_2d",
        "argument": {
            "type": "spline",
            "min_value": -12.0,
            "max_value": 0,
            "spline": {
                "coordinate": "tectonic:overworld/noise/continents",
                "points": [
                    {
                        "location": 0.275,
                        "derivative": 0,
                        "value": -3.75
                    },
                    {
                        "location": 0.325,
                        "derivative": 0,
                        "value": {
                            "coordinate": "tectonic:overworld/noise/base_erosion",
                            "points": [
                                {
                                    "location": -0.425,
                                    "derivative": 0,
                                    "value": {
                                        "coordinate": "overworld/temperature",
                                        "points": [
                                            {
                                                "location": -0.45,
                                                "derivative": 0,
                                                "value": 0.0
                                            },
                                            {
                                                "location": -0.4,
                                                "derivative": 0,
                                                "value": -3.75
                                            }
                                        ]
                                    }
                                },
                                {
                                    "location": -0.375,
                                    "derivative": -10,
                                    "value": -3.75
                                }
                            ]
                        }
                    }
                ]
            }
        }
    }
}