{
	"feature": "terralith:cave/thermal/dripleaf",
	"placement": [
		{
			"type": "count",
			"count": 20
		},
		{
			"type": "minecraft:in_square"
		},
		{
			"type": "minecraft:heightmap","heightmap":"WORLD_SURFACE_WG"
		},
		{
			"type": "minecraft:environment_scan",
			"direction_of_search":"down",
			"max_steps":1,
			"target_condition": {
				"type": "minecraft:all_of",
				"predicates": [
					{
						"type": "minecraft:matching_blocks",
						"offset": [
							0,
							1,
							0
						],
						"blocks": [
							"minecraft:air"
						]
					},
					{
						"type": "minecraft:matching_blocks",
						"offset": [
							0,
							0,
							0
						],
						"blocks": [
							"minecraft:air"
						]
					},
					{
						"type": "minecraft:matching_blocks",
						"offset": [
							0,
							-1,
							0
						],
						"blocks": [
							"minecraft:clay"
						]
					}
				]
			}
		},
		{
			"type": "minecraft:biome"
		}
	]
}
