{
    "type": "minecraft:spline",
    "spline": {
        "coordinate": "tectonic:overworld/noise/continents",
        "points": [
            {
                "location": 0.3,
                "derivative": 0,
                "value": 0
            },
            {
                "location": 0.325,
                "derivative": 0,
                "value": {
                    "coordinate": "tectonic:overworld/noise/base_erosion",
                    "points": [
                        {
                            "location": -0.45,
                            "derivative": 0,
                            "value": {
                                "coordinate": "minecraft:overworld/ridges_folded",
                                "points": [
                                    {
                                        "location": 0.125,
                                        "derivative": 0,
                                        "value": 0
                                    },
                                    {
                                        "location": 0.2,
                                        "derivative": 0,
                                        "value": {
                                            "coordinate": "minecraft:overworld/temperature",
                                            "points": [
                                                {
                                                    "location": 0.55,
                                                    "derivative": 0,
                                                    "value": 0
                                                },
                                                {
                                                    "location": 0.6,
                                                    "derivative": 0,
                                                    "value": {
                                                        "coordinate": {
                                                            "type": "minecraft:abs",
                                                            "argument": {
                                                                "type": "minecraft:noise",
                                                                "noise": "tectonic:hoodoo",
                                                                "xz_scale": 0.25,
                                                                "y_scale": 0
                                                            }
                                                        },
                                                        "points": [
                                                            {
                                                                "location": 0.5,
                                                                "derivative": 0,
                                                                "value": 0
                                                            },
                                                            {
                                                                "location": 0.7,
                                                                "derivative": 0,
                                                                "value": 0.4
                                                            },
                                                            {
                                                                "location": 0.9,
                                                                "derivative": 0,
                                                                "value": 0
                                                            }
                                                        ]
                                                    }
                                                }
                                            ]
                                        }
                                    }
                                ]
                            }
                        },
                        {
                            "location": -0.4,
                            "derivative": 0,
                            "value": 0
                        }
                    ]
                }
            }
        ]
    }
}