{
    "variants": {
        "": [
            { "model": "block/potted_saplings/blue_bird" },
            { "model": "block/potted_saplings/blue_bird", "y": 90 },
            { "model": "block/potted_saplings/blue_bird", "y": 180 },
            { "model": "block/potted_saplings/blue_bird", "y": 270 },
            { "model": "block/potted_saplings/blue_bird_2" },
            { "model": "block/potted_saplings/blue_bird_2", "y": 90 },
            { "model": "block/potted_saplings/blue_bird_2", "y": 180 },
            { "model": "block/potted_saplings/blue_bird_2", "y": 270 }
        ]
    }
}
