{
  "elements": [
    {
      "element": {
        "element_type": "minecraft:legacy_single_pool_element",
        "location": "minecraft:guardian/muddy_1",
        "processors": "minecraft:empty",
        "projection": "rigid"
      },
      "weight": 150
    },
    {
      "element": {
        "element_type": "minecraft:legacy_single_pool_element",
        "location": "minecraft:guardian/muddy_2",
        "processors": "minecraft:empty",
        "projection": "rigid"
      },
      "weight": 100
    },
    {
      "element": {
        "element_type": "minecraft:legacy_single_pool_element",
        "location": "minecraft:guardian/muddy_3",
        "processors": "minecraft:empty",
        "projection": "rigid"
      },
      "weight": 25
    }
  ],
  "fallback": "minecraft:empty",
  "name": "minecraft:guardian/muddy"
}