{
    "type": "minecraft:entity",
    "pools": [
      {
        "rolls": 1,
        "entries": [
          {
            "type": "minecraft:item",
            "name": "potion",
            "weight": 1,
            "functions": [
              {
                "function": "minecraft:set_nbt",
                "tag": "{CustomPotionEffects:[{Id:11,Amplifier:3,Duration:300},{Id:14,Duration:600}],CustomPotionColor:983098}"
              },
              {
                "function": "minecraft:set_name",
                "name": {"text":"Resurrection Butterfly","color":"dark_aqua"}
              }
            ]
          },
          {
            "type": "minecraft:item",
            "name": "tipped_arrow",
            "weight": 1,
            "functions": [
              {
                "function": "minecraft:set_count",
                "count": {
                  "min": 1,
                  "max": 5
                }
              },
              {
                "function": "minecraft:set_nbt",
                "tag": "{CustomPotionEffects:[{Id:15,Amplifier:0,Duration:40},{Id:25,Amplifier:3,Duration:50}],CustomPotionColor:480}"
              },
              {
                "function": "minecraft:set_name",
                "name": {"text":"Phantasm Arrow","color":"blue"}
              }
            ]
          }
        ],
        "conditions": [
          {
            "condition": "minecraft:random_chance",
            "chance": 0.4
          }
        ]
      },
      {
        "rolls": 2,
        "entries": [
          {
            "type": "minecraft:item",
            "name": "phantom_membrane",
            "weight": 5,
            "functions": [
              {
                "function": "minecraft:set_count",
                "count": {
                  "min": 2,
                  "max": 4
                }
              }
            ]
          },
          {
            "type": "minecraft:item",
            "name": "cobweb",
            "weight": 3,
            "functions": [
              {
                "function": "minecraft:set_count",
                "count": {
                  "min": 2,
                  "max": 5
                }
              }
            ]
          },
          {
            "type": "minecraft:item",
            "name": "amethyst_shard",
            "weight": 3,
            "functions": [
              {
                "function": "minecraft:set_count",
                "count": {
                  "min": 5,
                  "max": 12
                }
              }
            ]
          }
        ]
      },
      {
        "rolls": 1,
        "entries": [
          {
            "type": "minecraft:item",
            "name": "obsidian",
            "weight": 3,
            "functions": [
              {
                "function": "minecraft:set_count",
                "count": {
                  "min": 1,
                  "max": 3
                }
              }
            ],
            "conditions": [
              {
                "condition": "minecraft:random_chance",
                "chance": 0.4
              }
            ]
          }
        ]
      }
    ]
  }
  