{
  "pools": [
    {
      "rolls": 1,
      "entries": [
        {
          "type": "minecraft:loot_table",
          "name": "minecraft:chests/end_city_treasure"
        }
      ]
    },
    {
      "rolls": {
        "min": 3,
        "max": 4
      },
      "entries": [
        {
          "type": "minecraft:item",
          "weight": 80,
          "name": "minecraft:end_rod",
          "functions": [
            {
              "function": "minecraft:set_count",
              "count": {
                "min": 1,
                "max": 6
              }
            }
          ]
        },
        {
          "type": "minecraft:item",
          "weight": 100,
          "name": "minecraft:popped_chorus_fruit",
          "functions": [
            {
              "function": "minecraft:set_count",
              "count": {
                "min": 3,
                "max": 12
              }
            }
          ]
        },
        {
          "type": "minecraft:item",
          "weight": 40,
          "name": "minecraft:ender_chest"
        },
        {
          "type": "minecraft:item",
          "weight": 80,
          "name": "minecraft:ender_eye"
        },
        {
          "type": "minecraft:item",
          "weight": 5,
          "name": "minecraft:music_disc_far"
        },
        {
          "type": "minecraft:item",
          "weight": 40,
          "name": "minecraft:jukebox"
        },
        {
          "type": "minecraft:item",
          "weight": 80,
          "name": "minecraft:phantom_membrane",
          "functions": [
            {
              "function": "minecraft:set_count",
              "count": {
                "min": 1,
                "max": 8
              }
            }
          ]
        },
        {
          "type": "minecraft:item",
          "weight": 30,
          "name": "minecraft:golden_apple"
        },
        {
          "type": "minecraft:item",
          "weight": 10,
          "name": "minecraft:enchanted_golden_apple"
        },
        {
          "type": "minecraft:item",
          "weight": 100,
          "name": "minecraft:ender_pearl",
          "functions": [
            {
              "function": "minecraft:set_count",
              "count": {
                "min": 1,
                "max": 4
              }
            }
          ]
        }
      ]
    }
  ]
}
