{
	"feature": "terralith:cliffs/frozen/icicle",
	"placement": [
		{
			"type": "minecraft:count",
			"count": 120
		},
		{
			"type": "minecraft:count",
			"count": 20
		},
		{
			"type": "minecraft:in_square"
		},
		{
			"type": "minecraft:random_offset",
			"xz_spread": {
				"type": "minecraft:clamped_normal",
				"value": {
					"min_inclusive": -2,
					"max_inclusive": 2,
					"mean": 0,
					"deviation": 0
				}
			},
			"y_spread": 0
		},
		{
			"type": "minecraft:height_range",
			"height": {
				"type": "minecraft:uniform",
				"min_inclusive": {
					"absolute": -64
				},
				"max_inclusive": {
					"absolute": 180
				}
			}
		},
		{
			"type": "minecraft:environment_scan",
			"direction_of_search": "up",
			"target_condition": {
				"type": "minecraft:solid"
			},
			"allowed_search_condition": {
				"type": "minecraft:matching_blocks",
				"blocks": [
					"minecraft:air"
				]
			},
			"max_steps": 32
		},
		{
			"type": "minecraft:block_predicate_filter",
			"predicate": {
				"type": "minecraft:matching_blocks",
				"offset": [
					0,
					1,
					0
				],
				"blocks": [
					"minecraft:blue_ice",
					"minecraft:packed_ice"
				]
			}
		},
		{
			"type": "minecraft:biome"
		}
	]
}
