{
	"credit": "Made with Blockbench",
	"ambientocclusion": false,
	"textures": {
		"0": "block/saplings/big_pot",
		"1": "block/saplings/azalea",
		"3": "block/saplings/stem_2",
		"5": "block/saplings/stem",
		"particle": "block/saplings/big_pot"
	},
	"elements": [
		{
			"from": [7, 11.6, 7],
			"to": [9, 20.6, 9],
			"rotation": {"angle": 0, "axis": "y", "origin": [5, 13.6, 6]},
			"faces": {
				"north": {"uv": [4, 0, 2, 9], "texture": "#5"},
				"east": {"uv": [2, 0, 4, 9], "texture": "#5"},
				"south": {"uv": [4, 0, 2, 9], "texture": "#5"},
				"west": {"uv": [2, 0, 4, 9], "texture": "#5"},
				"up": {"uv": [2, 0, 4, 2], "texture": "#5"},
				"down": {"uv": [0, 0, 0, 0], "texture": "#5"}
			}
		},
		{
			"from": [2, 15.6, 7.5],
			"to": [7, 16.6, 8.5],
			"rotation": {"angle": 0, "axis": "y", "origin": [2, 27.6, 7]},
			"faces": {
				"north": {"uv": [5, 0, 6, 5], "rotation": 90, "texture": "#5"},
				"east": {"uv": [0, 0, 0, 0], "rotation": 90, "texture": "#5"},
				"south": {"uv": [5, 5, 6, 0], "rotation": 90, "texture": "#5"},
				"west": {"uv": [5, 0, 6, 1], "rotation": 90, "texture": "#5"},
				"up": {"uv": [5, 0, 6, 5], "rotation": 90, "texture": "#5"},
				"down": {"uv": [5, 5, 6, 0], "rotation": 90, "texture": "#5"}
			}
		},
		{
			"from": [2, 16.6, 7.5],
			"to": [3, 19.6, 8.5],
			"rotation": {"angle": 0, "axis": "y", "origin": [2, 27.6, 7]},
			"faces": {
				"north": {"uv": [5, 5, 6, 8], "texture": "#5"},
				"east": {"uv": [5, 5, 6, 8], "texture": "#5"},
				"south": {"uv": [5, 5, 6, 8], "texture": "#5"},
				"west": {"uv": [5, 5, 6, 8], "texture": "#5"},
				"up": {"uv": [5, 5, 6, 6], "texture": "#5"},
				"down": {"uv": [0, 0, 0, 0], "texture": "#5"}
			}
		},
		{
			"from": [9, 13.6, 7.5],
			"to": [14, 14.6, 8.5],
			"rotation": {"angle": 0, "axis": "y", "origin": [12.5, 25.1, 8]},
			"faces": {
				"north": {"uv": [5, 5, 6, 0], "rotation": 90, "texture": "#5"},
				"east": {"uv": [5, 1, 6, 0], "rotation": 90, "texture": "#5"},
				"south": {"uv": [5, 0, 6, 5], "rotation": 90, "texture": "#5"},
				"west": {"uv": [0, 0, 0, 0], "rotation": 90, "texture": "#5"},
				"up": {"uv": [5, 5, 6, 0], "rotation": 90, "texture": "#5"},
				"down": {"uv": [5, 0, 6, 5], "rotation": 90, "texture": "#5"}
			}
		},
		{
			"from": [13, 14.6, 7.5],
			"to": [14, 17.6, 8.5],
			"rotation": {"angle": 0, "axis": "y", "origin": [12.5, 25.1, 8]},
			"faces": {
				"north": {"uv": [6, 5, 5, 8], "texture": "#5"},
				"east": {"uv": [6, 5, 5, 8], "texture": "#5"},
				"south": {"uv": [6, 5, 5, 8], "texture": "#5"},
				"west": {"uv": [6, 5, 5, 8], "texture": "#5"},
				"up": {"uv": [6, 5, 5, 6], "texture": "#5"},
				"down": {"uv": [0, 0, 0, 0], "texture": "#5"}
			}
		},
		{
			"from": [7.5, 14.6, 9],
			"to": [8.5, 15.6, 14],
			"rotation": {"angle": 0, "axis": "y", "origin": [8, 24.1, 8]},
			"faces": {
				"north": {"uv": [0, 0, 0, 0], "rotation": 90, "texture": "#5"},
				"east": {"uv": [5, 5, 6, 0], "rotation": 90, "texture": "#5"},
				"south": {"uv": [5, 1, 6, 0], "rotation": 90, "texture": "#5"},
				"west": {"uv": [5, 0, 6, 5], "rotation": 90, "texture": "#5"},
				"up": {"uv": [5, 5, 6, 0], "rotation": 180, "texture": "#5"},
				"down": {"uv": [5, 0, 6, 5], "texture": "#5"}
			}
		},
		{
			"from": [7.5, 15.6, 13],
			"to": [8.5, 18.6, 14],
			"rotation": {"angle": 0, "axis": "y", "origin": [8, 24.1, 8]},
			"faces": {
				"north": {"uv": [6, 5, 5, 8], "texture": "#5"},
				"east": {"uv": [6, 5, 5, 8], "texture": "#5"},
				"south": {"uv": [6, 5, 5, 8], "texture": "#5"},
				"west": {"uv": [6, 5, 5, 8], "texture": "#5"},
				"up": {"uv": [6, 5, 5, 6], "rotation": 90, "texture": "#5"},
				"down": {"uv": [0, 0, 0, 0], "rotation": 270, "texture": "#5"}
			}
		},
		{
			"from": [7.5, 16.6, 2],
			"to": [8.5, 17.6, 7],
			"rotation": {"angle": 0, "axis": "y", "origin": [8, 24.1, 8]},
			"faces": {
				"north": {"uv": [5, 0, 6, 1], "rotation": 90, "texture": "#5"},
				"east": {"uv": [5, 0, 6, 5], "rotation": 90, "texture": "#5"},
				"south": {"uv": [0, 0, 0, 0], "rotation": 90, "texture": "#5"},
				"west": {"uv": [5, 5, 6, 0], "rotation": 90, "texture": "#5"},
				"up": {"uv": [5, 0, 6, 5], "rotation": 180, "texture": "#5"},
				"down": {"uv": [5, 5, 6, 0], "texture": "#5"}
			}
		},
		{
			"from": [7.5, 17.6, 2],
			"to": [8.5, 20.6, 3],
			"rotation": {"angle": 0, "axis": "y", "origin": [8, 24.1, 8]},
			"faces": {
				"north": {"uv": [5, 5, 6, 8], "texture": "#5"},
				"east": {"uv": [5, 5, 6, 8], "texture": "#5"},
				"south": {"uv": [5, 5, 6, 8], "texture": "#5"},
				"west": {"uv": [5, 5, 6, 8], "texture": "#5"},
				"up": {"uv": [5, 5, 6, 6], "rotation": 90, "texture": "#5"},
				"down": {"uv": [0, 0, 0, 0], "rotation": 270, "texture": "#5"}
			}
		},
		{
			"from": [6.4881, 14.63774, 16.03055],
			"to": [9.4881, 17.63774, 16.53055],
			"rotation": {"angle": 45, "axis": "y", "origin": [8.02143, 20.71883, 8.04762]},
			"faces": {
				"north": {"uv": [8, 3, 5, 6], "texture": "#1"},
				"east": {"uv": [5.5, 3, 5, 6], "texture": "#1"},
				"south": {"uv": [8, 3, 5, 6], "texture": "#1"},
				"west": {"uv": [8, 3, 7.5, 6], "texture": "#1"},
				"up": {"uv": [5, 3, 8, 3.5], "rotation": 180, "texture": "#1"},
				"down": {"uv": [8, 5.5, 5, 6], "texture": "#1"}
			}
		},
		{
			"from": [8.50793, 19.03774, 0.62963],
			"to": [11.50793, 22.03774, 1.12963],
			"rotation": {"angle": 45, "axis": "x", "origin": [8.00793, 19.93774, 1.67963]},
			"faces": {
				"north": {"uv": [8, 3, 5, 6], "texture": "#1"},
				"east": {"uv": [8, 3, 7.5, 6], "texture": "#1"},
				"south": {"uv": [8, 3, 5, 6], "texture": "#1"},
				"west": {"uv": [5.5, 3, 5, 6], "texture": "#1"},
				"up": {"uv": [8, 3.5, 5, 3], "rotation": 180, "texture": "#1"},
				"down": {"uv": [5, 6, 8, 5.5], "texture": "#1"}
			}
		},
		{
			"from": [15.13413, 18.73774, 8.37963],
			"to": [15.63413, 21.73774, 11.37963],
			"rotation": {"angle": 45, "axis": "z", "origin": [14.98413, 19.93774, 7.87963]},
			"faces": {
				"north": {"uv": [7.5, 3, 8, 6], "texture": "#1"},
				"east": {"uv": [5, 3, 8, 6], "texture": "#1"},
				"south": {"uv": [5, 3, 5.5, 6], "texture": "#1"},
				"west": {"uv": [5, 3, 8, 6], "texture": "#1"},
				"up": {"uv": [5, 3.5, 8, 3], "rotation": 270, "texture": "#1"},
				"down": {"uv": [8, 6, 5, 5.5], "rotation": 270, "texture": "#1"}
			}
		},
		{
			"from": [11.14063, 21.99693, 9.37963],
			"to": [14.14063, 22.49693, 12.37963],
			"rotation": {"angle": -22.5, "axis": "z", "origin": [13.64063, 22.14693, 7.87963]},
			"faces": {
				"north": {"uv": [7.5, 3, 8, 6], "rotation": 90, "texture": "#1"},
				"east": {"uv": [8, 6, 5, 5.5], "rotation": 180, "texture": "#1"},
				"south": {"uv": [5, 3, 5.5, 6], "rotation": 270, "texture": "#1"},
				"west": {"uv": [5, 3.5, 8, 3], "rotation": 180, "texture": "#1"},
				"up": {"uv": [5, 3, 8, 6], "rotation": 270, "texture": "#1"},
				"down": {"uv": [5, 3, 8, 6], "rotation": 270, "texture": "#1"}
			}
		},
		{
			"from": [1.85937, 21.79693, 2.57963],
			"to": [4.85937, 22.29693, 5.57963],
			"rotation": {"angle": 22.5, "axis": "z", "origin": [2.35937, 22.14693, 7.87963]},
			"faces": {
				"north": {"uv": [7.5, 6, 8, 3], "rotation": 90, "texture": "#1"},
				"east": {"uv": [8, 3.5, 5, 3], "rotation": 180, "texture": "#1"},
				"south": {"uv": [5, 6, 5.5, 3], "rotation": 270, "texture": "#1"},
				"west": {"uv": [5, 6, 8, 5.5], "rotation": 180, "texture": "#1"},
				"up": {"uv": [5, 6, 8, 3], "rotation": 270, "texture": "#1"},
				"down": {"uv": [5, 6, 8, 3], "rotation": 270, "texture": "#1"}
			}
		},
		{
			"from": [1.85937, 22.59693, 9.37963],
			"to": [4.85937, 23.09693, 12.37963],
			"rotation": {"angle": 22.5, "axis": "z", "origin": [2.35937, 22.14693, 7.87963]},
			"faces": {
				"north": {"uv": [7.5, 6, 8, 3], "rotation": 90, "texture": "#1"},
				"east": {"uv": [8, 3.5, 5, 3], "rotation": 180, "texture": "#1"},
				"south": {"uv": [5, 6, 5.5, 3], "rotation": 270, "texture": "#1"},
				"west": {"uv": [5, 6, 8, 5.5], "rotation": 180, "texture": "#1"},
				"up": {"uv": [5, 6, 8, 3], "rotation": 270, "texture": "#1"},
				"down": {"uv": [5, 6, 8, 3], "rotation": 270, "texture": "#1"}
			}
		},
		{
			"from": [5, 25.20305, 8.42995],
			"to": [8, 25.70305, 11.42995],
			"rotation": {"angle": 22.5, "axis": "x", "origin": [8, 22.7716, 7.47963]},
			"faces": {
				"north": {"uv": [5, 3.5, 8, 3], "rotation": 180, "texture": "#1"},
				"east": {"uv": [7.5, 3, 8, 6], "rotation": 90, "texture": "#1"},
				"south": {"uv": [8, 6, 5, 5.5], "rotation": 180, "texture": "#1"},
				"west": {"uv": [5, 3, 5.5, 6], "rotation": 270, "texture": "#1"},
				"up": {"uv": [5, 3, 8, 6], "texture": "#1"},
				"down": {"uv": [5, 3, 8, 6], "rotation": 180, "texture": "#1"}
			}
		},
		{
			"from": [5.19042, 25.20305, 4.12037],
			"to": [8.19042, 25.70305, 7.12037],
			"rotation": {"angle": 22.5, "axis": "z", "origin": [9.04073, 22.7716, 7.32037]},
			"faces": {
				"north": {"uv": [5, 3, 5.5, 6], "rotation": 270, "texture": "#1"},
				"east": {"uv": [5, 3.5, 8, 3], "rotation": 180, "texture": "#1"},
				"south": {"uv": [7.5, 3, 8, 6], "rotation": 90, "texture": "#1"},
				"west": {"uv": [8, 6, 5, 5.5], "rotation": 180, "texture": "#1"},
				"up": {"uv": [5, 3, 8, 6], "rotation": 90, "texture": "#1"},
				"down": {"uv": [5, 3, 8, 6], "rotation": 90, "texture": "#1"}
			}
		},
		{
			"from": [4.29042, 24.30305, 7.02037],
			"to": [7.29042, 24.80305, 10.02037],
			"rotation": {"angle": 22.5, "axis": "z", "origin": [9.04073, 22.7716, 7.32037]},
			"faces": {
				"north": {"uv": [5, 3, 5.5, 6], "rotation": 270, "texture": "#1"},
				"east": {"uv": [5, 3.5, 8, 3], "rotation": 180, "texture": "#1"},
				"south": {"uv": [7.5, 3, 8, 6], "rotation": 90, "texture": "#1"},
				"west": {"uv": [8, 6, 5, 5.5], "rotation": 180, "texture": "#1"},
				"up": {"uv": [5, 3, 8, 6], "rotation": 90, "texture": "#1"},
				"down": {"uv": [5, 3, 8, 6], "rotation": 90, "texture": "#1"}
			}
		},
		{
			"from": [8.70958, 24.10305, 5.32037],
			"to": [11.70958, 24.60305, 8.32037],
			"rotation": {"angle": -22.5, "axis": "z", "origin": [6.95927, 22.7716, 7.32037]},
			"faces": {
				"north": {"uv": [5, 6, 5.5, 3], "rotation": 270, "texture": "#1"},
				"east": {"uv": [5, 6, 8, 5.5], "rotation": 180, "texture": "#1"},
				"south": {"uv": [7.5, 6, 8, 3], "rotation": 90, "texture": "#1"},
				"west": {"uv": [8, 3.5, 5, 3], "rotation": 180, "texture": "#1"},
				"up": {"uv": [5, 6, 8, 3], "rotation": 90, "texture": "#1"},
				"down": {"uv": [5, 6, 8, 3], "rotation": 90, "texture": "#1"}
			}
		},
		{
			"from": [6.20958, 23.80305, 6.82037],
			"to": [9.20958, 24.30305, 9.82037],
			"rotation": {"angle": 45, "axis": "y", "origin": [6.95927, 22.7716, 7.32037]},
			"faces": {
				"north": {"uv": [5, 6, 5.5, 3], "rotation": 270, "texture": "#1"},
				"east": {"uv": [5, 6, 8, 5.5], "rotation": 180, "texture": "#1"},
				"south": {"uv": [7.5, 6, 8, 3], "rotation": 90, "texture": "#1"},
				"west": {"uv": [8, 3.5, 5, 3], "rotation": 180, "texture": "#1"},
				"up": {"uv": [5, 6, 8, 3], "rotation": 90, "texture": "#1"},
				"down": {"uv": [5, 6, 8, 3], "rotation": 90, "texture": "#1"}
			}
		},
		{
			"from": [5.65927, 24.40305, 3.85152],
			"to": [8.65927, 24.90305, 6.85152],
			"rotation": {"angle": -22.5, "axis": "x", "origin": [8.35927, 22.8716, 8.60183]},
			"faces": {
				"north": {"uv": [8, 6, 5, 5.5], "rotation": 180, "texture": "#1"},
				"east": {"uv": [5, 3, 5.5, 6], "rotation": 270, "texture": "#1"},
				"south": {"uv": [5, 3.5, 8, 3], "rotation": 180, "texture": "#1"},
				"west": {"uv": [7.5, 3, 8, 6], "rotation": 90, "texture": "#1"},
				"up": {"uv": [5, 3, 8, 6], "rotation": 180, "texture": "#1"},
				"down": {"uv": [5, 3, 8, 6], "texture": "#1"}
			}
		},
		{
			"from": [7.35927, 24.20305, 8.27068],
			"to": [10.35927, 24.70305, 11.27068],
			"rotation": {"angle": 22.5, "axis": "x", "origin": [8.35927, 22.8716, 6.52037]},
			"faces": {
				"north": {"uv": [8, 3.5, 5, 3], "rotation": 180, "texture": "#1"},
				"east": {"uv": [5, 6, 5.5, 3], "rotation": 270, "texture": "#1"},
				"south": {"uv": [5, 6, 8, 5.5], "rotation": 180, "texture": "#1"},
				"west": {"uv": [7.5, 6, 8, 3], "rotation": 90, "texture": "#1"},
				"up": {"uv": [5, 6, 8, 3], "rotation": 180, "texture": "#1"},
				"down": {"uv": [5, 6, 8, 3], "texture": "#1"}
			}
		},
		{
			"from": [8.95032, 25.20305, 7.72037],
			"to": [11.95032, 25.70305, 10.72037],
			"rotation": {"angle": -22.5, "axis": "z", "origin": [8, 22.7716, 7.32037]},
			"faces": {
				"north": {"uv": [5, 6, 5.5, 3], "rotation": 270, "texture": "#1"},
				"east": {"uv": [5, 6, 8, 5.5], "rotation": 180, "texture": "#1"},
				"south": {"uv": [7.5, 6, 8, 3], "rotation": 90, "texture": "#1"},
				"west": {"uv": [8, 3.5, 5, 3], "rotation": 180, "texture": "#1"},
				"up": {"uv": [5, 6, 8, 3], "rotation": 90, "texture": "#1"},
				"down": {"uv": [5, 6, 8, 3], "rotation": 90, "texture": "#1"}
			}
		},
		{
			"from": [9.9, 24.80305, 10.42995],
			"to": [12.9, 25.30305, 13.42995],
			"rotation": {"angle": 22.5, "axis": "x", "origin": [8, 22.7716, 7.47963]},
			"faces": {
				"north": {"uv": [5, 3.5, 8, 3], "rotation": 180, "texture": "#1"},
				"east": {"uv": [7.5, 3, 8, 6], "rotation": 90, "texture": "#1"},
				"south": {"uv": [8, 6, 5, 5.5], "rotation": 180, "texture": "#1"},
				"west": {"uv": [5, 3, 5.5, 6], "rotation": 270, "texture": "#1"},
				"up": {"uv": [5, 3, 8, 6], "texture": "#1"},
				"down": {"uv": [5, 3, 8, 6], "rotation": 180, "texture": "#1"}
			}
		},
		{
			"from": [3.1, 24.20305, 10.42995],
			"to": [6.1, 24.70305, 13.42995],
			"rotation": {"angle": 22.5, "axis": "x", "origin": [8, 22.7716, 7.47963]},
			"faces": {
				"north": {"uv": [5, 3.5, 8, 3], "rotation": 180, "texture": "#1"},
				"east": {"uv": [7.5, 3, 8, 6], "rotation": 90, "texture": "#1"},
				"south": {"uv": [8, 6, 5, 5.5], "rotation": 180, "texture": "#1"},
				"west": {"uv": [5, 3, 5.5, 6], "rotation": 270, "texture": "#1"},
				"up": {"uv": [5, 3, 8, 6], "texture": "#1"},
				"down": {"uv": [5, 3, 8, 6], "rotation": 180, "texture": "#1"}
			}
		},
		{
			"from": [9.9, 24.10305, 1.52932],
			"to": [12.9, 24.60305, 4.52932],
			"rotation": {"angle": -22.5, "axis": "x", "origin": [8, 22.7716, 7.47963]},
			"faces": {
				"north": {"uv": [5, 6, 8, 5.5], "rotation": 180, "texture": "#1"},
				"east": {"uv": [7.5, 6, 8, 3], "rotation": 90, "texture": "#1"},
				"south": {"uv": [8, 3.5, 5, 3], "rotation": 180, "texture": "#1"},
				"west": {"uv": [5, 6, 5.5, 3], "rotation": 270, "texture": "#1"},
				"up": {"uv": [5, 6, 8, 3], "texture": "#1"},
				"down": {"uv": [5, 6, 8, 3], "rotation": 180, "texture": "#1"}
			}
		},
		{
			"from": [6.5, 24.50305, 0.52932],
			"to": [9.5, 25.00305, 3.52932],
			"rotation": {"angle": -22.5, "axis": "x", "origin": [8, 22.7716, 7.47963]},
			"faces": {
				"north": {"uv": [5, 6, 8, 5.5], "rotation": 180, "texture": "#1"},
				"east": {"uv": [7.5, 6, 8, 3], "rotation": 90, "texture": "#1"},
				"south": {"uv": [8, 3.5, 5, 3], "rotation": 180, "texture": "#1"},
				"west": {"uv": [5, 6, 5.5, 3], "rotation": 270, "texture": "#1"},
				"up": {"uv": [5, 6, 8, 3], "texture": "#1"},
				"down": {"uv": [5, 6, 8, 3], "rotation": 180, "texture": "#1"}
			}
		},
		{
			"from": [3.1, 24.70305, 1.52932],
			"to": [6.1, 25.20305, 4.52932],
			"rotation": {"angle": -22.5, "axis": "x", "origin": [8, 22.7716, 7.47963]},
			"faces": {
				"north": {"uv": [5, 6, 8, 5.5], "rotation": 180, "texture": "#1"},
				"east": {"uv": [7.5, 6, 8, 3], "rotation": 90, "texture": "#1"},
				"south": {"uv": [8, 3.5, 5, 3], "rotation": 180, "texture": "#1"},
				"west": {"uv": [5, 6, 5.5, 3], "rotation": 270, "texture": "#1"},
				"up": {"uv": [5, 6, 8, 3], "texture": "#1"},
				"down": {"uv": [5, 6, 8, 3], "rotation": 180, "texture": "#1"}
			}
		},
		{
			"from": [12.14063, 22.29693, 5.97963],
			"to": [15.14063, 22.79693, 8.97963],
			"rotation": {"angle": -22.5, "axis": "z", "origin": [13.64063, 22.14693, 7.87963]},
			"faces": {
				"north": {"uv": [7.5, 3, 8, 6], "rotation": 90, "texture": "#1"},
				"east": {"uv": [8, 6, 5, 5.5], "rotation": 180, "texture": "#1"},
				"south": {"uv": [5, 3, 5.5, 6], "rotation": 270, "texture": "#1"},
				"west": {"uv": [5, 3.5, 8, 3], "rotation": 180, "texture": "#1"},
				"up": {"uv": [5, 3, 8, 6], "rotation": 270, "texture": "#1"},
				"down": {"uv": [5, 3, 8, 6], "rotation": 270, "texture": "#1"}
			}
		},
		{
			"from": [11.14063, 22.49693, 2.57963],
			"to": [14.14063, 22.99693, 5.57963],
			"rotation": {"angle": -22.5, "axis": "z", "origin": [13.64063, 22.14693, 7.87963]},
			"faces": {
				"north": {"uv": [7.5, 3, 8, 6], "rotation": 90, "texture": "#1"},
				"east": {"uv": [8, 6, 5, 5.5], "rotation": 180, "texture": "#1"},
				"south": {"uv": [5, 3, 5.5, 6], "rotation": 270, "texture": "#1"},
				"west": {"uv": [5, 3.5, 8, 3], "rotation": 180, "texture": "#1"},
				"up": {"uv": [5, 3, 8, 6], "rotation": 270, "texture": "#1"},
				"down": {"uv": [5, 3, 8, 6], "rotation": 270, "texture": "#1"}
			}
		},
		{
			"from": [15.13413, 18.73774, 4.37963],
			"to": [15.63413, 21.73774, 7.37963],
			"rotation": {"angle": 45, "axis": "z", "origin": [14.98413, 19.93774, 7.87963]},
			"faces": {
				"north": {"uv": [7.5, 3, 8, 6], "texture": "#1"},
				"east": {"uv": [5, 3, 8, 6], "texture": "#1"},
				"south": {"uv": [5, 3, 5.5, 6], "texture": "#1"},
				"west": {"uv": [5, 3, 8, 6], "texture": "#1"},
				"up": {"uv": [5, 3.5, 8, 3], "rotation": 270, "texture": "#1"},
				"down": {"uv": [8, 6, 5, 5.5], "rotation": 270, "texture": "#1"}
			}
		},
		{
			"from": [11.50793, 18.43774, 0.02963],
			"to": [14.50793, 21.43774, 0.52963],
			"rotation": {"angle": -45, "axis": "y", "origin": [8.00793, 19.93774, 1.67963]},
			"faces": {
				"north": {"uv": [8, 3, 5, 6], "texture": "#1"},
				"east": {"uv": [8, 3, 7.5, 6], "texture": "#1"},
				"south": {"uv": [8, 3, 5, 6], "texture": "#1"},
				"west": {"uv": [5.5, 3, 5, 6], "texture": "#1"},
				"up": {"uv": [8, 3.5, 5, 3], "rotation": 180, "texture": "#1"},
				"down": {"uv": [5, 6, 8, 5.5], "texture": "#1"}
			}
		},
		{
			"from": [0.35793, 18.43774, 4.37963],
			"to": [0.85793, 21.43774, 7.37963],
			"rotation": {"angle": -45, "axis": "z", "origin": [1.00793, 19.93774, 7.87963]},
			"faces": {
				"north": {"uv": [8, 3, 7.5, 6], "texture": "#1"},
				"east": {"uv": [8, 3, 5, 6], "texture": "#1"},
				"south": {"uv": [5.5, 3, 5, 6], "texture": "#1"},
				"west": {"uv": [8, 3, 5, 6], "texture": "#1"},
				"up": {"uv": [5, 3, 8, 3.5], "rotation": 270, "texture": "#1"},
				"down": {"uv": [8, 5.5, 5, 6], "rotation": 270, "texture": "#1"}
			}
		},
		{
			"from": [0.35793, 18.43774, 8.37963],
			"to": [0.85793, 21.43774, 11.37963],
			"rotation": {"angle": -45, "axis": "z", "origin": [1.00793, 19.93774, 7.87963]},
			"faces": {
				"north": {"uv": [8, 3, 7.5, 6], "texture": "#1"},
				"east": {"uv": [8, 3, 5, 6], "texture": "#1"},
				"south": {"uv": [5.5, 3, 5, 6], "texture": "#1"},
				"west": {"uv": [8, 3, 5, 6], "texture": "#1"},
				"up": {"uv": [5, 3, 8, 3.5], "rotation": 270, "texture": "#1"},
				"down": {"uv": [8, 5.5, 5, 6], "rotation": 270, "texture": "#1"}
			}
		},
		{
			"from": [1.48413, 18.43774, 15.59073],
			"to": [4.48413, 21.43774, 16.09073],
			"rotation": {"angle": -45, "axis": "y", "origin": [7.98413, 19.93774, 14.44073]},
			"faces": {
				"north": {"uv": [8, 3, 5, 6], "texture": "#1"},
				"east": {"uv": [5.5, 3, 5, 6], "texture": "#1"},
				"south": {"uv": [8, 3, 5, 6], "texture": "#1"},
				"west": {"uv": [8, 3, 7.5, 6], "texture": "#1"},
				"up": {"uv": [5, 3, 8, 3.5], "rotation": 180, "texture": "#1"},
				"down": {"uv": [8, 5.5, 5, 6], "texture": "#1"}
			}
		},
		{
			"from": [1.48413, 18.43774, 0.02963],
			"to": [4.48413, 21.43774, 0.52963],
			"rotation": {"angle": 45, "axis": "y", "origin": [7.98413, 19.93774, 1.67963]},
			"faces": {
				"north": {"uv": [5, 3, 8, 6], "texture": "#1"},
				"east": {"uv": [5, 3, 5.5, 6], "texture": "#1"},
				"south": {"uv": [5, 3, 8, 6], "texture": "#1"},
				"west": {"uv": [7.5, 3, 8, 6], "texture": "#1"},
				"up": {"uv": [5, 3.5, 8, 3], "rotation": 180, "texture": "#1"},
				"down": {"uv": [8, 6, 5, 5.5], "texture": "#1"}
			}
		},
		{
			"from": [11.50793, 18.43774, 15.59073],
			"to": [14.50793, 21.43774, 16.09073],
			"rotation": {"angle": 45, "axis": "y", "origin": [8.00793, 19.93774, 14.44073]},
			"faces": {
				"north": {"uv": [5, 3, 8, 6], "texture": "#1"},
				"east": {"uv": [7.5, 3, 8, 6], "texture": "#1"},
				"south": {"uv": [5, 3, 8, 6], "texture": "#1"},
				"west": {"uv": [5, 3, 5.5, 6], "texture": "#1"},
				"up": {"uv": [8, 3, 5, 3.5], "rotation": 180, "texture": "#1"},
				"down": {"uv": [5, 5.5, 8, 6], "texture": "#1"}
			}
		},
		{
			"from": [4.50793, 19.03774, 0.62963],
			"to": [7.50793, 22.03774, 1.12963],
			"rotation": {"angle": 45, "axis": "x", "origin": [8.00793, 19.93774, 1.67963]},
			"faces": {
				"north": {"uv": [8, 3, 5, 6], "texture": "#1"},
				"east": {"uv": [8, 3, 7.5, 6], "texture": "#1"},
				"south": {"uv": [8, 3, 5, 6], "texture": "#1"},
				"west": {"uv": [5.5, 3, 5, 6], "texture": "#1"},
				"up": {"uv": [8, 3.5, 5, 3], "rotation": 180, "texture": "#1"},
				"down": {"uv": [5, 6, 8, 5.5], "texture": "#1"}
			}
		},
		{
			"from": [8.50793, 18.93774, 14.99073],
			"to": [11.50793, 21.93774, 15.49073],
			"rotation": {"angle": -45, "axis": "x", "origin": [8.00793, 19.93774, 14.44073]},
			"faces": {
				"north": {"uv": [5, 3, 8, 6], "texture": "#1"},
				"east": {"uv": [7.5, 3, 8, 6], "texture": "#1"},
				"south": {"uv": [5, 3, 8, 6], "texture": "#1"},
				"west": {"uv": [5, 3, 5.5, 6], "texture": "#1"},
				"up": {"uv": [8, 3, 5, 3.5], "rotation": 180, "texture": "#1"},
				"down": {"uv": [5, 5.5, 8, 6], "texture": "#1"}
			}
		},
		{
			"from": [4.50793, 18.93774, 14.99073],
			"to": [7.50793, 21.93774, 15.49073],
			"rotation": {"angle": -45, "axis": "x", "origin": [8.00793, 19.93774, 14.44073]},
			"faces": {
				"north": {"uv": [5, 3, 8, 6], "texture": "#1"},
				"east": {"uv": [7.5, 3, 8, 6], "texture": "#1"},
				"south": {"uv": [5, 3, 8, 6], "texture": "#1"},
				"west": {"uv": [5, 3, 5.5, 6], "texture": "#1"},
				"up": {"uv": [8, 3, 5, 3.5], "rotation": 180, "texture": "#1"},
				"down": {"uv": [5, 5.5, 8, 6], "texture": "#1"}
			}
		},
		{
			"from": [14.14245, 15.63774, 9.5],
			"to": [14.64245, 18.63774, 12.5],
			"rotation": {"angle": 0, "axis": "y", "origin": [8.0119, 19.997, 8]},
			"faces": {
				"north": {"uv": [9.5, 3, 9, 6], "texture": "#1"},
				"east": {"uv": [12, 3, 9, 6], "texture": "#1"},
				"south": {"uv": [12, 3, 11.5, 6], "texture": "#1"},
				"west": {"uv": [12, 3, 9, 6], "texture": "#1"},
				"up": {"uv": [12, 3.5, 9, 3], "rotation": 270, "texture": "#1"},
				"down": {"uv": [9, 6, 12, 5.5], "rotation": 270, "texture": "#1"}
			}
		},
		{
			"from": [12.92108, 11.88321, 8.5],
			"to": [13.42108, 14.88321, 11.5],
			"rotation": {"angle": 22.5, "axis": "z", "origin": [8.0119, 20.697, 8]},
			"faces": {
				"north": {"uv": [5.5, 3, 5, 6], "texture": "#1"},
				"east": {"uv": [8, 3, 5, 6], "texture": "#1"},
				"south": {"uv": [8, 3, 7.5, 6], "texture": "#1"},
				"west": {"uv": [8, 3, 5, 6], "texture": "#1"},
				"up": {"uv": [8, 3.5, 5, 3], "rotation": 270, "texture": "#1"},
				"down": {"uv": [5, 6, 8, 5.5], "rotation": 270, "texture": "#1"}
			}
		},
		{
			"from": [15.14245, 14.33774, 4.5],
			"to": [15.64245, 17.33774, 7.5],
			"rotation": {"angle": 22.5, "axis": "z", "origin": [15.39245, 15.83774, 6]},
			"faces": {
				"north": {"uv": [5.5, 3, 5, 6], "texture": "#1"},
				"east": {"uv": [8, 3, 5, 6], "texture": "#1"},
				"south": {"uv": [8, 3, 7.5, 6], "texture": "#1"},
				"west": {"uv": [8, 3, 5, 6], "texture": "#1"},
				"up": {"uv": [8, 3.5, 5, 3], "rotation": 270, "texture": "#1"},
				"down": {"uv": [5, 6, 8, 5.5], "rotation": 270, "texture": "#1"}
			}
		},
		{
			"from": [14.14245, 15.63774, 3.5],
			"to": [14.64245, 18.63774, 6.5],
			"rotation": {"angle": 0, "axis": "y", "origin": [8.0119, 19.997, 8]},
			"faces": {
				"north": {"uv": [9.5, 3, 9, 6], "texture": "#1"},
				"east": {"uv": [12, 3, 9, 6], "texture": "#1"},
				"south": {"uv": [12, 3, 11.5, 6], "texture": "#1"},
				"west": {"uv": [12, 3, 9, 6], "texture": "#1"},
				"up": {"uv": [12, 3.5, 9, 3], "rotation": 270, "texture": "#1"},
				"down": {"uv": [9, 6, 12, 5.5], "rotation": 270, "texture": "#1"}
			}
		},
		{
			"from": [14.42221, 14.32441, 6.5],
			"to": [14.92221, 17.32441, 9.5],
			"rotation": {"angle": 22.5, "axis": "z", "origin": [8.0119, 19.997, 8]},
			"faces": {
				"north": {"uv": [5.5, 3, 5, 6], "texture": "#1"},
				"east": {"uv": [8, 3, 5, 6], "texture": "#1"},
				"south": {"uv": [8, 3, 7.5, 6], "texture": "#1"},
				"west": {"uv": [8, 3, 5, 6], "texture": "#1"},
				"up": {"uv": [8, 3.5, 5, 3], "rotation": 270, "texture": "#1"},
				"down": {"uv": [5, 6, 8, 5.5], "rotation": 270, "texture": "#1"}
			}
		},
		{
			"from": [6.4881, 14.63774, -0.53055],
			"to": [9.4881, 17.63774, -0.03055],
			"rotation": {"angle": -45, "axis": "y", "origin": [8.02143, 20.71883, 7.95238]},
			"faces": {
				"north": {"uv": [5, 3, 8, 6], "texture": "#1"},
				"east": {"uv": [5, 3, 5.5, 6], "texture": "#1"},
				"south": {"uv": [5, 3, 8, 6], "texture": "#1"},
				"west": {"uv": [7.5, 3, 8, 6], "texture": "#1"},
				"up": {"uv": [5, 3.5, 8, 3], "rotation": 180, "texture": "#1"},
				"down": {"uv": [8, 6, 5, 5.5], "texture": "#1"}
			}
		},
		{
			"from": [8.5119, 14.33774, 0.16945],
			"to": [11.5119, 17.33774, 0.66945],
			"rotation": {"angle": 22.5, "axis": "x", "origin": [10.0119, 15.83774, 0.61945]},
			"faces": {
				"north": {"uv": [8, 3, 5, 6], "texture": "#1"},
				"east": {"uv": [8, 3, 7.5, 6], "texture": "#1"},
				"south": {"uv": [8, 3, 5, 6], "texture": "#1"},
				"west": {"uv": [5.5, 3, 5, 6], "texture": "#1"},
				"up": {"uv": [8, 3.5, 5, 3], "rotation": 180, "texture": "#1"},
				"down": {"uv": [5, 6, 8, 5.5], "texture": "#1"}
			}
		},
		{
			"from": [6.5119, 17.03774, -0.03055],
			"to": [9.5119, 20.03774, 0.46945],
			"rotation": {"angle": 22.5, "axis": "x", "origin": [8.0119, 18.53774, 0.61945]},
			"faces": {
				"north": {"uv": [8, 3, 5, 6], "texture": "#1"},
				"east": {"uv": [8, 3, 7.5, 6], "texture": "#1"},
				"south": {"uv": [8, 3, 5, 6], "texture": "#1"},
				"west": {"uv": [5.5, 3, 5, 6], "texture": "#1"},
				"up": {"uv": [8, 3.5, 5, 3], "rotation": 180, "texture": "#1"},
				"down": {"uv": [5, 6, 8, 5.5], "texture": "#1"}
			}
		},
		{
			"from": [4.5119, 14.33774, 0.36945],
			"to": [7.5119, 17.33774, 0.86945],
			"rotation": {"angle": 22.5, "axis": "x", "origin": [6.0119, 15.83774, 0.61945]},
			"faces": {
				"north": {"uv": [8, 3, 5, 6], "texture": "#1"},
				"east": {"uv": [8, 3, 7.5, 6], "texture": "#1"},
				"south": {"uv": [8, 3, 5, 6], "texture": "#1"},
				"west": {"uv": [5.5, 3, 5, 6], "texture": "#1"},
				"up": {"uv": [8, 3.5, 5, 3], "rotation": 180, "texture": "#1"},
				"down": {"uv": [5, 6, 8, 5.5], "texture": "#1"}
			}
		},
		{
			"from": [9.5119, 15.63774, 1.36945],
			"to": [12.5119, 18.63774, 1.86945],
			"rotation": {"angle": 0, "axis": "y", "origin": [7.97857, 20.71883, 7.95238]},
			"faces": {
				"north": {"uv": [12, 3, 9, 6], "texture": "#1"},
				"east": {"uv": [12, 3, 11.5, 6], "texture": "#1"},
				"south": {"uv": [12, 3, 9, 6], "texture": "#1"},
				"west": {"uv": [9.5, 3, 9, 6], "texture": "#1"},
				"up": {"uv": [12, 3.5, 9, 3], "rotation": 180, "texture": "#1"},
				"down": {"uv": [9, 6, 12, 5.5], "texture": "#1"}
			}
		},
		{
			"from": [3.5119, 15.63774, 1.36945],
			"to": [6.5119, 18.63774, 1.86945],
			"rotation": {"angle": 0, "axis": "y", "origin": [7.97857, 20.71883, 7.95238]},
			"faces": {
				"north": {"uv": [12, 3, 9, 6], "texture": "#1"},
				"east": {"uv": [12, 3, 11.5, 6], "texture": "#1"},
				"south": {"uv": [12, 3, 9, 6], "texture": "#1"},
				"west": {"uv": [9.5, 3, 9, 6], "texture": "#1"},
				"up": {"uv": [12, 3.5, 9, 3], "rotation": 180, "texture": "#1"},
				"down": {"uv": [9, 6, 12, 5.5], "texture": "#1"}
			}
		},
		{
			"from": [6.5119, 14.63774, -0.53055],
			"to": [9.5119, 17.63774, -0.03055],
			"rotation": {"angle": 45, "axis": "y", "origin": [7.97857, 20.71883, 7.95238]},
			"faces": {
				"north": {"uv": [8, 3, 5, 6], "texture": "#1"},
				"east": {"uv": [8, 3, 7.5, 6], "texture": "#1"},
				"south": {"uv": [8, 3, 5, 6], "texture": "#1"},
				"west": {"uv": [5.5, 3, 5, 6], "texture": "#1"},
				"up": {"uv": [8, 3.5, 5, 3], "rotation": 180, "texture": "#1"},
				"down": {"uv": [5, 6, 8, 5.5], "texture": "#1"}
			}
		},
		{
			"from": [1.38135, 15.63774, 3.5],
			"to": [1.88135, 18.63774, 6.5],
			"rotation": {"angle": 0, "axis": "y", "origin": [8.0119, 19.997, 8]},
			"faces": {
				"north": {"uv": [9, 3, 9.5, 6], "texture": "#1"},
				"east": {"uv": [9, 3, 12, 6], "texture": "#1"},
				"south": {"uv": [11.5, 3, 12, 6], "texture": "#1"},
				"west": {"uv": [9, 3, 12, 6], "texture": "#1"},
				"up": {"uv": [12, 3, 9, 3.5], "rotation": 270, "texture": "#1"},
				"down": {"uv": [9, 5.5, 12, 6], "rotation": 270, "texture": "#1"}
			}
		},
		{
			"from": [0.38135, 14.33774, 4.5],
			"to": [0.88135, 17.33774, 7.5],
			"rotation": {"angle": -22.5, "axis": "z", "origin": [0.63135, 15.83774, 6]},
			"faces": {
				"north": {"uv": [5, 3, 5.5, 6], "texture": "#1"},
				"east": {"uv": [5, 3, 8, 6], "texture": "#1"},
				"south": {"uv": [7.5, 3, 8, 6], "texture": "#1"},
				"west": {"uv": [5, 3, 8, 6], "texture": "#1"},
				"up": {"uv": [8, 3, 5, 3.5], "rotation": 270, "texture": "#1"},
				"down": {"uv": [5, 5.5, 8, 6], "rotation": 270, "texture": "#1"}
			}
		},
		{
			"from": [2.60272, 11.88321, 8.5],
			"to": [3.10272, 14.88321, 11.5],
			"rotation": {"angle": -22.5, "axis": "z", "origin": [8.0119, 20.697, 8]},
			"faces": {
				"north": {"uv": [5, 3, 5.5, 6], "texture": "#1"},
				"east": {"uv": [5, 3, 8, 6], "texture": "#1"},
				"south": {"uv": [7.5, 3, 8, 6], "texture": "#1"},
				"west": {"uv": [5, 3, 8, 6], "texture": "#1"},
				"up": {"uv": [8, 3, 5, 3.5], "rotation": 270, "texture": "#1"},
				"down": {"uv": [5, 5.5, 8, 6], "rotation": 270, "texture": "#1"}
			}
		},
		{
			"from": [1.38135, 15.63774, 9.5],
			"to": [1.88135, 18.63774, 12.5],
			"rotation": {"angle": 0, "axis": "y", "origin": [8.0119, 19.997, 8]},
			"faces": {
				"north": {"uv": [9, 3, 9.5, 6], "texture": "#1"},
				"east": {"uv": [9, 3, 12, 6], "texture": "#1"},
				"south": {"uv": [11.5, 3, 12, 6], "texture": "#1"},
				"west": {"uv": [9, 3, 12, 6], "texture": "#1"},
				"up": {"uv": [12, 3, 9, 3.5], "rotation": 270, "texture": "#1"},
				"down": {"uv": [9, 5.5, 12, 6], "rotation": 270, "texture": "#1"}
			}
		},
		{
			"from": [1.10159, 14.32441, 6.5],
			"to": [1.60159, 17.32441, 9.5],
			"rotation": {"angle": -22.5, "axis": "z", "origin": [8.0119, 19.997, 8]},
			"faces": {
				"north": {"uv": [5, 3, 5.5, 6], "texture": "#1"},
				"east": {"uv": [5, 3, 8, 6], "texture": "#1"},
				"south": {"uv": [7.5, 3, 8, 6], "texture": "#1"},
				"west": {"uv": [5, 3, 8, 6], "texture": "#1"},
				"up": {"uv": [8, 3, 5, 3.5], "rotation": 270, "texture": "#1"},
				"down": {"uv": [5, 5.5, 8, 6], "rotation": 270, "texture": "#1"}
			}
		},
		{
			"from": [6.5119, 14.63774, 16.03055],
			"to": [9.5119, 17.63774, 16.53055],
			"rotation": {"angle": -45, "axis": "y", "origin": [7.97857, 20.71883, 8.04762]},
			"faces": {
				"north": {"uv": [5, 3, 8, 6], "texture": "#1"},
				"east": {"uv": [7.5, 3, 8, 6], "texture": "#1"},
				"south": {"uv": [5, 3, 8, 6], "texture": "#1"},
				"west": {"uv": [5, 3, 5.5, 6], "texture": "#1"},
				"up": {"uv": [8, 3, 5, 3.5], "rotation": 180, "texture": "#1"},
				"down": {"uv": [5, 5.5, 8, 6], "texture": "#1"}
			}
		},
		{
			"from": [3.5119, 15.63774, 14.13055],
			"to": [6.5119, 18.63774, 14.63055],
			"rotation": {"angle": 0, "axis": "y", "origin": [7.97857, 20.71883, 8.04762]},
			"faces": {
				"north": {"uv": [9, 3, 12, 6], "texture": "#1"},
				"east": {"uv": [11.5, 3, 12, 6], "texture": "#1"},
				"south": {"uv": [9, 3, 12, 6], "texture": "#1"},
				"west": {"uv": [9, 3, 9.5, 6], "texture": "#1"},
				"up": {"uv": [12, 3, 9, 3.5], "rotation": 180, "texture": "#1"},
				"down": {"uv": [9, 5.5, 12, 6], "texture": "#1"}
			}
		},
		{
			"from": [4.5119, 14.33774, 15.13055],
			"to": [7.5119, 17.33774, 15.63055],
			"rotation": {"angle": -22.5, "axis": "x", "origin": [6.0119, 15.83774, 15.38055]},
			"faces": {
				"north": {"uv": [5, 3, 8, 6], "texture": "#1"},
				"east": {"uv": [7.5, 3, 8, 6], "texture": "#1"},
				"south": {"uv": [5, 3, 8, 6], "texture": "#1"},
				"west": {"uv": [5, 3, 5.5, 6], "texture": "#1"},
				"up": {"uv": [8, 3, 5, 3.5], "rotation": 180, "texture": "#1"},
				"down": {"uv": [5, 5.5, 8, 6], "texture": "#1"}
			}
		},
		{
			"from": [8.5119, 14.33774, 15.33055],
			"to": [11.5119, 17.33774, 15.83055],
			"rotation": {"angle": -22.5, "axis": "x", "origin": [10.0119, 15.83774, 15.38055]},
			"faces": {
				"north": {"uv": [5, 3, 8, 6], "texture": "#1"},
				"east": {"uv": [7.5, 3, 8, 6], "texture": "#1"},
				"south": {"uv": [5, 3, 8, 6], "texture": "#1"},
				"west": {"uv": [5, 3, 5.5, 6], "texture": "#1"},
				"up": {"uv": [8, 3, 5, 3.5], "rotation": 180, "texture": "#1"},
				"down": {"uv": [5, 5.5, 8, 6], "texture": "#1"}
			}
		},
		{
			"from": [6.5119, 17.03774, 15.53055],
			"to": [9.5119, 20.03774, 16.03055],
			"rotation": {"angle": -22.5, "axis": "x", "origin": [8.0119, 18.53774, 15.38055]},
			"faces": {
				"north": {"uv": [5, 3, 8, 6], "texture": "#1"},
				"east": {"uv": [7.5, 3, 8, 6], "texture": "#1"},
				"south": {"uv": [5, 3, 8, 6], "texture": "#1"},
				"west": {"uv": [5, 3, 5.5, 6], "texture": "#1"},
				"up": {"uv": [8, 3, 5, 3.5], "rotation": 180, "texture": "#1"},
				"down": {"uv": [5, 5.5, 8, 6], "texture": "#1"}
			}
		},
		{
			"from": [9.5119, 15.63774, 14.13055],
			"to": [12.5119, 18.63774, 14.63055],
			"rotation": {"angle": 0, "axis": "y", "origin": [7.97857, 20.71883, 8.04762]},
			"faces": {
				"north": {"uv": [9, 3, 12, 6], "texture": "#1"},
				"east": {"uv": [11.5, 3, 12, 6], "texture": "#1"},
				"south": {"uv": [9, 3, 12, 6], "texture": "#1"},
				"west": {"uv": [9, 3, 9.5, 6], "texture": "#1"},
				"up": {"uv": [12, 3, 9, 3.5], "rotation": 180, "texture": "#1"},
				"down": {"uv": [9, 5.5, 12, 6], "texture": "#1"}
			}
		},
		{
			"from": [3.2, 0, 3.2],
			"to": [12.8, 6.4, 12.8],
			"rotation": {"angle": 0, "axis": "y", "origin": [1.6, 0, 1.6]},
			"faces": {
				"north": {"uv": [4.66667, 6.66667, 8.66667, 9.33333], "texture": "#0"},
				"east": {"uv": [4.66667, 6.66667, 8.66667, 9.33333], "texture": "#0"},
				"south": {"uv": [4.66667, 6.66667, 8.66667, 9.33333], "texture": "#0"},
				"west": {"uv": [4.66667, 6.66667, 8.66667, 9.33333], "texture": "#0"},
				"down": {"uv": [4.33333, 4.66667, 0.33333, 8.66667], "texture": "#0"}
			}
		},
		{
			"from": [2.4, 6.4, 2.4],
			"to": [13.6, 9.6, 13.6],
			"rotation": {"angle": 0, "axis": "y", "origin": [1.6, 0, 1.6]},
			"faces": {
				"north": {"uv": [8.66667, 6.66667, 13.33333, 8], "texture": "#0"},
				"east": {"uv": [8.66667, 6.66667, 13.33333, 8], "texture": "#0"},
				"south": {"uv": [8.66667, 6.66667, 13.33333, 8], "texture": "#0"},
				"west": {"uv": [8.66667, 6.66667, 13.33333, 8], "texture": "#0"},
				"up": {"uv": [4.66667, 4.66667, 0, 0], "texture": "#0"},
				"down": {"uv": [4.66667, 4.66667, 0, 9.33333], "texture": "#0"}
			}
		},
		{
			"from": [4.2523, 17.6955, 1],
			"to": [4.7023, 19.4955, 4.6],
			"rotation": {"angle": -45, "axis": "z", "origin": [4.4773, 18.5955, 2.8]},
			"faces": {
				"north": {"uv": [8, 8.45, 10, 8], "rotation": 90, "texture": "#1"},
				"east": {"uv": [8, 12, 10, 8], "rotation": 90, "texture": "#1"},
				"south": {"uv": [8, 8.45, 10, 8], "rotation": 90, "texture": "#1"},
				"west": {"uv": [8, 12, 10, 8], "rotation": 90, "texture": "#1"},
				"up": {"uv": [8, 11.95, 8.5, 8], "texture": "#1"},
				"down": {"uv": [8, 12, 10, 8], "rotation": 90, "texture": "#1"}
			}
		},
		{
			"from": [12, 19.30579, 11.36471],
			"to": [15.6, 21.10579, 11.81471],
			"rotation": {"angle": -45, "axis": "x", "origin": [13.8, 18.5955, 13.2]},
			"faces": {
				"north": {"uv": [8, 8, 10, 12], "rotation": 90, "texture": "#1"},
				"east": {"uv": [8, 8, 10, 8.45], "rotation": 90, "texture": "#1"},
				"south": {"uv": [8, 8, 10, 12], "rotation": 90, "texture": "#1"},
				"west": {"uv": [8, 8, 10, 8.45], "rotation": 90, "texture": "#1"},
				"up": {"uv": [8.5, 11.95, 8, 8], "rotation": 90, "texture": "#1"},
				"down": {"uv": [8, 8, 10, 12], "texture": "#1"}
			}
		},
		{
			"from": [12, 19.30579, 14.58529],
			"to": [15.6, 21.10579, 15.03529],
			"rotation": {"angle": 45, "axis": "x", "origin": [13.8, 18.5955, 13.2]},
			"faces": {
				"north": {"uv": [8, 12, 10, 8], "rotation": 90, "texture": "#1"},
				"east": {"uv": [8, 8.45, 10, 8], "rotation": 90, "texture": "#1"},
				"south": {"uv": [8, 12, 10, 8], "rotation": 90, "texture": "#1"},
				"west": {"uv": [8, 8.45, 10, 8], "rotation": 90, "texture": "#1"},
				"up": {"uv": [8, 11.95, 8.5, 8], "rotation": 90, "texture": "#1"},
				"down": {"uv": [8, 12, 10, 8], "texture": "#1"}
			}
		},
		{
			"from": [11.2977, 17.6955, 11.4],
			"to": [11.7477, 19.4955, 15],
			"rotation": {"angle": 45, "axis": "z", "origin": [11.5227, 18.5955, 13.2]},
			"faces": {
				"north": {"uv": [8, 8, 10, 8.45], "rotation": 90, "texture": "#1"},
				"east": {"uv": [8, 8, 10, 12], "rotation": 90, "texture": "#1"},
				"south": {"uv": [8, 8, 10, 8.45], "rotation": 90, "texture": "#1"},
				"west": {"uv": [8, 8, 10, 12], "rotation": 90, "texture": "#1"},
				"up": {"uv": [8.5, 11.95, 8, 8], "texture": "#1"},
				"down": {"uv": [8, 8, 10, 12], "rotation": 90, "texture": "#1"}
			}
		},
		{
			"from": [12, 17.8, 11.4],
			"to": [15.6, 19.6, 15],
			"rotation": {"angle": 0, "axis": "y", "origin": [12, 2.5, 11.4]},
			"faces": {
				"north": {"uv": [8, 8, 10, 12], "rotation": 90, "texture": "#1"},
				"east": {"uv": [8, 8, 10, 12], "rotation": 90, "texture": "#1"},
				"south": {"uv": [3, 13, 7, 15], "texture": "#1"},
				"west": {"uv": [3, 13, 7, 15], "texture": "#1"},
				"up": {"uv": [3, 8, 7, 12], "texture": "#1"},
				"down": {"uv": [3, 8, 7, 12], "texture": "#1"}
			}
		},
		{
			"from": [12.9, 19.6, 12.3],
			"to": [14.7, 20.05, 14.1],
			"rotation": {"angle": 0, "axis": "y", "origin": [12, 2.5, 11.4]},
			"faces": {
				"north": {"uv": [4, 9, 5, 11], "rotation": 90, "texture": "#1"},
				"east": {"uv": [6, 10, 4, 11], "texture": "#1"},
				"south": {"uv": [6, 11, 5, 9], "rotation": 90, "texture": "#1"},
				"west": {"uv": [4, 9, 6, 10], "texture": "#1"},
				"up": {"uv": [4, 9, 6, 11], "texture": "#1"},
				"down": {"uv": [0, 0, 0, 0], "texture": "#1"}
			}
		},
		{
			"from": [15.8523, 17.6955, 11.4],
			"to": [16.3023, 19.4955, 15],
			"rotation": {"angle": -45, "axis": "z", "origin": [16.0773, 18.5955, 13.2]},
			"faces": {
				"north": {"uv": [8, 8.45, 10, 8], "rotation": 90, "texture": "#1"},
				"east": {"uv": [8, 12, 10, 8], "rotation": 90, "texture": "#1"},
				"south": {"uv": [8, 8.45, 10, 8], "rotation": 90, "texture": "#1"},
				"west": {"uv": [8, 12, 10, 8], "rotation": 90, "texture": "#1"},
				"up": {"uv": [8, 11.95, 8.5, 8], "texture": "#1"},
				"down": {"uv": [8, 12, 10, 8], "rotation": 90, "texture": "#1"}
			}
		},
		{
			"from": [9.7, 24.80579, 3.36471],
			"to": [13.3, 26.60579, 3.81471],
			"rotation": {"angle": -45, "axis": "x", "origin": [11.5, 24.0955, 5.2]},
			"faces": {
				"north": {"uv": [8, 8, 10, 12], "rotation": 90, "texture": "#1"},
				"east": {"uv": [8, 8, 10, 8.45], "rotation": 90, "texture": "#1"},
				"south": {"uv": [8, 8, 10, 12], "rotation": 90, "texture": "#1"},
				"west": {"uv": [8, 8, 10, 8.45], "rotation": 90, "texture": "#1"},
				"up": {"uv": [8.5, 11.95, 8, 8], "rotation": 90, "texture": "#1"},
				"down": {"uv": [8, 8, 10, 12], "texture": "#1"}
			}
		},
		{
			"from": [9.7, 24.80579, 6.58529],
			"to": [13.3, 26.60579, 7.03529],
			"rotation": {"angle": 45, "axis": "x", "origin": [11.5, 24.0955, 5.2]},
			"faces": {
				"north": {"uv": [8, 12, 10, 8], "rotation": 90, "texture": "#1"},
				"east": {"uv": [8, 8.45, 10, 8], "rotation": 90, "texture": "#1"},
				"south": {"uv": [8, 12, 10, 8], "rotation": 90, "texture": "#1"},
				"west": {"uv": [8, 8.45, 10, 8], "rotation": 90, "texture": "#1"},
				"up": {"uv": [8, 11.95, 8.5, 8], "rotation": 90, "texture": "#1"},
				"down": {"uv": [8, 12, 10, 8], "texture": "#1"}
			}
		},
		{
			"from": [8.9977, 23.1955, 3.4],
			"to": [9.4477, 24.9955, 7],
			"rotation": {"angle": 45, "axis": "z", "origin": [9.2227, 24.0955, 5.2]},
			"faces": {
				"north": {"uv": [8, 8, 10, 8.45], "rotation": 90, "texture": "#1"},
				"east": {"uv": [8, 8, 10, 12], "rotation": 90, "texture": "#1"},
				"south": {"uv": [8, 8, 10, 8.45], "rotation": 90, "texture": "#1"},
				"west": {"uv": [8, 8, 10, 12], "rotation": 90, "texture": "#1"},
				"up": {"uv": [8.5, 11.95, 8, 8], "texture": "#1"},
				"down": {"uv": [8, 8, 10, 12], "rotation": 90, "texture": "#1"}
			}
		},
		{
			"from": [9.7, 23.3, 3.4],
			"to": [13.3, 25.1, 7],
			"rotation": {"angle": 0, "axis": "y", "origin": [9.7, 8, 3.4]},
			"faces": {
				"north": {"uv": [8, 8, 10, 12], "rotation": 90, "texture": "#1"},
				"east": {"uv": [8, 8, 10, 12], "rotation": 90, "texture": "#1"},
				"south": {"uv": [3, 13, 7, 15], "texture": "#1"},
				"west": {"uv": [3, 13, 7, 15], "texture": "#1"},
				"up": {"uv": [3, 8, 7, 12], "texture": "#1"},
				"down": {"uv": [3, 8, 7, 12], "texture": "#1"}
			}
		},
		{
			"from": [10.6, 25.1, 4.3],
			"to": [12.4, 25.55, 6.1],
			"rotation": {"angle": 0, "axis": "y", "origin": [9.7, 8, 3.4]},
			"faces": {
				"north": {"uv": [4, 9, 5, 11], "rotation": 90, "texture": "#1"},
				"east": {"uv": [6, 10, 4, 11], "texture": "#1"},
				"south": {"uv": [6, 11, 5, 9], "rotation": 90, "texture": "#1"},
				"west": {"uv": [4, 9, 6, 10], "texture": "#1"},
				"up": {"uv": [4, 9, 6, 11], "texture": "#1"},
				"down": {"uv": [0, 0, 0, 0], "texture": "#1"}
			}
		},
		{
			"from": [13.5523, 23.1955, 3.4],
			"to": [14.0023, 24.9955, 7],
			"rotation": {"angle": -45, "axis": "z", "origin": [13.7773, 24.0955, 5.2]},
			"faces": {
				"north": {"uv": [8, 8.45, 10, 8], "rotation": 90, "texture": "#1"},
				"east": {"uv": [8, 12, 10, 8], "rotation": 90, "texture": "#1"},
				"south": {"uv": [8, 8.45, 10, 8], "rotation": 90, "texture": "#1"},
				"west": {"uv": [8, 12, 10, 8], "rotation": 90, "texture": "#1"},
				"up": {"uv": [8, 11.95, 8.5, 8], "texture": "#1"},
				"down": {"uv": [8, 12, 10, 8], "rotation": 90, "texture": "#1"}
			}
		},
		{
			"from": [0.3, 22.80579, 5.86471],
			"to": [3.9, 24.60579, 6.31471],
			"rotation": {"angle": -45, "axis": "x", "origin": [2.1, 22.0955, 7.7]},
			"faces": {
				"north": {"uv": [8, 8, 10, 12], "rotation": 90, "texture": "#1"},
				"east": {"uv": [8, 8, 10, 8.45], "rotation": 90, "texture": "#1"},
				"south": {"uv": [8, 8, 10, 12], "rotation": 90, "texture": "#1"},
				"west": {"uv": [8, 8, 10, 8.45], "rotation": 90, "texture": "#1"},
				"up": {"uv": [8.5, 11.95, 8, 8], "rotation": 90, "texture": "#1"},
				"down": {"uv": [8, 8, 10, 12], "texture": "#1"}
			}
		},
		{
			"from": [0.3, 22.80579, 9.08529],
			"to": [3.9, 24.60579, 9.53529],
			"rotation": {"angle": 45, "axis": "x", "origin": [2.1, 22.0955, 7.7]},
			"faces": {
				"north": {"uv": [8, 12, 10, 8], "rotation": 90, "texture": "#1"},
				"east": {"uv": [8, 8.45, 10, 8], "rotation": 90, "texture": "#1"},
				"south": {"uv": [8, 12, 10, 8], "rotation": 90, "texture": "#1"},
				"west": {"uv": [8, 8.45, 10, 8], "rotation": 90, "texture": "#1"},
				"up": {"uv": [8, 11.95, 8.5, 8], "rotation": 90, "texture": "#1"},
				"down": {"uv": [8, 12, 10, 8], "texture": "#1"}
			}
		},
		{
			"from": [-0.4023, 21.1955, 5.9],
			"to": [0.0477, 22.9955, 9.5],
			"rotation": {"angle": 45, "axis": "z", "origin": [-0.1773, 22.0955, 7.7]},
			"faces": {
				"north": {"uv": [8, 8, 10, 8.45], "rotation": 90, "texture": "#1"},
				"east": {"uv": [8, 8, 10, 12], "rotation": 90, "texture": "#1"},
				"south": {"uv": [8, 8, 10, 8.45], "rotation": 90, "texture": "#1"},
				"west": {"uv": [8, 8, 10, 12], "rotation": 90, "texture": "#1"},
				"up": {"uv": [8.5, 11.95, 8, 8], "texture": "#1"},
				"down": {"uv": [8, 8, 10, 12], "rotation": 90, "texture": "#1"}
			}
		},
		{
			"from": [0.3, 21.3, 5.9],
			"to": [3.9, 23.1, 9.5],
			"rotation": {"angle": 0, "axis": "y", "origin": [0.3, 6, 5.9]},
			"faces": {
				"north": {"uv": [8, 8, 10, 12], "rotation": 90, "texture": "#1"},
				"east": {"uv": [8, 8, 10, 12], "rotation": 90, "texture": "#1"},
				"south": {"uv": [3, 13, 7, 15], "texture": "#1"},
				"west": {"uv": [3, 13, 7, 15], "texture": "#1"},
				"up": {"uv": [3, 8, 7, 12], "texture": "#1"},
				"down": {"uv": [3, 8, 7, 12], "texture": "#1"}
			}
		},
		{
			"from": [1.2, 23.1, 6.8],
			"to": [3, 23.55, 8.6],
			"rotation": {"angle": 0, "axis": "y", "origin": [0.3, 6, 5.9]},
			"faces": {
				"north": {"uv": [4, 9, 5, 11], "rotation": 90, "texture": "#1"},
				"east": {"uv": [6, 10, 4, 11], "texture": "#1"},
				"south": {"uv": [6, 11, 5, 9], "rotation": 90, "texture": "#1"},
				"west": {"uv": [4, 9, 6, 10], "texture": "#1"},
				"up": {"uv": [4, 9, 6, 11], "texture": "#1"},
				"down": {"uv": [0, 0, 0, 0], "texture": "#1"}
			}
		},
		{
			"from": [4.1523, 21.1955, 5.9],
			"to": [4.6023, 22.9955, 9.5],
			"rotation": {"angle": -45, "axis": "z", "origin": [4.3773, 22.0955, 7.7]},
			"faces": {
				"north": {"uv": [8, 8.45, 10, 8], "rotation": 90, "texture": "#1"},
				"east": {"uv": [8, 12, 10, 8], "rotation": 90, "texture": "#1"},
				"south": {"uv": [8, 8.45, 10, 8], "rotation": 90, "texture": "#1"},
				"west": {"uv": [8, 12, 10, 8], "rotation": 90, "texture": "#1"},
				"up": {"uv": [8, 11.95, 8.5, 8], "texture": "#1"},
				"down": {"uv": [8, 12, 10, 8], "rotation": 90, "texture": "#1"}
			}
		},
		{
			"from": [0.4, 19.30579, 11.36471],
			"to": [4, 21.10579, 11.81471],
			"rotation": {"angle": -45, "axis": "x", "origin": [2.2, 18.5955, 13.2]},
			"faces": {
				"north": {"uv": [8, 8, 10, 12], "rotation": 90, "texture": "#1"},
				"east": {"uv": [8, 8, 10, 8.45], "rotation": 90, "texture": "#1"},
				"south": {"uv": [8, 8, 10, 12], "rotation": 90, "texture": "#1"},
				"west": {"uv": [8, 8, 10, 8.45], "rotation": 90, "texture": "#1"},
				"up": {"uv": [8.5, 11.95, 8, 8], "rotation": 90, "texture": "#1"},
				"down": {"uv": [8, 8, 10, 12], "texture": "#1"}
			}
		},
		{
			"from": [0.4, 19.30579, 14.58529],
			"to": [4, 21.10579, 15.03529],
			"rotation": {"angle": 45, "axis": "x", "origin": [2.2, 18.5955, 13.2]},
			"faces": {
				"north": {"uv": [8, 12, 10, 8], "rotation": 90, "texture": "#1"},
				"east": {"uv": [8, 8.45, 10, 8], "rotation": 90, "texture": "#1"},
				"south": {"uv": [8, 12, 10, 8], "rotation": 90, "texture": "#1"},
				"west": {"uv": [8, 8.45, 10, 8], "rotation": 90, "texture": "#1"},
				"up": {"uv": [8, 11.95, 8.5, 8], "rotation": 90, "texture": "#1"},
				"down": {"uv": [8, 12, 10, 8], "texture": "#1"}
			}
		},
		{
			"from": [-0.3023, 17.6955, 11.4],
			"to": [0.1477, 19.4955, 15],
			"rotation": {"angle": 45, "axis": "z", "origin": [-0.0773, 18.5955, 13.2]},
			"faces": {
				"north": {"uv": [8, 8, 10, 8.45], "rotation": 90, "texture": "#1"},
				"east": {"uv": [8, 8, 10, 12], "rotation": 90, "texture": "#1"},
				"south": {"uv": [8, 8, 10, 8.45], "rotation": 90, "texture": "#1"},
				"west": {"uv": [8, 8, 10, 12], "rotation": 90, "texture": "#1"},
				"up": {"uv": [8.5, 11.95, 8, 8], "texture": "#1"},
				"down": {"uv": [8, 8, 10, 12], "rotation": 90, "texture": "#1"}
			}
		},
		{
			"from": [0.4, 17.8, 11.4],
			"to": [4, 19.6, 15],
			"rotation": {"angle": 0, "axis": "y", "origin": [0.4, 2.5, 11.4]},
			"faces": {
				"north": {"uv": [8, 8, 10, 12], "rotation": 90, "texture": "#1"},
				"east": {"uv": [8, 8, 10, 12], "rotation": 90, "texture": "#1"},
				"south": {"uv": [3, 13, 7, 15], "texture": "#1"},
				"west": {"uv": [3, 13, 7, 15], "texture": "#1"},
				"up": {"uv": [3, 8, 7, 12], "texture": "#1"},
				"down": {"uv": [3, 8, 7, 12], "texture": "#1"}
			}
		},
		{
			"from": [1.3, 19.6, 12.3],
			"to": [3.1, 20.05, 14.1],
			"rotation": {"angle": 0, "axis": "y", "origin": [0.4, 2.5, 11.4]},
			"faces": {
				"north": {"uv": [4, 9, 5, 11], "rotation": 90, "texture": "#1"},
				"east": {"uv": [6, 10, 4, 11], "texture": "#1"},
				"south": {"uv": [6, 11, 5, 9], "rotation": 90, "texture": "#1"},
				"west": {"uv": [4, 9, 6, 10], "texture": "#1"},
				"up": {"uv": [4, 9, 6, 11], "texture": "#1"},
				"down": {"uv": [0, 0, 0, 0], "texture": "#1"}
			}
		},
		{
			"from": [4.2523, 17.6955, 11.4],
			"to": [4.7023, 19.4955, 15],
			"rotation": {"angle": -45, "axis": "z", "origin": [4.4773, 18.5955, 13.2]},
			"faces": {
				"north": {"uv": [8, 8.45, 10, 8], "rotation": 90, "texture": "#1"},
				"east": {"uv": [8, 12, 10, 8], "rotation": 90, "texture": "#1"},
				"south": {"uv": [8, 8.45, 10, 8], "rotation": 90, "texture": "#1"},
				"west": {"uv": [8, 12, 10, 8], "rotation": 90, "texture": "#1"},
				"up": {"uv": [8, 11.95, 8.5, 8], "texture": "#1"},
				"down": {"uv": [8, 12, 10, 8], "rotation": 90, "texture": "#1"}
			}
		},
		{
			"from": [6.2, 23.20579, 11.96471],
			"to": [9.8, 25.00579, 12.41471],
			"rotation": {"angle": -45, "axis": "x", "origin": [8, 22.4955, 13.8]},
			"faces": {
				"north": {"uv": [8, 8, 10, 12], "rotation": 90, "texture": "#1"},
				"east": {"uv": [8, 8, 10, 8.45], "rotation": 90, "texture": "#1"},
				"south": {"uv": [8, 8, 10, 12], "rotation": 90, "texture": "#1"},
				"west": {"uv": [8, 8, 10, 8.45], "rotation": 90, "texture": "#1"},
				"up": {"uv": [8.5, 11.95, 8, 8], "rotation": 90, "texture": "#1"},
				"down": {"uv": [8, 8, 10, 12], "texture": "#1"}
			}
		},
		{
			"from": [6.2, 23.20579, 15.18529],
			"to": [9.8, 25.00579, 15.63529],
			"rotation": {"angle": 45, "axis": "x", "origin": [8, 22.4955, 13.8]},
			"faces": {
				"north": {"uv": [8, 12, 10, 8], "rotation": 90, "texture": "#1"},
				"east": {"uv": [8, 8.45, 10, 8], "rotation": 90, "texture": "#1"},
				"south": {"uv": [8, 12, 10, 8], "rotation": 90, "texture": "#1"},
				"west": {"uv": [8, 8.45, 10, 8], "rotation": 90, "texture": "#1"},
				"up": {"uv": [8, 11.95, 8.5, 8], "rotation": 90, "texture": "#1"},
				"down": {"uv": [8, 12, 10, 8], "texture": "#1"}
			}
		},
		{
			"from": [5.4977, 21.5955, 12],
			"to": [5.9477, 23.3955, 15.6],
			"rotation": {"angle": 45, "axis": "z", "origin": [5.7227, 22.4955, 13.8]},
			"faces": {
				"north": {"uv": [8, 8, 10, 8.45], "rotation": 90, "texture": "#1"},
				"east": {"uv": [8, 8, 10, 12], "rotation": 90, "texture": "#1"},
				"south": {"uv": [8, 8, 10, 8.45], "rotation": 90, "texture": "#1"},
				"west": {"uv": [8, 8, 10, 12], "rotation": 90, "texture": "#1"},
				"up": {"uv": [8.5, 11.95, 8, 8], "texture": "#1"},
				"down": {"uv": [8, 8, 10, 12], "rotation": 90, "texture": "#1"}
			}
		},
		{
			"from": [6.2, 21.7, 12],
			"to": [9.8, 23.5, 15.6],
			"rotation": {"angle": 0, "axis": "y", "origin": [6.2, 6.4, 12]},
			"faces": {
				"north": {"uv": [8, 8, 10, 12], "rotation": 90, "texture": "#1"},
				"east": {"uv": [8, 8, 10, 12], "rotation": 90, "texture": "#1"},
				"south": {"uv": [3, 13, 7, 15], "texture": "#1"},
				"west": {"uv": [3, 13, 7, 15], "texture": "#1"},
				"up": {"uv": [3, 8, 7, 12], "texture": "#1"},
				"down": {"uv": [3, 8, 7, 12], "texture": "#1"}
			}
		},
		{
			"from": [7.1, 23.5, 12.9],
			"to": [8.9, 23.95, 14.7],
			"rotation": {"angle": 0, "axis": "y", "origin": [6.2, 6.4, 12]},
			"faces": {
				"north": {"uv": [4, 9, 5, 11], "rotation": 90, "texture": "#1"},
				"east": {"uv": [6, 10, 4, 11], "texture": "#1"},
				"south": {"uv": [6, 11, 5, 9], "rotation": 90, "texture": "#1"},
				"west": {"uv": [4, 9, 6, 10], "texture": "#1"},
				"up": {"uv": [4, 9, 6, 11], "texture": "#1"},
				"down": {"uv": [0, 0, 0, 0], "texture": "#1"}
			}
		},
		{
			"from": [10.0523, 21.5955, 12],
			"to": [10.5023, 23.3955, 15.6],
			"rotation": {"angle": -45, "axis": "z", "origin": [10.2773, 22.4955, 13.8]},
			"faces": {
				"north": {"uv": [8, 8.45, 10, 8], "rotation": 90, "texture": "#1"},
				"east": {"uv": [8, 12, 10, 8], "rotation": 90, "texture": "#1"},
				"south": {"uv": [8, 8.45, 10, 8], "rotation": 90, "texture": "#1"},
				"west": {"uv": [8, 12, 10, 8], "rotation": 90, "texture": "#1"},
				"up": {"uv": [8, 11.95, 8.5, 8], "texture": "#1"},
				"down": {"uv": [8, 12, 10, 8], "rotation": 90, "texture": "#1"}
			}
		},
		{
			"from": [12, 19.30579, 0.96471],
			"to": [15.6, 21.10579, 1.41471],
			"rotation": {"angle": -45, "axis": "x", "origin": [13.8, 18.5955, 2.8]},
			"faces": {
				"north": {"uv": [8, 8, 10, 12], "rotation": 90, "texture": "#1"},
				"east": {"uv": [8, 8, 10, 8.45], "rotation": 90, "texture": "#1"},
				"south": {"uv": [8, 8, 10, 12], "rotation": 90, "texture": "#1"},
				"west": {"uv": [8, 8, 10, 8.45], "rotation": 90, "texture": "#1"},
				"up": {"uv": [8.5, 11.95, 8, 8], "rotation": 90, "texture": "#1"},
				"down": {"uv": [8, 8, 10, 12], "texture": "#1"}
			}
		},
		{
			"from": [12, 19.30579, 4.18529],
			"to": [15.6, 21.10579, 4.63529],
			"rotation": {"angle": 45, "axis": "x", "origin": [13.8, 18.5955, 2.8]},
			"faces": {
				"north": {"uv": [8, 12, 10, 8], "rotation": 90, "texture": "#1"},
				"east": {"uv": [8, 8.45, 10, 8], "rotation": 90, "texture": "#1"},
				"south": {"uv": [8, 12, 10, 8], "rotation": 90, "texture": "#1"},
				"west": {"uv": [8, 8.45, 10, 8], "rotation": 90, "texture": "#1"},
				"up": {"uv": [8, 11.95, 8.5, 8], "rotation": 90, "texture": "#1"},
				"down": {"uv": [8, 12, 10, 8], "texture": "#1"}
			}
		},
		{
			"from": [11.2977, 17.6955, 1],
			"to": [11.7477, 19.4955, 4.6],
			"rotation": {"angle": 45, "axis": "z", "origin": [11.5227, 18.5955, 2.8]},
			"faces": {
				"north": {"uv": [8, 8, 10, 8.45], "rotation": 90, "texture": "#1"},
				"east": {"uv": [8, 8, 10, 12], "rotation": 90, "texture": "#1"},
				"south": {"uv": [8, 8, 10, 8.45], "rotation": 90, "texture": "#1"},
				"west": {"uv": [8, 8, 10, 12], "rotation": 90, "texture": "#1"},
				"up": {"uv": [8.5, 11.95, 8, 8], "texture": "#1"},
				"down": {"uv": [8, 8, 10, 12], "rotation": 90, "texture": "#1"}
			}
		},
		{
			"from": [12, 17.8, 1],
			"to": [15.6, 19.6, 4.6],
			"rotation": {"angle": 0, "axis": "y", "origin": [12, 2.5, 1]},
			"faces": {
				"north": {"uv": [8, 8, 10, 12], "rotation": 90, "texture": "#1"},
				"east": {"uv": [8, 8, 10, 12], "rotation": 90, "texture": "#1"},
				"south": {"uv": [3, 13, 7, 15], "texture": "#1"},
				"west": {"uv": [3, 13, 7, 15], "texture": "#1"},
				"up": {"uv": [3, 8, 7, 12], "texture": "#1"},
				"down": {"uv": [3, 8, 7, 12], "texture": "#1"}
			}
		},
		{
			"from": [12.9, 19.6, 1.9],
			"to": [14.7, 20.05, 3.7],
			"rotation": {"angle": 0, "axis": "y", "origin": [12, 2.5, 1]},
			"faces": {
				"north": {"uv": [4, 9, 5, 11], "rotation": 90, "texture": "#1"},
				"east": {"uv": [6, 10, 4, 11], "texture": "#1"},
				"south": {"uv": [6, 11, 5, 9], "rotation": 90, "texture": "#1"},
				"west": {"uv": [4, 9, 6, 10], "texture": "#1"},
				"up": {"uv": [4, 9, 6, 11], "texture": "#1"},
				"down": {"uv": [0, 0, 0, 0], "texture": "#1"}
			}
		},
		{
			"from": [15.8523, 17.6955, 1],
			"to": [16.3023, 19.4955, 4.6],
			"rotation": {"angle": -45, "axis": "z", "origin": [16.0773, 18.5955, 2.8]},
			"faces": {
				"north": {"uv": [8, 8.45, 10, 8], "rotation": 90, "texture": "#1"},
				"east": {"uv": [8, 12, 10, 8], "rotation": 90, "texture": "#1"},
				"south": {"uv": [8, 8.45, 10, 8], "rotation": 90, "texture": "#1"},
				"west": {"uv": [8, 12, 10, 8], "rotation": 90, "texture": "#1"},
				"up": {"uv": [8, 11.95, 8.5, 8], "texture": "#1"},
				"down": {"uv": [8, 12, 10, 8], "rotation": 90, "texture": "#1"}
			}
		},
		{
			"from": [1.3, 19.6, 1.9],
			"to": [3.1, 20.05, 3.7],
			"rotation": {"angle": 0, "axis": "y", "origin": [0.4, 2.5, 1]},
			"faces": {
				"north": {"uv": [4, 9, 5, 11], "rotation": 90, "texture": "#1"},
				"east": {"uv": [6, 10, 4, 11], "texture": "#1"},
				"south": {"uv": [6, 11, 5, 9], "rotation": 90, "texture": "#1"},
				"west": {"uv": [4, 9, 6, 10], "texture": "#1"},
				"up": {"uv": [4, 9, 6, 11], "texture": "#1"},
				"down": {"uv": [0, 0, 0, 0], "texture": "#1"}
			}
		},
		{
			"from": [0.4, 17.8, 1],
			"to": [4, 19.6, 4.6],
			"rotation": {"angle": 0, "axis": "y", "origin": [0.4, 2.5, 1]},
			"faces": {
				"north": {"uv": [8, 8, 10, 12], "rotation": 90, "texture": "#1"},
				"east": {"uv": [8, 8, 10, 12], "rotation": 90, "texture": "#1"},
				"south": {"uv": [3, 13, 7, 15], "texture": "#1"},
				"west": {"uv": [3, 13, 7, 15], "texture": "#1"},
				"up": {"uv": [3, 8, 7, 12], "texture": "#1"},
				"down": {"uv": [3, 8, 7, 12], "texture": "#1"}
			}
		},
		{
			"from": [-0.3023, 17.6955, 1],
			"to": [0.1477, 19.4955, 4.6],
			"rotation": {"angle": 45, "axis": "z", "origin": [-0.0773, 18.5955, 2.8]},
			"faces": {
				"north": {"uv": [8, 8, 10, 8.45], "rotation": 90, "texture": "#1"},
				"east": {"uv": [8, 8, 10, 12], "rotation": 90, "texture": "#1"},
				"south": {"uv": [8, 8, 10, 8.45], "rotation": 90, "texture": "#1"},
				"west": {"uv": [8, 8, 10, 12], "rotation": 90, "texture": "#1"},
				"up": {"uv": [8.5, 11.95, 8, 8], "texture": "#1"},
				"down": {"uv": [8, 8, 10, 12], "rotation": 90, "texture": "#1"}
			}
		},
		{
			"from": [0.4, 19.30579, 4.18529],
			"to": [4, 21.10579, 4.63529],
			"rotation": {"angle": 45, "axis": "x", "origin": [2.2, 18.5955, 2.8]},
			"faces": {
				"north": {"uv": [8, 12, 10, 8], "rotation": 90, "texture": "#1"},
				"east": {"uv": [8, 8.45, 10, 8], "rotation": 90, "texture": "#1"},
				"south": {"uv": [8, 12, 10, 8], "rotation": 90, "texture": "#1"},
				"west": {"uv": [8, 8.45, 10, 8], "rotation": 90, "texture": "#1"},
				"up": {"uv": [8, 11.95, 8.5, 8], "rotation": 90, "texture": "#1"},
				"down": {"uv": [8, 12, 10, 8], "texture": "#1"}
			}
		},
		{
			"from": [0.4, 19.30579, 0.96471],
			"to": [4, 21.10579, 1.41471],
			"rotation": {"angle": -45, "axis": "x", "origin": [2.2, 18.5955, 2.8]},
			"faces": {
				"north": {"uv": [8, 8, 10, 12], "rotation": 90, "texture": "#1"},
				"east": {"uv": [8, 8, 10, 8.45], "rotation": 90, "texture": "#1"},
				"south": {"uv": [8, 8, 10, 12], "rotation": 90, "texture": "#1"},
				"west": {"uv": [8, 8, 10, 8.45], "rotation": 90, "texture": "#1"},
				"up": {"uv": [8.5, 11.95, 8, 8], "rotation": 90, "texture": "#1"},
				"down": {"uv": [8, 8, 10, 12], "texture": "#1"}
			}
		},
		{
			"from": [7.5, 9.6, 10],
			"to": [9.5, 10.6, 11],
			"rotation": {"angle": 0, "axis": "y", "origin": [5.5, 9.6, 7]},
			"faces": {
				"north": {"uv": [8, 10, 10, 11], "texture": "#3"},
				"east": {"uv": [2, 11, 3, 12], "texture": "#3"},
				"south": {"uv": [10, 10, 12, 11], "texture": "#3"},
				"west": {"uv": [3, 11, 4, 12], "texture": "#3"},
				"up": {"uv": [2, 12, 0, 11], "texture": "#3"}
			}
		},
		{
			"from": [6, 9.6, 6],
			"to": [10, 11.6, 10],
			"rotation": {"angle": 0, "axis": "y", "origin": [6, 9.6, 6]},
			"faces": {
				"north": {"uv": [8, 4, 12, 6], "texture": "#3"},
				"east": {"uv": [8, 6, 12, 8], "texture": "#3"},
				"south": {"uv": [8, 8, 12, 10], "texture": "#3"},
				"west": {"uv": [0, 9, 4, 11], "texture": "#3"},
				"up": {"uv": [12, 4, 8, 0], "texture": "#3"}
			}
		},
		{
			"from": [10, 9.6, 6.5],
			"to": [11, 10.6, 8.5],
			"rotation": {"angle": 0, "axis": "y", "origin": [8, 10.1, 8]},
			"faces": {
				"north": {"uv": [2, 11, 3, 12], "texture": "#3"},
				"east": {"uv": [10, 10, 12, 11], "texture": "#3"},
				"south": {"uv": [3, 11, 4, 12], "texture": "#3"},
				"west": {"uv": [8, 10, 10, 11], "texture": "#3"},
				"up": {"uv": [0, 11, 2, 12], "rotation": 90, "texture": "#3"}
			}
		},
		{
			"from": [6.5, 9.6, 5],
			"to": [8.5, 10.6, 6],
			"rotation": {"angle": 0, "axis": "y", "origin": [10.5, 9.6, 9]},
			"faces": {
				"north": {"uv": [10, 10, 12, 11], "texture": "#3"},
				"east": {"uv": [3, 11, 4, 12], "texture": "#3"},
				"south": {"uv": [8, 10, 10, 11], "texture": "#3"},
				"west": {"uv": [2, 11, 3, 12], "texture": "#3"},
				"up": {"uv": [0, 11, 2, 12], "texture": "#3"}
			}
		},
		{
			"from": [5, 9.6, 7.5],
			"to": [6, 10.6, 9.5],
			"rotation": {"angle": 0, "axis": "y", "origin": [8, 10.1, 8]},
			"faces": {
				"north": {"uv": [3, 11, 4, 12], "texture": "#3"},
				"east": {"uv": [8, 10, 10, 11], "texture": "#3"},
				"south": {"uv": [2, 11, 3, 12], "texture": "#3"},
				"west": {"uv": [10, 10, 12, 11], "texture": "#3"},
				"up": {"uv": [2, 12, 0, 11], "rotation": 90, "texture": "#3"}
			}
		}
	],
	"groups": [
		{
			"name": "stem",
			"origin": [8, 10.5, 8],
			"color": 0,
			"children": [0, 1, 2, 3, 4, 5, 6, 7, 8]
		},
		{
			"name": "leaf",
			"origin": [7.97857, 7.11883, 8.04762],
			"color": 0,
			"children": [9, 10, 11, 12, 13, 14, 15, 16, 17, 18, 19, 20, 21, 22, 23, 24, 25, 26, 27, 28, 29, 30, 31, 32, 33, 34, 35, 36, 37, 38, 39, 40, 41, 42, 43, 44, 45, 46, 47, 48, 49, 50, 51, 52, 53, 54, 55, 56, 57, 58, 59, 60, 61, 62]
		},
		{
			"name": "pot",
			"origin": [0, 0, 0],
			"color": 0,
			"children": [63, 64]
		},
		65,
		66,
		67,
		68,
		69,
		70,
		71,
		72,
		73,
		74,
		75,
		76,
		77,
		78,
		79,
		80,
		81,
		82,
		83,
		84,
		85,
		86,
		87,
		88,
		89,
		90,
		91,
		92,
		93,
		94,
		95,
		96,
		97,
		98,
		99,
		100,
		101,
		102,
		103,
		104,
		105,
		106,
		107,
		108,
		109,
		110,
		111
	]
}