{
	"credit": "Made with Blockbench",
	"ambientocclusion": false,
	"textures": {
		"0": "block/bird/blue_bird_body_2",
		"1": "block/bird/blue_bird_head_2",
		"particle": "block/bird/blue_bird_body_2"
	},
	"elements": [
		{
			"from": [6.5, 0.1, 8],
			"to": [7.5, 0.1, 10],
			"rotation": {"angle": 0, "axis": "y", "origin": [6.5, 0.1, 8]},
			"faces": {
				"north": {"uv": [0, 0, 1, 0], "texture": "#0"},
				"east": {"uv": [0, 0, 2, 0], "texture": "#0"},
				"south": {"uv": [0, 0, 1, 0], "texture": "#0"},
				"west": {"uv": [0, 0, 2, 0], "texture": "#0"},
				"up": {"uv": [9, 5, 8, 3], "texture": "#0"},
				"down": {"uv": [8, 3, 9, 5], "texture": "#0"}
			}
		},
		{
			"from": [5.5, 2.1, 7],
			"to": [10.5, 6.1, 11],
			"rotation": {"angle": 0, "axis": "y", "origin": [6.5, 1.1, 7]},
			"faces": {
				"north": {"uv": [11, 0, 16, 4], "texture": "#0"},
				"east": {"uv": [6, 9, 10, 13], "texture": "#0"},
				"south": {"uv": [11, 4, 16, 8], "texture": "#0"},
				"west": {"uv": [6, 9, 10, 13], "texture": "#0"},
				"up": {"uv": [11, 8, 16, 12], "texture": "#0"},
				"down": {"uv": [11, 12, 16, 16], "texture": "#0"}
			}
		},
		{
			"from": [10.5, 3.1, 7.5],
			"to": [11.5, 6.1, 10.5],
			"rotation": {"angle": 0, "axis": "y", "origin": [12.5, 1.1, 7.5]},
			"faces": {
				"north": {"uv": [0, 13, 1, 16], "texture": "#0"},
				"east": {"uv": [3, 13, 0, 16], "texture": "#0"},
				"south": {"uv": [2, 13, 3, 16], "texture": "#0"},
				"up": {"uv": [0, 13, 3, 14], "rotation": 90, "texture": "#0"},
				"down": {"uv": [3, 15, 0, 16], "rotation": 90, "texture": "#0"}
			}
		},
		{
			"from": [2.58579, 4.89289, 7.5],
			"to": [5.58579, 5.89289, 10.5],
			"rotation": {"angle": 45, "axis": "z", "origin": [4.08579, 5.39289, 9]},
			"faces": {
				"north": {"uv": [4, 13, 3, 16], "rotation": 270, "texture": "#0"},
				"east": {"uv": [3, 14, 6, 13], "rotation": 180, "texture": "#0"},
				"south": {"uv": [6, 13, 5, 16], "rotation": 90, "texture": "#0"},
				"west": {"uv": [6, 16, 3, 15], "rotation": 180, "texture": "#0"},
				"up": {"uv": [3, 13, 6, 16], "rotation": 90, "texture": "#0"},
				"down": {"uv": [6, 13, 3, 16], "rotation": 90, "texture": "#0"}
			}
		},
		{
			"from": [11.41421, 3.89289, 7.5],
			"to": [12.41421, 6.89289, 10.5],
			"rotation": {"angle": 45, "axis": "z", "origin": [11.91421, 5.39289, 9]},
			"faces": {
				"north": {"uv": [3, 13, 4, 16], "texture": "#0"},
				"east": {"uv": [6, 13, 3, 16], "texture": "#0"},
				"south": {"uv": [5, 13, 6, 16], "texture": "#0"},
				"west": {"uv": [3, 13, 6, 16], "texture": "#0"},
				"up": {"uv": [3, 13, 6, 14], "rotation": 90, "texture": "#0"},
				"down": {"uv": [6, 15, 3, 16], "rotation": 90, "texture": "#0"}
			}
		},
		{
			"from": [4.5, 3.1, 7.5],
			"to": [5.5, 6.1, 10.5],
			"rotation": {"angle": 0, "axis": "y", "origin": [5, 4.6, 9]},
			"faces": {
				"north": {"uv": [1, 13, 0, 16], "texture": "#0"},
				"south": {"uv": [3, 13, 2, 16], "texture": "#0"},
				"west": {"uv": [0, 13, 3, 16], "texture": "#0"},
				"up": {"uv": [0, 14, 3, 13], "rotation": 90, "texture": "#0"},
				"down": {"uv": [3, 16, 0, 15], "rotation": 90, "texture": "#0"}
			}
		},
		{
			"from": [6.5, 0.1, 9],
			"to": [7.5, 2.1, 9],
			"rotation": {"angle": 0, "axis": "y", "origin": [6.5, 0.1, 8]},
			"faces": {
				"north": {"uv": [8, 0, 9, 2], "texture": "#0"},
				"east": {"uv": [0, 0, 0, 2], "texture": "#0"},
				"south": {"uv": [8, 0, 9, 2], "texture": "#0"},
				"west": {"uv": [0, 0, 0, 2], "texture": "#0"},
				"up": {"uv": [0, 0, 1, 0], "texture": "#0"},
				"down": {"uv": [0, 0, 1, 0], "texture": "#0"}
			}
		},
		{
			"from": [8.5, 0.1, 8],
			"to": [9.5, 0.1, 10],
			"rotation": {"angle": 0, "axis": "y", "origin": [9, 0.6, 9]},
			"faces": {
				"north": {"uv": [1, 0, 0, 0], "texture": "#0"},
				"east": {"uv": [2, 0, 0, 0], "texture": "#0"},
				"south": {"uv": [1, 0, 0, 0], "texture": "#0"},
				"west": {"uv": [2, 0, 0, 0], "texture": "#0"},
				"up": {"uv": [8, 5, 9, 3], "texture": "#0"},
				"down": {"uv": [9, 3, 8, 5], "texture": "#0"}
			}
		},
		{
			"from": [8.5, 0.1, 9],
			"to": [9.5, 2.1, 9],
			"rotation": {"angle": 0, "axis": "y", "origin": [9, 0.6, 9]},
			"faces": {
				"north": {"uv": [9, 0, 8, 2], "texture": "#0"},
				"east": {"uv": [0, 0, 0, 2], "texture": "#0"},
				"south": {"uv": [9, 0, 8, 2], "texture": "#0"},
				"west": {"uv": [0, 0, 0, 2], "texture": "#0"},
				"up": {"uv": [1, 0, 0, 0], "texture": "#0"},
				"down": {"uv": [1, 0, 0, 0], "texture": "#0"}
			}
		},
		{
			"from": [6, 5.5, 5],
			"to": [10, 9.5, 9],
			"rotation": {"angle": 0, "axis": "y", "origin": [7.54286, 7.26429, 5.71429]},
			"faces": {
				"north": {"uv": [4, 8, 0, 12], "texture": "#1"},
				"east": {"uv": [16, 12, 12, 16], "texture": "#1"},
				"south": {"uv": [4, 4, 0, 0], "texture": "#1"},
				"west": {"uv": [12, 12, 16, 16], "texture": "#1"},
				"up": {"uv": [4, 8, 0, 4], "texture": "#1"},
				"down": {"uv": [4, 16, 0, 12], "texture": "#1"}
			}
		},
		{
			"from": [7.5, 6.5, 4],
			"to": [8.5, 7.5, 5],
			"rotation": {"angle": 0, "axis": "y", "origin": [7.54286, 7.26429, 5.71429]},
			"faces": {
				"north": {"uv": [14, 0, 13, 2], "texture": "#1"},
				"east": {"uv": [14, 0, 13, 2], "texture": "#1"},
				"west": {"uv": [14, 0, 13, 2], "texture": "#1"},
				"up": {"uv": [14, 0, 13, 1], "texture": "#1"},
				"down": {"uv": [14, 1, 13, 2], "texture": "#1"}
			}
		},
		{
			"from": [7.5, 7.1, 4],
			"to": [8.5, 7.6, 5],
			"rotation": {"angle": 0, "axis": "y", "origin": [7.54286, 7.26429, 5.71429]},
			"faces": {
				"north": {"uv": [14, 2, 13, 2.5], "texture": "#1"},
				"east": {"uv": [14, 2, 13, 2.5], "texture": "#1"},
				"west": {"uv": [14, 2, 13, 2.5], "texture": "#1"},
				"up": {"uv": [14, 2, 13, 3], "texture": "#1"},
				"down": {"uv": [14, 2, 13, 3], "texture": "#1"}
			}
		},
		{
			"from": [7.5, 6.3, 4],
			"to": [8.5, 6.8, 5],
			"rotation": {"angle": 0, "axis": "y", "origin": [7.5, 5.3, 4]},
			"faces": {
				"north": {"uv": [13, 3, 14, 3.5], "texture": "#1"},
				"east": {"uv": [13, 3, 14, 3.5], "texture": "#1"},
				"west": {"uv": [13, 3, 14, 3.5], "texture": "#1"},
				"up": {"uv": [13, 3, 14, 4], "texture": "#1"},
				"down": {"uv": [13, 3, 14, 4], "texture": "#1"}
			}
		},
		{
			"from": [6, 6.01051, 5.91709],
			"to": [10, 10.01051, 9.91709],
			"rotation": {"angle": 22.5, "axis": "x", "origin": [8, 7.76051, 6.66709]},
			"faces": {
				"north": {"uv": [8, 8, 4, 12], "texture": "#1"},
				"east": {"uv": [16, 8, 12, 12], "texture": "#1"},
				"south": {"uv": [8, 4, 4, 0], "texture": "#1"},
				"west": {"uv": [12, 8, 16, 12], "texture": "#1"},
				"up": {"uv": [8, 8, 4, 4], "texture": "#1"},
				"down": {"uv": [8, 16, 4, 12], "texture": "#1"}
			}
		},
		{
			"from": [7.5, 7.01051, 4.91709],
			"to": [8.5, 8.01051, 5.91709],
			"rotation": {"angle": 22.5, "axis": "x", "origin": [8, 7.76051, 6.66709]},
			"faces": {
				"north": {"uv": [15, 0, 14, 2], "texture": "#1"},
				"east": {"uv": [15, 0, 14, 2], "texture": "#1"},
				"west": {"uv": [15, 0, 14, 2], "texture": "#1"},
				"up": {"uv": [15, 0, 14, 1], "texture": "#1"},
				"down": {"uv": [15, 1, 14, 2], "texture": "#1"}
			}
		},
		{
			"from": [6, 4.7, 5],
			"to": [10, 8.7, 9],
			"rotation": {"angle": -22.5, "axis": "x", "origin": [8, 6.45, 5.75]},
			"faces": {
				"north": {"uv": [12, 8, 8, 12], "texture": "#1"},
				"east": {"uv": [16, 4, 12, 8], "texture": "#1"},
				"south": {"uv": [12, 4, 8, 0], "texture": "#1"},
				"west": {"uv": [12, 4, 16, 8], "texture": "#1"},
				"up": {"uv": [12, 8, 8, 4], "texture": "#1"},
				"down": {"uv": [12, 16, 8, 12], "texture": "#1"}
			}
		},
		{
			"from": [7.5, 5.7, 4],
			"to": [8.5, 6.7, 5],
			"rotation": {"angle": -22.5, "axis": "x", "origin": [8, 6.45, 5.75]},
			"faces": {
				"north": {"uv": [16, 0, 15, 2], "texture": "#1"},
				"east": {"uv": [16, 0, 15, 2], "texture": "#1"},
				"west": {"uv": [16, 0, 15, 2], "texture": "#1"},
				"up": {"uv": [16, 0, 15, 1], "texture": "#1"},
				"down": {"uv": [16, 1, 15, 2], "texture": "#1"}
			}
		}
	],
	"display": {
		"head": {
			"translation": [0, 14.5, 0]
		}
	},
	"groups": [
		{
			"name": "body",
			"origin": [9, 0.6, 9],
			"color": 0,
			"children": [0, 1, 2, 3, 4, 5, 6, 7, 8]
		},
		{
			"name": "0",
			"origin": [6, 5.1, 5],
			"color": 0,
			"children": [9, 10]
		},
		11,
		12,
		{
			"name": "1",
			"origin": [6, 5.1, 5],
			"color": 0,
			"children": [13, 14]
		},
		{
			"name": "2",
			"origin": [6, 5.1, 5],
			"color": 0,
			"children": [15, 16]
		}
	]
}