{
	"credit": "Made with Blockbench",
	"ambientocclusion": false,
	"texture_size": [32, 32],
	"textures": {
		"1": "block/saplings/bonsai_pot_side",
		"2": "block/saplings/bonsai_pot_top",
		"6": "block/saplings/bonsai",
		"particle": "block/saplings/bonsai"
	},
	"elements": [
		{
			"from": [12, 0, 1.6],
			"to": [14.4, 1.6, 4],
			"rotation": {"angle": 0, "axis": "y", "origin": [14.4, 0, 1.6]},
			"faces": {
				"north": {"uv": [16, 13, 13, 15], "texture": "#1"},
				"east": {"uv": [13, 13, 16, 15], "texture": "#1"},
				"south": {"uv": [16, 13, 13, 15], "texture": "#1"},
				"west": {"uv": [13, 13, 16, 15], "texture": "#1"},
				"up": {"uv": [13, 0, 16, 3], "texture": "#1"},
				"down": {"uv": [12, 0, 9, 3], "texture": "#1"}
			}
		},
		{
			"from": [1.6, 3.2, 1.6],
			"to": [14.4, 5.6, 14.4],
			"rotation": {"angle": 0, "axis": "y", "origin": [1.6, 0, 1.6]},
			"faces": {
				"north": {"uv": [0, 8, 16, 11], "texture": "#1"},
				"east": {"uv": [0, 8, 16, 11], "texture": "#1"},
				"south": {"uv": [0, 8, 16, 11], "texture": "#1"},
				"west": {"uv": [0, 8, 16, 11], "texture": "#1"},
				"up": {"uv": [0, 0, 16, 16], "texture": "#2"},
				"down": {"uv": [2, 11, 3, 12], "texture": "#1"}
			}
		},
		{
			"from": [2.4, 1.6, 2.4],
			"to": [13.6, 3.2, 13.6],
			"rotation": {"angle": 0, "axis": "y", "origin": [1.6, 0, 1.6]},
			"faces": {
				"north": {"uv": [1, 11, 15, 13], "texture": "#1"},
				"east": {"uv": [1, 11, 15, 13], "texture": "#1"},
				"south": {"uv": [1, 11, 15, 13], "texture": "#1"},
				"west": {"uv": [1, 11, 15, 13], "texture": "#1"},
				"down": {"uv": [1, 11, 2, 12], "texture": "#1"}
			}
		},
		{
			"from": [1.6, 0, 1.6],
			"to": [4, 1.6, 4],
			"rotation": {"angle": 0, "axis": "y", "origin": [1.6, 0, 1.6]},
			"faces": {
				"north": {"uv": [13, 13, 16, 15], "texture": "#1"},
				"east": {"uv": [16, 13, 13, 15], "texture": "#1"},
				"south": {"uv": [13, 13, 16, 15], "texture": "#1"},
				"west": {"uv": [16, 13, 13, 15], "texture": "#1"},
				"up": {"uv": [16, 0, 13, 3], "texture": "#1"},
				"down": {"uv": [9, 0, 12, 3], "texture": "#1"}
			}
		},
		{
			"from": [12, 0, 12],
			"to": [14.4, 1.6, 14.4],
			"rotation": {"angle": 0, "axis": "y", "origin": [14.4, 0, 14.4]},
			"faces": {
				"north": {"uv": [13, 13, 16, 15], "texture": "#1"},
				"east": {"uv": [16, 13, 13, 15], "texture": "#1"},
				"south": {"uv": [13, 13, 16, 15], "texture": "#1"},
				"west": {"uv": [16, 13, 13, 15], "texture": "#1"},
				"up": {"uv": [13, 3, 16, 0], "texture": "#1"},
				"down": {"uv": [9, 0, 12, 3], "texture": "#1"}
			}
		},
		{
			"from": [1.6, 0, 12],
			"to": [4, 1.6, 14.4],
			"rotation": {"angle": 0, "axis": "y", "origin": [1.6, 0, 14.4]},
			"faces": {
				"north": {"uv": [16, 13, 13, 15], "texture": "#1"},
				"east": {"uv": [13, 13, 16, 15], "texture": "#1"},
				"south": {"uv": [16, 13, 13, 15], "texture": "#1"},
				"west": {"uv": [13, 13, 16, 15], "texture": "#1"},
				"up": {"uv": [16, 3, 13, 0], "texture": "#1"},
				"down": {"uv": [9, 3, 12, 0], "texture": "#1"}
			}
		},
		{
			"from": [9.4, 5.6, 9.4],
			"to": [11.4, 15.6, 11.4],
			"rotation": {"angle": 0, "axis": "y", "origin": [9.4, 5.6, 9.4]},
			"faces": {
				"north": {"uv": [5.5, 2.5, 6.5, 7.5], "texture": "#6"},
				"east": {"uv": [0, 6, 1, 11], "texture": "#6"},
				"south": {"uv": [1, 6, 2, 11], "texture": "#6"},
				"west": {"uv": [2, 6, 3, 11], "texture": "#6"},
				"up": {"uv": [6.5, 8.5, 5.5, 7.5], "texture": "#6"}
			}
		},
		{
			"from": [4.1, 8.6, -3.4],
			"to": [7.1, 9.6, -2.4],
			"rotation": {"angle": 0, "axis": "y", "origin": [13.1, -6.4, 15.1]},
			"faces": {
				"north": {"uv": [11, 11, 12.5, 11.5], "texture": "#6"},
				"east": {"uv": [9.5, 12, 10, 12.5], "texture": "#6"},
				"west": {"uv": [12, 9, 12.5, 9.5], "texture": "#6"},
				"up": {"uv": [0, 11.5, 1.5, 12], "texture": "#6"},
				"down": {"uv": [11.5, 3.5, 13, 3], "texture": "#6"}
			}
		},
		{
			"from": [4.1, 8.6, 2.6],
			"to": [7.1, 9.6, 3.6],
			"rotation": {"angle": 0, "axis": "y", "origin": [13.1, -6.4, 15.1]},
			"faces": {
				"east": {"uv": [9, 12, 9.5, 12.5], "texture": "#6"},
				"south": {"uv": [11, 9.5, 12.5, 10], "texture": "#6"},
				"west": {"uv": [12, 8.5, 12.5, 9], "texture": "#6"},
				"up": {"uv": [11, 10, 12.5, 10.5], "texture": "#6"},
				"down": {"uv": [11, 11, 12.5, 10.5], "texture": "#6"}
			}
		},
		{
			"from": [8.1, 8.6, -1.4],
			"to": [9.1, 9.6, 1.6],
			"rotation": {"angle": 0, "axis": "y", "origin": [13.1, -6.4, 15.1]},
			"faces": {
				"north": {"uv": [12, 8, 12.5, 8.5], "texture": "#6"},
				"east": {"uv": [9, 11, 10.5, 11.5], "texture": "#6"},
				"south": {"uv": [12, 7.5, 12.5, 8], "texture": "#6"},
				"up": {"uv": [6, 11, 6.5, 12.5], "texture": "#6"},
				"down": {"uv": [6.5, 12.5, 7, 11], "texture": "#6"}
			}
		},
		{
			"from": [2.1, 8.6, -1.4],
			"to": [3.1, 9.6, 1.6],
			"rotation": {"angle": 0, "axis": "y", "origin": [13.1, -6.4, 15.1]},
			"faces": {
				"north": {"uv": [12, 7, 12.5, 7.5], "texture": "#6"},
				"south": {"uv": [7, 12, 7.5, 12.5], "texture": "#6"},
				"west": {"uv": [4, 11, 5.5, 11.5], "texture": "#6"},
				"up": {"uv": [2.5, 11, 3, 12.5], "texture": "#6"},
				"down": {"uv": [5.5, 12.5, 6, 11], "texture": "#6"}
			}
		},
		{
			"from": [3.1, 8.6, -2.4],
			"to": [8.1, 10.6, 2.6],
			"rotation": {"angle": 0, "axis": "y", "origin": [13.1, -6.4, 15.1]},
			"faces": {
				"north": {"uv": [9.5, 2, 12, 3], "texture": "#6"},
				"east": {"uv": [3, 9.5, 5.5, 10.5], "texture": "#6"},
				"south": {"uv": [5.5, 8.5, 8, 9.5], "texture": "#6"},
				"west": {"uv": [8, 8.5, 10.5, 9.5], "texture": "#6"},
				"up": {"uv": [3, 5, 5.5, 7.5], "texture": "#6"},
				"down": {"uv": [5.5, 2.5, 8, 0], "texture": "#6"}
			}
		},
		{
			"from": [5.1, 7.6, 0.6],
			"to": [6.1, 8.6, 1.6],
			"rotation": {"angle": 0, "axis": "y", "origin": [13.1, -6.4, 15.1]},
			"faces": {
				"north": {"uv": [12, 5.5, 12.5, 6], "texture": "#6"},
				"east": {"uv": [12, 6, 12.5, 6.5], "texture": "#6"},
				"south": {"uv": [12, 4.5, 12.5, 5], "texture": "#6"},
				"west": {"uv": [12, 5, 12.5, 5.5], "texture": "#6"},
				"up": {"uv": [12, 6.5, 12.5, 7], "texture": "#6"}
			}
		},
		{
			"from": [5.1, 6.6, 0.6],
			"to": [6.1, 7.6, 4.6],
			"rotation": {"angle": 0, "axis": "y", "origin": [13.1, -6.4, 15.1]},
			"faces": {
				"north": {"uv": [12, 4, 12.5, 4.5], "texture": "#6"},
				"east": {"uv": [10.5, 1, 12.5, 1.5], "texture": "#6"},
				"west": {"uv": [10.5, 0.5, 12.5, 1], "texture": "#6"},
				"up": {"uv": [3, 10.5, 3.5, 12.5], "texture": "#6"},
				"down": {"uv": [3.5, 12.5, 4, 10.5], "texture": "#6"}
			}
		},
		{
			"from": [-3.4, 8.6, 4.1],
			"to": [-2.4, 9.6, 7.1],
			"rotation": {"angle": 0, "axis": "y", "origin": [0.1, 9.1, 5.6]},
			"faces": {
				"north": {"uv": [12, 3.5, 12.5, 4], "texture": "#6"},
				"south": {"uv": [12, 2.5, 12.5, 3], "texture": "#6"},
				"west": {"uv": [0, 11, 1.5, 11.5], "texture": "#6"},
				"up": {"uv": [1.5, 11, 2, 12.5], "texture": "#6"},
				"down": {"uv": [2, 12.5, 2.5, 11], "texture": "#6"}
			}
		},
		{
			"from": [2.6, 8.6, 4.1],
			"to": [3.6, 9.6, 7.1],
			"rotation": {"angle": 0, "axis": "y", "origin": [0.1, 9.1, 5.6]},
			"faces": {
				"north": {"uv": [12, 2, 12.5, 2.5], "texture": "#6"},
				"east": {"uv": [10.5, 9, 12, 9.5], "texture": "#6"},
				"south": {"uv": [12, 1.5, 12.5, 2], "texture": "#6"},
				"up": {"uv": [7, 10.5, 7.5, 12], "texture": "#6"},
				"down": {"uv": [10.5, 12, 11, 10.5], "texture": "#6"}
			}
		},
		{
			"from": [-1.4, 8.6, 2.1],
			"to": [1.6, 9.6, 3.1],
			"rotation": {"angle": 0, "axis": "y", "origin": [0.1, 9.1, 2.6]},
			"faces": {
				"north": {"uv": [5.5, 10.5, 7, 11], "texture": "#6"},
				"east": {"uv": [1, 12, 1.5, 12.5], "texture": "#6"},
				"west": {"uv": [0.5, 12, 1, 12.5], "texture": "#6"},
				"up": {"uv": [10.5, 8.5, 12, 9], "texture": "#6"},
				"down": {"uv": [9, 11, 10.5, 10.5], "texture": "#6"}
			}
		},
		{
			"from": [-1.4, 8.6, 8.1],
			"to": [1.6, 9.6, 9.1],
			"rotation": {"angle": 0, "axis": "y", "origin": [0.1, 9.1, 8.6]},
			"faces": {
				"east": {"uv": [0, 12, 0.5, 12.5], "texture": "#6"},
				"south": {"uv": [8, 2, 9.5, 2.5], "texture": "#6"},
				"west": {"uv": [11.5, 11.5, 12, 12], "texture": "#6"},
				"up": {"uv": [10.5, 1.5, 12, 2], "texture": "#6"},
				"down": {"uv": [4, 11, 5.5, 10.5], "texture": "#6"}
			}
		},
		{
			"from": [-2.4, 8.6, 3.1],
			"to": [2.6, 10.6, 8.1],
			"rotation": {"angle": 0, "axis": "y", "origin": [2.6, 8.6, 4.1]},
			"faces": {
				"north": {"uv": [8, 1, 10.5, 2], "texture": "#6"},
				"east": {"uv": [3, 8.5, 5.5, 9.5], "texture": "#6"},
				"south": {"uv": [3, 7.5, 5.5, 8.5], "texture": "#6"},
				"west": {"uv": [8, 0, 10.5, 1], "texture": "#6"},
				"up": {"uv": [3, 0, 5.5, 2.5], "texture": "#6"},
				"down": {"uv": [3, 5, 5.5, 2.5], "texture": "#6"}
			}
		},
		{
			"from": [0.6, 7.6, 5.1],
			"to": [1.6, 8.6, 6.1],
			"rotation": {"angle": 0, "axis": "y", "origin": [1.6, 7.6, 6.1]},
			"faces": {
				"north": {"uv": [9.5, 11.5, 10, 12], "texture": "#6"},
				"east": {"uv": [10, 11.5, 10.5, 12], "texture": "#6"},
				"south": {"uv": [11.5, 8, 12, 8.5], "texture": "#6"},
				"west": {"uv": [9, 11.5, 9.5, 12], "texture": "#6"},
				"up": {"uv": [11, 11.5, 11.5, 12], "texture": "#6"}
			}
		},
		{
			"from": [0.6, 6.6, 5.1],
			"to": [4.6, 7.6, 6.1],
			"rotation": {"angle": 0, "axis": "y", "origin": [4.6, 6.6, 6.1]},
			"faces": {
				"north": {"uv": [10, 7.5, 12, 8], "texture": "#6"},
				"south": {"uv": [10, 7, 12, 7.5], "texture": "#6"},
				"west": {"uv": [11.5, 5.5, 12, 6], "texture": "#6"},
				"up": {"uv": [9, 10, 11, 10.5], "texture": "#6"},
				"down": {"uv": [10.5, 0.5, 12.5, 0], "texture": "#6"}
			}
		},
		{
			"from": [3.6, 11.6, 1.6],
			"to": [7.6, 13.6, 2.6],
			"rotation": {"angle": 0, "axis": "y", "origin": [5.6, 12.6, 5.6]},
			"faces": {
				"north": {"uv": [5.5, 9.5, 7.5, 10.5], "texture": "#6"},
				"east": {"uv": [8.5, 11.5, 9, 12.5], "texture": "#6"},
				"west": {"uv": [8, 11.5, 8.5, 12.5], "texture": "#6"},
				"up": {"uv": [10, 6, 12, 6.5], "texture": "#6"},
				"down": {"uv": [10, 7, 12, 6.5], "texture": "#6"}
			}
		},
		{
			"from": [3.6, 11.6, 8.6],
			"to": [7.6, 13.6, 9.6],
			"rotation": {"angle": 0, "axis": "y", "origin": [5.6, 12.6, 5.6]},
			"faces": {
				"east": {"uv": [7.5, 11.5, 8, 12.5], "texture": "#6"},
				"south": {"uv": [9.5, 5, 11.5, 6], "texture": "#6"},
				"west": {"uv": [5, 11.5, 5.5, 12.5], "texture": "#6"},
				"up": {"uv": [9.5, 8, 11.5, 8.5], "texture": "#6"},
				"down": {"uv": [9, 10, 11, 9.5], "texture": "#6"}
			}
		},
		{
			"from": [8.6, 11.6, 3.6],
			"to": [9.6, 13.6, 7.6],
			"rotation": {"angle": 0, "axis": "y", "origin": [9.1, 12.6, 5.6]},
			"faces": {
				"north": {"uv": [11.5, 4.5, 12, 5.5], "texture": "#6"},
				"east": {"uv": [9.5, 4, 11.5, 5], "texture": "#6"},
				"south": {"uv": [4.5, 11.5, 5, 12.5], "texture": "#6"},
				"up": {"uv": [8, 9.5, 8.5, 11.5], "texture": "#6"},
				"down": {"uv": [8.5, 11.5, 9, 9.5], "texture": "#6"}
			}
		},
		{
			"from": [1.6, 11.6, 3.6],
			"to": [2.6, 13.6, 7.6],
			"rotation": {"angle": 0, "axis": "y", "origin": [2.1, 12.6, 5.6]},
			"faces": {
				"north": {"uv": [4, 11.5, 4.5, 12.5], "texture": "#6"},
				"south": {"uv": [11.5, 3.5, 12, 4.5], "texture": "#6"},
				"west": {"uv": [9.5, 3, 11.5, 4], "texture": "#6"},
				"up": {"uv": [9.5, 6, 10, 8], "texture": "#6"},
				"down": {"uv": [7.5, 11.5, 8, 9.5], "texture": "#6"}
			}
		},
		{
			"from": [2.6, 11.6, 2.6],
			"to": [8.6, 14.6, 8.6],
			"rotation": {"angle": 0, "axis": "y", "origin": [8.6, 11.6, 3.6]},
			"faces": {
				"north": {"uv": [6.5, 5.5, 9.5, 7], "texture": "#6"},
				"east": {"uv": [6.5, 7, 9.5, 8.5], "texture": "#6"},
				"south": {"uv": [6.5, 2.5, 9.5, 4], "texture": "#6"},
				"west": {"uv": [6.5, 4, 9.5, 5.5], "texture": "#6"},
				"up": {"uv": [0, 0, 3, 3], "texture": "#6"},
				"down": {"uv": [0, 6, 3, 3], "texture": "#6"}
			}
		},
		{
			"from": [4.6, 5.6, 4.6],
			"to": [6.6, 11.6, 6.6],
			"rotation": {"angle": 0, "axis": "y", "origin": [6.6, 1.6, 6.6]},
			"faces": {
				"north": {"uv": [1, 6, 2, 9], "texture": "#6"},
				"east": {"uv": [2, 6, 3, 9], "texture": "#6"},
				"south": {"uv": [5.5, 2.5, 6.5, 5.5], "texture": "#6"},
				"west": {"uv": [0, 6, 1, 9], "texture": "#6"},
				"up": {"uv": [5.5, 7.5, 6.5, 8.5], "texture": "#6"}
			}
		},
		{
			"from": [7.4, 15.6, 7.4],
			"to": [13.4, 18.6, 13.4],
			"rotation": {"angle": 0, "axis": "y", "origin": [7.4, 15.6, 12.4]},
			"faces": {
				"north": {"uv": [6.5, 2.5, 9.5, 4], "texture": "#6"},
				"east": {"uv": [6.5, 4, 9.5, 5.5], "texture": "#6"},
				"south": {"uv": [6.5, 5.5, 9.5, 7], "texture": "#6"},
				"west": {"uv": [6.5, 7, 9.5, 8.5], "texture": "#6"},
				"up": {"uv": [3, 3, 0, 0], "texture": "#6"},
				"down": {"uv": [3, 3, 0, 6], "texture": "#6"}
			}
		},
		{
			"from": [13.4, 15.6, 8.4],
			"to": [14.4, 17.6, 12.4],
			"rotation": {"angle": 0, "axis": "y", "origin": [13.9, 16.6, 10.4]},
			"faces": {
				"north": {"uv": [11.5, 3.5, 12, 4.5], "texture": "#6"},
				"east": {"uv": [9.5, 3, 11.5, 4], "texture": "#6"},
				"south": {"uv": [4, 11.5, 4.5, 12.5], "texture": "#6"},
				"up": {"uv": [10, 8, 9.5, 6], "texture": "#6"},
				"down": {"uv": [8, 9.5, 7.5, 11.5], "texture": "#6"}
			}
		},
		{
			"from": [6.4, 15.6, 8.4],
			"to": [7.4, 17.6, 12.4],
			"rotation": {"angle": 0, "axis": "y", "origin": [6.9, 16.6, 10.4]},
			"faces": {
				"north": {"uv": [4.5, 11.5, 5, 12.5], "texture": "#6"},
				"south": {"uv": [11.5, 4.5, 12, 5.5], "texture": "#6"},
				"west": {"uv": [9.5, 4, 11.5, 5], "texture": "#6"},
				"up": {"uv": [8.5, 11.5, 8, 9.5], "texture": "#6"},
				"down": {"uv": [9, 9.5, 8.5, 11.5], "texture": "#6"}
			}
		},
		{
			"from": [8.4, 15.6, 13.4],
			"to": [12.4, 17.6, 14.4],
			"rotation": {"angle": 0, "axis": "y", "origin": [10.4, 16.6, 10.4]},
			"faces": {
				"east": {"uv": [8, 11.5, 8.5, 12.5], "texture": "#6"},
				"south": {"uv": [5.5, 9.5, 7.5, 10.5], "texture": "#6"},
				"west": {"uv": [8.5, 11.5, 9, 12.5], "texture": "#6"},
				"up": {"uv": [12, 6.5, 10, 6], "texture": "#6"},
				"down": {"uv": [12, 6.5, 10, 7], "texture": "#6"}
			}
		},
		{
			"from": [8.4, 15.6, 6.4],
			"to": [12.4, 17.6, 7.4],
			"rotation": {"angle": 0, "axis": "y", "origin": [10.4, 16.6, 10.4]},
			"faces": {
				"north": {"uv": [9.5, 5, 11.5, 6], "texture": "#6"},
				"east": {"uv": [5, 11.5, 5.5, 12.5], "texture": "#6"},
				"west": {"uv": [7.5, 11.5, 8, 12.5], "texture": "#6"},
				"up": {"uv": [11.5, 8.5, 9.5, 8], "texture": "#6"},
				"down": {"uv": [11, 9.5, 9, 10], "texture": "#6"}
			}
		},
		{
			"from": [11.4, 10.6, 9.9],
			"to": [15.4, 11.6, 10.9],
			"rotation": {"angle": 0, "axis": "y", "origin": [11.4, 10.6, 9.9]},
			"faces": {
				"north": {"uv": [10, 7, 12, 7.5], "texture": "#6"},
				"east": {"uv": [11.5, 5.5, 12, 6], "texture": "#6"},
				"south": {"uv": [10, 7.5, 12, 8], "texture": "#6"},
				"up": {"uv": [11, 10.5, 9, 10], "texture": "#6"},
				"down": {"uv": [12.5, 0, 10.5, 0.5], "texture": "#6"}
			}
		},
		{
			"from": [8.9, 10.6, 18.4],
			"to": [11.9, 11.6, 19.4],
			"rotation": {"angle": 0, "axis": "y", "origin": [2.9, -4.4, 0.9]},
			"faces": {
				"east": {"uv": [12, 9, 12.5, 9.5], "texture": "#6"},
				"south": {"uv": [11, 11, 12.5, 11.5], "texture": "#6"},
				"west": {"uv": [9.5, 12, 10, 12.5], "texture": "#6"},
				"up": {"uv": [1.5, 12, 0, 11.5], "texture": "#6"},
				"down": {"uv": [13, 3, 11.5, 3.5], "texture": "#6"}
			}
		},
		{
			"from": [8.9, 10.6, 12.4],
			"to": [11.9, 11.6, 13.4],
			"rotation": {"angle": 0, "axis": "y", "origin": [2.9, -4.4, 0.9]},
			"faces": {
				"north": {"uv": [11, 9.5, 12.5, 10], "texture": "#6"},
				"east": {"uv": [12, 8.5, 12.5, 9], "texture": "#6"},
				"west": {"uv": [9, 12, 9.5, 12.5], "texture": "#6"},
				"up": {"uv": [12.5, 10.5, 11, 10], "texture": "#6"},
				"down": {"uv": [12.5, 10.5, 11, 11], "texture": "#6"}
			}
		},
		{
			"from": [6.9, 10.6, 14.4],
			"to": [7.9, 11.6, 17.4],
			"rotation": {"angle": 0, "axis": "y", "origin": [2.9, -4.4, 0.9]},
			"faces": {
				"north": {"uv": [12, 7.5, 12.5, 8], "texture": "#6"},
				"south": {"uv": [12, 8, 12.5, 8.5], "texture": "#6"},
				"west": {"uv": [9, 11, 10.5, 11.5], "texture": "#6"},
				"up": {"uv": [6.5, 12.5, 6, 11], "texture": "#6"},
				"down": {"uv": [7, 11, 6.5, 12.5], "texture": "#6"}
			}
		},
		{
			"from": [12.9, 10.6, 14.4],
			"to": [13.9, 11.6, 17.4],
			"rotation": {"angle": 0, "axis": "y", "origin": [2.9, -4.4, 0.9]},
			"faces": {
				"north": {"uv": [7, 12, 7.5, 12.5], "texture": "#6"},
				"east": {"uv": [4, 11, 5.5, 11.5], "texture": "#6"},
				"south": {"uv": [12, 7, 12.5, 7.5], "texture": "#6"},
				"up": {"uv": [3, 12.5, 2.5, 11], "texture": "#6"},
				"down": {"uv": [6, 11, 5.5, 12.5], "texture": "#6"}
			}
		},
		{
			"from": [7.9, 10.6, 13.4],
			"to": [12.9, 12.6, 18.4],
			"rotation": {"angle": 0, "axis": "y", "origin": [2.9, -4.4, 0.9]},
			"faces": {
				"north": {"uv": [5.5, 8.5, 8, 9.5], "texture": "#6"},
				"east": {"uv": [8, 8.5, 10.5, 9.5], "texture": "#6"},
				"south": {"uv": [9.5, 2, 12, 3], "texture": "#6"},
				"west": {"uv": [3, 9.5, 5.5, 10.5], "texture": "#6"},
				"up": {"uv": [5.5, 7.5, 3, 5], "texture": "#6"},
				"down": {"uv": [8, 0, 5.5, 2.5], "texture": "#6"}
			}
		},
		{
			"from": [9.9, 9.6, 14.4],
			"to": [10.9, 10.6, 15.4],
			"rotation": {"angle": 0, "axis": "y", "origin": [2.9, -4.4, 0.9]},
			"faces": {
				"north": {"uv": [12, 4.5, 12.5, 5], "texture": "#6"},
				"east": {"uv": [12, 5, 12.5, 5.5], "texture": "#6"},
				"south": {"uv": [12, 5.5, 12.5, 6], "texture": "#6"},
				"west": {"uv": [12, 6, 12.5, 6.5], "texture": "#6"},
				"up": {"uv": [12.5, 7, 12, 6.5], "texture": "#6"}
			}
		},
		{
			"from": [9.9, 8.6, 11.4],
			"to": [10.9, 9.6, 15.4],
			"rotation": {"angle": 0, "axis": "y", "origin": [2.9, -4.4, 0.9]},
			"faces": {
				"east": {"uv": [10.5, 0.5, 12.5, 1], "texture": "#6"},
				"south": {"uv": [12, 4, 12.5, 4.5], "texture": "#6"},
				"west": {"uv": [10.5, 1, 12.5, 1.5], "texture": "#6"},
				"up": {"uv": [3.5, 12.5, 3, 10.5], "texture": "#6"},
				"down": {"uv": [4, 10.5, 3.5, 12.5], "texture": "#6"}
			}
		},
		{
			"from": [14.4, 11.6, 9.9],
			"to": [15.4, 12.6, 10.9],
			"rotation": {"angle": 0, "axis": "y", "origin": [14.4, 11.6, 9.9]},
			"faces": {
				"north": {"uv": [11.5, 8, 12, 8.5], "texture": "#6"},
				"east": {"uv": [9, 11.5, 9.5, 12], "texture": "#6"},
				"south": {"uv": [9.5, 11.5, 10, 12], "texture": "#6"},
				"west": {"uv": [10, 11.5, 10.5, 12], "texture": "#6"},
				"up": {"uv": [11.5, 12, 11, 11.5], "texture": "#6"}
			}
		},
		{
			"from": [13.4, 12.6, 7.9],
			"to": [18.4, 14.6, 12.9],
			"rotation": {"angle": 0, "axis": "y", "origin": [13.4, 12.6, 11.9]},
			"faces": {
				"north": {"uv": [3, 7.5, 5.5, 8.5], "texture": "#6"},
				"east": {"uv": [8, 0, 10.5, 1], "texture": "#6"},
				"south": {"uv": [8, 1, 10.5, 2], "texture": "#6"},
				"west": {"uv": [3, 8.5, 5.5, 9.5], "texture": "#6"},
				"up": {"uv": [5.5, 2.5, 3, 0], "texture": "#6"},
				"down": {"uv": [5.5, 2.5, 3, 5], "texture": "#6"}
			}
		},
		{
			"from": [14.4, 12.6, 6.9],
			"to": [17.4, 13.6, 7.9],
			"rotation": {"angle": 0, "axis": "y", "origin": [15.9, 13.1, 7.4]},
			"faces": {
				"north": {"uv": [8, 2, 9.5, 2.5], "texture": "#6"},
				"east": {"uv": [11.5, 11.5, 12, 12], "texture": "#6"},
				"west": {"uv": [0, 12, 0.5, 12.5], "texture": "#6"},
				"up": {"uv": [12, 2, 10.5, 1.5], "texture": "#6"},
				"down": {"uv": [5.5, 10.5, 4, 11], "texture": "#6"}
			}
		},
		{
			"from": [14.4, 12.6, 12.9],
			"to": [17.4, 13.6, 13.9],
			"rotation": {"angle": 0, "axis": "y", "origin": [15.9, 13.1, 13.4]},
			"faces": {
				"east": {"uv": [0.5, 12, 1, 12.5], "texture": "#6"},
				"south": {"uv": [5.5, 10.5, 7, 11], "texture": "#6"},
				"west": {"uv": [1, 12, 1.5, 12.5], "texture": "#6"},
				"up": {"uv": [12, 9, 10.5, 8.5], "texture": "#6"},
				"down": {"uv": [10.5, 10.5, 9, 11], "texture": "#6"}
			}
		},
		{
			"from": [18.4, 12.6, 8.9],
			"to": [19.4, 13.6, 11.9],
			"rotation": {"angle": 0, "axis": "y", "origin": [15.9, 13.1, 10.4]},
			"faces": {
				"north": {"uv": [12, 2.5, 12.5, 3], "texture": "#6"},
				"east": {"uv": [0, 11, 1.5, 11.5], "texture": "#6"},
				"south": {"uv": [12, 3.5, 12.5, 4], "texture": "#6"},
				"up": {"uv": [2, 12.5, 1.5, 11], "texture": "#6"},
				"down": {"uv": [2.5, 11, 2, 12.5], "texture": "#6"}
			}
		},
		{
			"from": [12.4, 12.6, 8.9],
			"to": [13.4, 13.6, 11.9],
			"rotation": {"angle": 0, "axis": "y", "origin": [15.9, 13.1, 10.4]},
			"faces": {
				"north": {"uv": [12, 1.5, 12.5, 2], "texture": "#6"},
				"south": {"uv": [12, 2, 12.5, 2.5], "texture": "#6"},
				"west": {"uv": [10.5, 9, 12, 9.5], "texture": "#6"},
				"up": {"uv": [7.5, 12, 7, 10.5], "texture": "#6"},
				"down": {"uv": [11, 10.5, 10.5, 12], "texture": "#6"}
			}
		}
	],
	"groups": [
		{
			"name": "pot",
			"origin": [0, 0, 16],
			"color": 0,
			"children": [0, 1, 2, 3, 4, 5]
		},
		6,
		7,
		8,
		9,
		10,
		11,
		12,
		13,
		14,
		15,
		16,
		17,
		18,
		19,
		20,
		21,
		22,
		23,
		24,
		25,
		26,
		27,
		28,
		29,
		30,
		31,
		32,
		33,
		34,
		35,
		36,
		37,
		38,
		39,
		40,
		41,
		42,
		43,
		44,
		45
	]
}