{
	"credit": "Made with Blockbench",
	"ambientocclusion": false,
	"textures": {
		"1": "block/saplings/cherry_tree",
		"5": "block/saplings/cherry_leaves",
		"7": "block/saplings/potted_dirt",
		"particle": "block/saplings/cherry_leaves",
		"1_1": "block/saplings/big_flower_pot_bottom_wood",
		"1_2": "block/saplings/big_flower_pot_side_wood",
		"1_3": "block/saplings/big_flower_pot_top_wood"
	},
	"elements": [
		{
			"from": [7.5, 6, 9],
			"to": [8.5, 8, 11],
			"rotation": {"angle": 0, "axis": "y", "origin": [5.72044, 3.2976, 10.00004]},
			"faces": {
				"east": {"uv": [11, 14, 9, 16], "texture": "#1"},
				"south": {"uv": [10, 14, 11, 16], "texture": "#1"},
				"west": {"uv": [9, 14, 11, 16], "texture": "#1"},
				"up": {"uv": [7, 14, 5, 13], "rotation": 90, "texture": "#1"}
			}
		},
		{
			"from": [7.5, 6, 5],
			"to": [8.5, 9, 7],
			"rotation": {"angle": 0, "axis": "y", "origin": [5.72044, 3.2976, 10.00004]},
			"faces": {
				"north": {"uv": [5, 13, 6, 16], "texture": "#1"},
				"east": {"uv": [7, 13, 5, 16], "texture": "#1"},
				"west": {"uv": [5, 13, 7, 16], "texture": "#1"},
				"up": {"uv": [5, 13, 7, 14], "rotation": 90, "texture": "#1"}
			}
		},
		{
			"from": [5, 6, 7.5],
			"to": [7, 8, 8.5],
			"rotation": {"angle": 0, "axis": "y", "origin": [8, 7.25, 8]},
			"faces": {
				"north": {"uv": [9, 14, 11, 16], "texture": "#1"},
				"south": {"uv": [11, 14, 9, 16], "texture": "#1"},
				"west": {"uv": [10, 14, 11, 16], "texture": "#1"},
				"up": {"uv": [7, 14, 5, 13], "rotation": 180, "texture": "#1"}
			}
		},
		{
			"from": [9, 6, 7.5],
			"to": [11, 9, 8.5],
			"rotation": {"angle": 0, "axis": "y", "origin": [8, 7.25, 8]},
			"faces": {
				"north": {"uv": [5, 13, 7, 16], "texture": "#1"},
				"east": {"uv": [5, 13, 6, 16], "texture": "#1"},
				"south": {"uv": [7, 13, 5, 16], "texture": "#1"},
				"up": {"uv": [5, 13, 7, 14], "rotation": 180, "texture": "#1"}
			}
		},
		{
			"from": [4, 6, 7.5],
			"to": [5, 7, 8.5],
			"rotation": {"angle": 0, "axis": "y", "origin": [4, 6, 7.5]},
			"faces": {
				"north": {"uv": [11, 15, 12, 16], "texture": "#1"},
				"south": {"uv": [11, 15, 12, 16], "texture": "#1"},
				"west": {"uv": [11, 15, 12, 16], "texture": "#1"},
				"up": {"uv": [11, 15, 12, 16], "texture": "#1"}
			}
		},
		{
			"from": [11, 6, 7.5],
			"to": [12, 7, 8.5],
			"rotation": {"angle": 0, "axis": "y", "origin": [12, 6, 7.5]},
			"faces": {
				"north": {"uv": [12, 15, 11, 16], "texture": "#1"},
				"east": {"uv": [12, 15, 11, 16], "texture": "#1"},
				"south": {"uv": [12, 15, 11, 16], "texture": "#1"},
				"up": {"uv": [12, 15, 11, 16], "texture": "#1"}
			}
		},
		{
			"from": [7.5, 6, 4],
			"to": [8.5, 7, 5],
			"rotation": {"angle": 0, "axis": "y", "origin": [8.5, 6, 4]},
			"faces": {
				"north": {"uv": [11, 15, 12, 16], "texture": "#1"},
				"east": {"uv": [11, 15, 12, 16], "texture": "#1"},
				"west": {"uv": [11, 15, 12, 16], "texture": "#1"},
				"up": {"uv": [11, 15, 12, 16], "rotation": 90, "texture": "#1"}
			}
		},
		{
			"from": [7.5, 17, 1],
			"to": [8.5, 18, 2],
			"rotation": {"angle": 0, "axis": "y", "origin": [8.5, 6, 4]},
			"faces": {
				"north": {"uv": [11, 15, 12, 16], "texture": "#1"},
				"east": {"uv": [11, 15, 12, 16], "texture": "#1"},
				"west": {"uv": [11, 15, 12, 16], "texture": "#1"},
				"up": {"uv": [11, 15, 12, 16], "rotation": 90, "texture": "#1"},
				"down": {"uv": [1, 4, 2, 5], "rotation": 270, "texture": "#1"}
			}
		},
		{
			"from": [7.5, 6, 11],
			"to": [8.5, 7, 12],
			"rotation": {"angle": 0, "axis": "y", "origin": [8.5, 6, 12]},
			"faces": {
				"east": {"uv": [12, 15, 11, 16], "texture": "#1"},
				"south": {"uv": [12, 15, 11, 16], "texture": "#1"},
				"west": {"uv": [12, 15, 11, 16], "texture": "#1"},
				"up": {"uv": [12, 15, 11, 16], "rotation": 90, "texture": "#1"}
			}
		},
		{
			"from": [7.5, 20, 12],
			"to": [8.5, 21, 13],
			"rotation": {"angle": 0, "axis": "y", "origin": [8.5, 6, 12]},
			"faces": {
				"east": {"uv": [12, 1, 13, 2], "rotation": 270, "texture": "#1"},
				"south": {"uv": [12, 1, 13, 2], "rotation": 270, "texture": "#1"},
				"west": {"uv": [12, 1, 13, 2], "rotation": 270, "texture": "#1"},
				"up": {"uv": [12, 1, 13, 2], "rotation": 270, "texture": "#1"},
				"down": {"uv": [12, 1, 13, 2], "rotation": 270, "texture": "#1"}
			}
		},
		{
			"from": [7.5, 11, 9],
			"to": [8.5, 12, 12],
			"rotation": {"angle": 0, "axis": "y", "origin": [8.5, 6, 12]},
			"faces": {
				"east": {"uv": [12, 10, 9, 11], "texture": "#1"},
				"south": {"uv": [12, 10, 11, 11], "texture": "#1"},
				"west": {"uv": [9, 10, 12, 11], "texture": "#1"},
				"up": {"uv": [9, 11, 12, 10], "rotation": 90, "texture": "#1"},
				"down": {"uv": [12, 11, 9, 10], "rotation": 90, "texture": "#1"}
			}
		},
		{
			"from": [7.5, 19, 11],
			"to": [8.5, 21, 12],
			"rotation": {"angle": 0, "axis": "y", "origin": [8.5, 6, 12]},
			"faces": {
				"north": {"uv": [11, 9, 12, 10], "texture": "#1"},
				"east": {"uv": [12, 1, 11, 3], "texture": "#1"},
				"south": {"uv": [12, 1, 11, 3], "texture": "#1"},
				"west": {"uv": [11, 1, 12, 3], "texture": "#1"},
				"up": {"uv": [11, 2, 12, 1], "rotation": 90, "texture": "#1"}
			}
		},
		{
			"from": [7.5, 18, 9],
			"to": [8.5, 19, 12],
			"rotation": {"angle": 0, "axis": "y", "origin": [8.5, 6, 12]},
			"faces": {
				"east": {"uv": [12, 3, 9, 4], "texture": "#1"},
				"south": {"uv": [12, 3, 11, 4], "texture": "#1"},
				"west": {"uv": [9, 3, 12, 4], "texture": "#1"},
				"up": {"uv": [9, 4, 12, 3], "rotation": 90, "texture": "#1"},
				"down": {"uv": [12, 4, 9, 3], "rotation": 90, "texture": "#1"}
			}
		},
		{
			"from": [11, 21, 7.5],
			"to": [13, 22, 8.5],
			"rotation": {"angle": 0, "axis": "y", "origin": [8.45, 21.5, 7.5]},
			"faces": {
				"north": {"uv": [5, 0, 3, 1], "texture": "#1"},
				"east": {"uv": [4, 0, 3, 1], "texture": "#1"},
				"south": {"uv": [5, 0, 3, 1], "texture": "#1"},
				"west": {"uv": [5, 0, 4, 1], "texture": "#1"},
				"up": {"uv": [3, 1, 5, 0], "rotation": 180, "texture": "#1"},
				"down": {"uv": [3, 1, 5, 0], "texture": "#1"}
			}
		},
		{
			"from": [9, 20, 7.5],
			"to": [12, 21, 8.5],
			"rotation": {"angle": 0, "axis": "y", "origin": [8.45, 21.5, 7.5]},
			"faces": {
				"north": {"uv": [12, 3, 9, 4], "texture": "#1"},
				"east": {"uv": [11, 3, 12, 4], "texture": "#1"},
				"south": {"uv": [9, 3, 12, 4], "texture": "#1"},
				"up": {"uv": [12, 4, 9, 3], "rotation": 180, "texture": "#1"},
				"down": {"uv": [9, 4, 12, 3], "texture": "#1"}
			}
		},
		{
			"from": [14, 17, 7.5],
			"to": [15, 18, 8.5],
			"rotation": {"angle": 0, "axis": "y", "origin": [8.45, 21.5, 7.5]},
			"faces": {
				"north": {"uv": [11, 15, 12, 16], "texture": "#1"},
				"east": {"uv": [11, 15, 12, 16], "texture": "#1"},
				"south": {"uv": [11, 15, 12, 16], "texture": "#1"},
				"up": {"uv": [11, 15, 12, 16], "rotation": 180, "texture": "#1"},
				"down": {"uv": [1, 4, 2, 5], "rotation": 180, "texture": "#1"}
			}
		},
		{
			"from": [13, 16, 7.5],
			"to": [14, 18, 8.5],
			"rotation": {"angle": 0, "axis": "y", "origin": [8.45, 21.5, 7.5]},
			"faces": {
				"north": {"uv": [3, 4, 2, 6], "texture": "#1"},
				"east": {"uv": [3, 4, 2, 6], "texture": "#1"},
				"south": {"uv": [3, 4, 2, 6], "texture": "#1"},
				"west": {"uv": [3, 4, 2, 6], "texture": "#1"},
				"up": {"uv": [3, 4, 2, 5], "rotation": 90, "texture": "#1"}
			}
		},
		{
			"from": [9, 15, 7.5],
			"to": [14, 16, 8.5],
			"rotation": {"angle": 0, "axis": "y", "origin": [8.45, 21.5, 7.5]},
			"faces": {
				"north": {"uv": [2, 6, 7, 7], "texture": "#1"},
				"east": {"uv": [3, 6, 2, 7], "texture": "#1"},
				"south": {"uv": [7, 6, 2, 7], "texture": "#1"},
				"up": {"uv": [2, 7, 7, 6], "rotation": 180, "texture": "#1"},
				"down": {"uv": [7, 7, 2, 6], "texture": "#1"}
			}
		},
		{
			"from": [2, 12, 7.5],
			"to": [5, 13, 8.5],
			"rotation": {"angle": 0, "axis": "y", "origin": [8.45, 21.5, 7.5]},
			"faces": {
				"north": {"uv": [11, 9, 14, 10], "texture": "#1"},
				"east": {"uv": [11, 9, 12, 10], "texture": "#1"},
				"south": {"uv": [14, 9, 11, 10], "texture": "#1"},
				"west": {"uv": [14, 9, 13, 10], "texture": "#1"},
				"up": {"uv": [11, 10, 14, 9], "rotation": 180, "texture": "#1"},
				"down": {"uv": [14, 10, 11, 9], "texture": "#1"}
			}
		},
		{
			"from": [4, 11, 7.5],
			"to": [7, 12, 8.5],
			"rotation": {"angle": 0, "axis": "y", "origin": [8.45, 21.5, 7.5]},
			"faces": {
				"north": {"uv": [9, 10, 12, 11], "texture": "#1"},
				"south": {"uv": [12, 10, 9, 11], "texture": "#1"},
				"west": {"uv": [12, 10, 11, 11], "texture": "#1"},
				"up": {"uv": [9, 11, 12, 10], "rotation": 180, "texture": "#1"},
				"down": {"uv": [12, 11, 9, 10], "texture": "#1"}
			}
		},
		{
			"from": [3, 20, 7.5],
			"to": [4, 21, 8.5],
			"rotation": {"angle": 0, "axis": "y", "origin": [8.45, 21.5, 7.5]},
			"faces": {
				"north": {"uv": [12, 1, 13, 2], "rotation": 270, "texture": "#1"},
				"south": {"uv": [12, 1, 13, 2], "rotation": 270, "texture": "#1"},
				"west": {"uv": [12, 1, 13, 2], "rotation": 270, "texture": "#1"},
				"up": {"uv": [12, 1, 13, 2], "texture": "#1"},
				"down": {"uv": [12, 1, 13, 2], "rotation": 180, "texture": "#1"}
			}
		},
		{
			"from": [4, 19, 7.5],
			"to": [5, 21, 8.5],
			"rotation": {"angle": 0, "axis": "y", "origin": [8.45, 21.5, 7.5]},
			"faces": {
				"north": {"uv": [11, 1, 12, 3], "texture": "#1"},
				"east": {"uv": [11, 9, 12, 10], "texture": "#1"},
				"south": {"uv": [12, 1, 11, 3], "texture": "#1"},
				"west": {"uv": [12, 1, 11, 3], "texture": "#1"},
				"up": {"uv": [11, 2, 12, 1], "rotation": 180, "texture": "#1"}
			}
		},
		{
			"from": [4, 18, 7.5],
			"to": [7, 19, 8.5],
			"rotation": {"angle": 0, "axis": "y", "origin": [8.45, 21.5, 7.5]},
			"faces": {
				"north": {"uv": [9, 3, 12, 4], "texture": "#1"},
				"south": {"uv": [12, 3, 9, 4], "texture": "#1"},
				"west": {"uv": [12, 3, 11, 4], "texture": "#1"},
				"up": {"uv": [9, 4, 12, 3], "rotation": 180, "texture": "#1"},
				"down": {"uv": [12, 4, 9, 3], "texture": "#1"}
			}
		},
		{
			"from": [7.5, 16, 2],
			"to": [8.5, 18, 3],
			"rotation": {"angle": 0, "axis": "y", "origin": [8.5, 6, 4]},
			"faces": {
				"north": {"uv": [3, 4, 2, 6], "texture": "#1"},
				"east": {"uv": [3, 4, 2, 6], "texture": "#1"},
				"south": {"uv": [3, 4, 2, 6], "texture": "#1"},
				"west": {"uv": [3, 4, 2, 6], "texture": "#1"},
				"up": {"uv": [3, 4, 2, 5], "texture": "#1"}
			}
		},
		{
			"from": [7.5, 15, 2],
			"to": [8.5, 16, 7],
			"rotation": {"angle": 0, "axis": "y", "origin": [8.5, 6, 4]},
			"faces": {
				"north": {"uv": [3, 6, 2, 7], "texture": "#1"},
				"east": {"uv": [7, 6, 2, 7], "texture": "#1"},
				"west": {"uv": [2, 6, 7, 7], "texture": "#1"},
				"up": {"uv": [2, 7, 7, 6], "rotation": 90, "texture": "#1"},
				"down": {"uv": [7, 7, 2, 6], "rotation": 90, "texture": "#1"}
			}
		},
		{
			"from": [7.5, 21, 3],
			"to": [8.5, 22, 5],
			"rotation": {"angle": 0, "axis": "y", "origin": [8.5, 6, 4]},
			"faces": {
				"north": {"uv": [4, 0, 3, 1], "texture": "#1"},
				"east": {"uv": [5, 0, 3, 1], "texture": "#1"},
				"south": {"uv": [5, 0, 4, 1], "texture": "#1"},
				"west": {"uv": [5, 0, 3, 1], "texture": "#1"},
				"up": {"uv": [3, 1, 5, 0], "rotation": 90, "texture": "#1"},
				"down": {"uv": [3, 1, 5, 0], "rotation": 90, "texture": "#1"}
			}
		},
		{
			"from": [7.5, 20, 4],
			"to": [8.5, 21, 7],
			"rotation": {"angle": 0, "axis": "y", "origin": [8.5, 6, 4]},
			"faces": {
				"north": {"uv": [11, 3, 12, 4], "texture": "#1"},
				"east": {"uv": [9, 3, 12, 4], "texture": "#1"},
				"west": {"uv": [12, 3, 9, 4], "texture": "#1"},
				"up": {"uv": [12, 4, 9, 3], "rotation": 90, "texture": "#1"},
				"down": {"uv": [9, 4, 12, 3], "rotation": 90, "texture": "#1"}
			}
		},
		{
			"from": [7.5, 12, 11],
			"to": [8.5, 13, 14],
			"rotation": {"angle": 0, "axis": "y", "origin": [8.5, 6, 12]},
			"faces": {
				"north": {"uv": [11, 9, 12, 10], "texture": "#1"},
				"east": {"uv": [14, 9, 11, 10], "texture": "#1"},
				"south": {"uv": [14, 9, 13, 10], "texture": "#1"},
				"west": {"uv": [11, 9, 14, 10], "texture": "#1"},
				"up": {"uv": [11, 10, 14, 9], "rotation": 90, "texture": "#1"},
				"down": {"uv": [14, 10, 11, 9], "rotation": 90, "texture": "#1"}
			}
		},
		{
			"from": [7, 6, 7],
			"to": [9, 22, 9],
			"rotation": {"angle": 0, "axis": "y", "origin": [13, 6, 8]},
			"faces": {
				"north": {"uv": [7, 0, 9, 16], "texture": "#1"},
				"east": {"uv": [9, 0, 7, 16], "texture": "#1"},
				"south": {"uv": [7, 0, 9, 16], "texture": "#1"},
				"west": {"uv": [9, 0, 7, 16], "texture": "#1"},
				"up": {"uv": [9, 12, 7, 14], "texture": "#1"}
			}
		},
		{
			"from": [0, 0, 0],
			"to": [2, 8, 16],
			"rotation": {"angle": 0, "axis": "y", "origin": [0, 2, 0]},
			"faces": {
				"north": {"uv": [14, 8, 16, 16], "texture": "#1_2"},
				"east": {"uv": [0, 8, 16, 16], "texture": "#1_2"},
				"south": {"uv": [0, 8, 2, 16], "texture": "#1_2"},
				"west": {"uv": [0, 8, 16, 16], "texture": "#1_2"},
				"up": {"uv": [0, 0, 2, 16], "texture": "#1_3"},
				"down": {"uv": [0, 0, 2, 16], "texture": "#1_1", "cullface": "down"}
			}
		},
		{
			"from": [14, 0, 0],
			"to": [16, 8, 16],
			"rotation": {"angle": 0, "axis": "y", "origin": [0, 2, 0]},
			"faces": {
				"north": {"uv": [0, 8, 2, 16], "texture": "#1_2"},
				"east": {"uv": [0, 8, 16, 16], "texture": "#1_2"},
				"south": {"uv": [14, 8, 16, 16], "texture": "#1_2"},
				"west": {"uv": [0, 8, 16, 16], "texture": "#1_2"},
				"up": {"uv": [14, 0, 16, 16], "texture": "#1_3"},
				"down": {"uv": [14, 0, 16, 16], "texture": "#1_1", "cullface": "down"}
			}
		},
		{
			"from": [2, 0, 0],
			"to": [14, 8, 2],
			"rotation": {"angle": 0, "axis": "y", "origin": [0, 2, 0]},
			"faces": {
				"north": {"uv": [2, 8, 14, 16], "texture": "#1_2"},
				"south": {"uv": [2, 8, 14, 16], "texture": "#1_2"},
				"up": {"uv": [2, 0, 14, 2], "texture": "#1_3"},
				"down": {"uv": [2, 14, 14, 16], "texture": "#1_1", "cullface": "down"}
			}
		},
		{
			"from": [2, 0, 14],
			"to": [14, 8, 16],
			"rotation": {"angle": 0, "axis": "y", "origin": [0, 2, 0]},
			"faces": {
				"north": {"uv": [2, 8, 14, 16], "texture": "#1_2"},
				"south": {"uv": [2, 8, 14, 16], "texture": "#1_2"},
				"up": {"uv": [2, 14, 14, 16], "texture": "#1_3"},
				"down": {"uv": [2, 0, 14, 2], "texture": "#1_1", "cullface": "down"}
			}
		},
		{
			"from": [2, 0, 2],
			"to": [14, 6, 14],
			"rotation": {"angle": 0, "axis": "y", "origin": [0, 2, 0]},
			"faces": {
				"up": {"uv": [2, 2, 14, 14], "texture": "#7"},
				"down": {"uv": [2, 2, 14, 14], "texture": "#1_1", "cullface": "down"}
			}
		},
		{
			"from": [6.16526, 12.06936, 15.46129],
			"to": [7.16526, 14.06936, 15.96129],
			"rotation": {"angle": 0, "axis": "y", "origin": [9.96526, 13.56936, 15.71129]},
			"faces": {
				"north": {"uv": [2, 8, 3, 10], "texture": "#5"},
				"south": {"uv": [2, 8, 3, 10], "texture": "#5"},
				"west": {"uv": [2, 8, 2.5, 10], "texture": "#5"},
				"up": {"uv": [2, 8, 3, 8.5], "rotation": 180, "texture": "#5"},
				"down": {"uv": [2, 9.5, 3, 10], "rotation": 180, "texture": "#5"}
			}
		},
		{
			"from": [9.29437, 24.11733, 3.50212],
			"to": [10.29437, 24.61733, 5.50212],
			"rotation": {"angle": -22.5, "axis": "x", "origin": [8.29437, 22.72536, 8.46617]},
			"faces": {
				"north": {"uv": [2, 9.5, 3, 10], "rotation": 180, "texture": "#5"},
				"east": {"uv": [2, 8, 2.5, 10], "rotation": 270, "texture": "#5"},
				"south": {"uv": [2, 8, 3, 8.5], "texture": "#5"},
				"up": {"uv": [2, 8, 3, 10], "rotation": 180, "texture": "#5"},
				"down": {"uv": [2, 8, 3, 10], "texture": "#5"}
			}
		},
		{
			"from": [7.29437, 24.11733, 2.50212],
			"to": [9.29437, 24.61733, 6.50212],
			"rotation": {"angle": -22.5, "axis": "x", "origin": [8.29437, 22.72536, 8.46617]},
			"faces": {
				"north": {"uv": [3, 10.5, 5, 11], "rotation": 180, "texture": "#5"},
				"east": {"uv": [3, 7, 3.5, 11], "rotation": 270, "texture": "#5"},
				"south": {"uv": [3, 7, 5, 7.5], "texture": "#5"},
				"west": {"uv": [4.5, 7, 5, 11], "rotation": 90, "texture": "#5"},
				"up": {"uv": [3, 7, 5, 11], "rotation": 180, "texture": "#5"},
				"down": {"uv": [5, 7, 3, 11], "texture": "#5"}
			}
		},
		{
			"from": [6.29437, 24.11733, 3.50212],
			"to": [7.29437, 24.61733, 5.50212],
			"rotation": {"angle": -22.5, "axis": "x", "origin": [8.29437, 22.72536, 8.46617]},
			"faces": {
				"north": {"uv": [2, 9.5, 3, 10], "rotation": 180, "texture": "#5"},
				"south": {"uv": [2, 8, 3, 8.5], "texture": "#5"},
				"west": {"uv": [2, 8, 2.5, 10], "rotation": 90, "texture": "#5"},
				"up": {"uv": [2, 8, 3, 10], "rotation": 180, "texture": "#5"},
				"down": {"uv": [2, 8, 3, 10], "texture": "#5"}
			}
		},
		{
			"from": [0.31772, 14.32896, 5.04763],
			"to": [0.81772, 16.32896, 6.04763],
			"rotation": {"angle": -45, "axis": "y", "origin": [6.56772, 25.32896, 7.54763]},
			"faces": {
				"north": {"uv": [2.5, 10, 2, 8], "rotation": 180, "texture": "#5"},
				"east": {"uv": [3, 10, 2, 8], "rotation": 180, "texture": "#5"},
				"west": {"uv": [3, 10, 2, 8], "rotation": 180, "texture": "#5"},
				"up": {"uv": [3, 8.5, 2, 8], "rotation": 90, "texture": "#5"},
				"down": {"uv": [3, 10, 2, 9.5], "rotation": 270, "texture": "#5"}
			}
		},
		{
			"from": [0.31772, 13.32896, 6.04763],
			"to": [0.81772, 17.32896, 8.04763],
			"rotation": {"angle": -45, "axis": "y", "origin": [6.56772, 25.32896, 7.54763]},
			"faces": {
				"north": {"uv": [3.5, 11, 3, 7], "rotation": 180, "texture": "#5"},
				"east": {"uv": [3, 11, 5, 7], "rotation": 180, "texture": "#5"},
				"south": {"uv": [5, 11, 4.5, 7], "rotation": 180, "texture": "#5"},
				"west": {"uv": [5, 11, 3, 7], "rotation": 180, "texture": "#5"},
				"up": {"uv": [5, 7.5, 3, 7], "rotation": 90, "texture": "#5"},
				"down": {"uv": [5, 11, 3, 10.5], "rotation": 270, "texture": "#5"}
			}
		},
		{
			"from": [0.31772, 14.32896, 8.04763],
			"to": [0.81772, 16.32896, 9.04763],
			"rotation": {"angle": -45, "axis": "y", "origin": [6.56772, 25.32896, 7.54763]},
			"faces": {
				"east": {"uv": [3, 10, 2, 8], "rotation": 180, "texture": "#5"},
				"south": {"uv": [2.5, 10, 2, 8], "rotation": 180, "texture": "#5"},
				"west": {"uv": [3, 10, 2, 8], "rotation": 180, "texture": "#5"},
				"up": {"uv": [3, 8.5, 2, 8], "rotation": 90, "texture": "#5"},
				"down": {"uv": [3, 10, 2, 9.5], "rotation": 270, "texture": "#5"}
			}
		},
		{
			"from": [15.11782, 14.32896, 3.87986],
			"to": [15.61782, 16.32896, 4.87986],
			"rotation": {"angle": 45, "axis": "y", "origin": [10.26782, 26.32896, 5.77986]},
			"faces": {
				"north": {"uv": [2, 10, 2.5, 8], "rotation": 180, "texture": "#5"},
				"east": {"uv": [2, 10, 3, 8], "rotation": 180, "texture": "#5"},
				"west": {"uv": [2, 10, 3, 8], "rotation": 180, "texture": "#5"},
				"up": {"uv": [3, 8, 2, 8.5], "rotation": 90, "texture": "#5"},
				"down": {"uv": [3, 9.5, 2, 10], "rotation": 270, "texture": "#5"}
			}
		},
		{
			"from": [15.11782, 13.32896, 4.87986],
			"to": [15.61782, 17.32896, 6.87986],
			"rotation": {"angle": 45, "axis": "y", "origin": [10.26782, 26.32896, 5.77986]},
			"faces": {
				"north": {"uv": [3, 11, 3.5, 7], "rotation": 180, "texture": "#5"},
				"east": {"uv": [3, 11, 5, 7], "rotation": 180, "texture": "#5"},
				"south": {"uv": [4.5, 11, 5, 7], "rotation": 180, "texture": "#5"},
				"west": {"uv": [5, 11, 3, 7], "rotation": 180, "texture": "#5"},
				"up": {"uv": [5, 7, 3, 7.5], "rotation": 90, "texture": "#5"},
				"down": {"uv": [5, 10.5, 3, 11], "rotation": 270, "texture": "#5"}
			}
		},
		{
			"from": [15.11782, 14.32896, 6.87986],
			"to": [15.61782, 16.32896, 7.87986],
			"rotation": {"angle": 45, "axis": "y", "origin": [10.26782, 26.32896, 5.77986]},
			"faces": {
				"east": {"uv": [2, 10, 3, 8], "rotation": 180, "texture": "#5"},
				"south": {"uv": [2, 10, 2.5, 8], "rotation": 180, "texture": "#5"},
				"west": {"uv": [2, 10, 3, 8], "rotation": 180, "texture": "#5"},
				"up": {"uv": [3, 8, 2, 8.5], "rotation": 90, "texture": "#5"},
				"down": {"uv": [3, 9.5, 2, 10], "rotation": 270, "texture": "#5"}
			}
		},
		{
			"from": [7.32373, 15.61551, 3.16065],
			"to": [8.32373, 18.61551, 3.66065],
			"rotation": {"angle": 22.5, "axis": "x", "origin": [25.94373, 24.56643, 6.22427]},
			"faces": {
				"north": {"uv": [14, 5, 13, 8], "texture": "#5"},
				"east": {"uv": [14, 5, 13.5, 8], "texture": "#5"},
				"south": {"uv": [13, 5, 14, 8], "texture": "#5"},
				"west": {"uv": [13.5, 5, 13, 8], "texture": "#5"},
				"up": {"uv": [13, 5.5, 14, 5], "rotation": 180, "texture": "#5"},
				"down": {"uv": [13, 8, 14, 7.5], "rotation": 180, "texture": "#5"}
			}
		},
		{
			"from": [3.22373, 17.7594, -0.37652],
			"to": [4.22373, 18.7594, 0.12348],
			"rotation": {"angle": 45, "axis": "y", "origin": [7.82373, 18.7594, 0.77348]},
			"faces": {
				"north": {"uv": [9, 6, 8, 7], "texture": "#5"},
				"east": {"uv": [9, 6, 8, 7], "texture": "#5"},
				"south": {"uv": [9, 6, 8, 7], "texture": "#5"},
				"up": {"uv": [8, 7, 9, 6], "rotation": 180, "texture": "#5"},
				"down": {"uv": [8, 7, 9, 6], "rotation": 180, "texture": "#5"}
			}
		},
		{
			"from": [13.77627, 17.7594, -0.37652],
			"to": [14.77627, 18.7594, 0.12348],
			"rotation": {"angle": -45, "axis": "y", "origin": [8.17627, 18.7594, 0.77348]},
			"faces": {
				"north": {"uv": [8, 6, 9, 7], "texture": "#5"},
				"east": {"uv": [8, 6, 9, 7], "texture": "#5"},
				"south": {"uv": [8, 6, 9, 7], "texture": "#5"},
				"up": {"uv": [9, 7, 8, 6], "rotation": 180, "texture": "#5"},
				"down": {"uv": [9, 7, 8, 6], "rotation": 180, "texture": "#5"}
			}
		},
		{
			"from": [12.77627, 16.7594, -0.37652],
			"to": [13.77627, 19.7594, 0.12348],
			"rotation": {"angle": -45, "axis": "y", "origin": [8.17627, 18.7594, 0.77348]},
			"faces": {
				"north": {"uv": [9, 5, 10, 8], "texture": "#5"},
				"east": {"uv": [9, 5, 9.5, 8], "texture": "#5"},
				"south": {"uv": [10, 5, 9, 8], "texture": "#5"},
				"west": {"uv": [9.5, 5, 10, 8], "texture": "#5"},
				"up": {"uv": [10, 5.5, 9, 5], "rotation": 180, "texture": "#5"},
				"down": {"uv": [10, 8, 9, 7.5], "rotation": 180, "texture": "#5"}
			}
		},
		{
			"from": [11.77627, 17.7594, -0.37652],
			"to": [12.77627, 18.7594, 0.12348],
			"rotation": {"angle": -45, "axis": "y", "origin": [8.17627, 18.7594, 0.77348]},
			"faces": {
				"north": {"uv": [8, 6, 9, 7], "texture": "#5"},
				"south": {"uv": [8, 6, 9, 7], "texture": "#5"},
				"west": {"uv": [8, 6, 9, 7], "texture": "#5"},
				"up": {"uv": [9, 7, 8, 6], "rotation": 180, "texture": "#5"},
				"down": {"uv": [9, 7, 8, 6], "rotation": 180, "texture": "#5"}
			}
		},
		{
			"from": [1.22373, 17.7594, 15.87652],
			"to": [2.22373, 18.7594, 16.37652],
			"rotation": {"angle": -45, "axis": "y", "origin": [7.82373, 18.7594, 15.22652]},
			"faces": {
				"north": {"uv": [8, 6, 9, 7], "texture": "#5"},
				"south": {"uv": [8, 6, 9, 7], "texture": "#5"},
				"west": {"uv": [8, 6, 9, 7], "texture": "#5"},
				"up": {"uv": [8, 6, 9, 7], "rotation": 180, "texture": "#5"},
				"down": {"uv": [8, 6, 9, 7], "rotation": 180, "texture": "#5"}
			}
		},
		{
			"from": [2.22373, 16.7594, 15.87652],
			"to": [3.22373, 19.7594, 16.37652],
			"rotation": {"angle": -45, "axis": "y", "origin": [7.82373, 18.7594, 15.22652]},
			"faces": {
				"north": {"uv": [10, 5, 9, 8], "texture": "#5"},
				"east": {"uv": [9.5, 5, 10, 8], "texture": "#5"},
				"south": {"uv": [9, 5, 10, 8], "texture": "#5"},
				"west": {"uv": [9, 5, 9.5, 8], "texture": "#5"},
				"up": {"uv": [9, 5, 10, 5.5], "rotation": 180, "texture": "#5"},
				"down": {"uv": [9, 7.5, 10, 8], "rotation": 180, "texture": "#5"}
			}
		},
		{
			"from": [3.22373, 17.7594, 15.87652],
			"to": [4.22373, 18.7594, 16.37652],
			"rotation": {"angle": -45, "axis": "y", "origin": [7.82373, 18.7594, 15.22652]},
			"faces": {
				"north": {"uv": [8, 6, 9, 7], "texture": "#5"},
				"east": {"uv": [8, 6, 9, 7], "texture": "#5"},
				"south": {"uv": [8, 6, 9, 7], "texture": "#5"},
				"up": {"uv": [8, 6, 9, 7], "rotation": 180, "texture": "#5"},
				"down": {"uv": [8, 6, 9, 7], "rotation": 180, "texture": "#5"}
			}
		},
		{
			"from": [13.77627, 17.7594, 15.87652],
			"to": [14.77627, 18.7594, 16.37652],
			"rotation": {"angle": 45, "axis": "y", "origin": [8.17627, 18.7594, 15.22652]},
			"faces": {
				"north": {"uv": [9, 6, 8, 7], "texture": "#5"},
				"east": {"uv": [9, 6, 8, 7], "texture": "#5"},
				"south": {"uv": [9, 6, 8, 7], "texture": "#5"},
				"up": {"uv": [9, 6, 8, 7], "rotation": 180, "texture": "#5"},
				"down": {"uv": [9, 6, 8, 7], "rotation": 180, "texture": "#5"}
			}
		},
		{
			"from": [12.77627, 16.7594, 15.87652],
			"to": [13.77627, 19.7594, 16.37652],
			"rotation": {"angle": 45, "axis": "y", "origin": [8.17627, 18.7594, 15.22652]},
			"faces": {
				"north": {"uv": [9, 5, 10, 8], "texture": "#5"},
				"east": {"uv": [9.5, 5, 9, 8], "texture": "#5"},
				"south": {"uv": [10, 5, 9, 8], "texture": "#5"},
				"west": {"uv": [10, 5, 9.5, 8], "texture": "#5"},
				"up": {"uv": [10, 5, 9, 5.5], "rotation": 180, "texture": "#5"},
				"down": {"uv": [10, 7.5, 9, 8], "rotation": 180, "texture": "#5"}
			}
		},
		{
			"from": [11.77627, 17.7594, 15.87652],
			"to": [12.77627, 18.7594, 16.37652],
			"rotation": {"angle": 45, "axis": "y", "origin": [8.17627, 18.7594, 15.22652]},
			"faces": {
				"north": {"uv": [9, 6, 8, 7], "texture": "#5"},
				"south": {"uv": [9, 6, 8, 7], "texture": "#5"},
				"west": {"uv": [9, 6, 8, 7], "texture": "#5"},
				"up": {"uv": [9, 6, 8, 7], "rotation": 180, "texture": "#5"},
				"down": {"uv": [9, 6, 8, 7], "rotation": 180, "texture": "#5"}
			}
		},
		{
			"from": [1.22373, 17.7594, -0.37652],
			"to": [2.22373, 18.7594, 0.12348],
			"rotation": {"angle": 45, "axis": "y", "origin": [7.82373, 18.7594, 0.77348]},
			"faces": {
				"north": {"uv": [9, 6, 8, 7], "texture": "#5"},
				"south": {"uv": [9, 6, 8, 7], "texture": "#5"},
				"west": {"uv": [9, 6, 8, 7], "texture": "#5"},
				"up": {"uv": [8, 7, 9, 6], "rotation": 180, "texture": "#5"},
				"down": {"uv": [8, 7, 9, 6], "rotation": 180, "texture": "#5"}
			}
		},
		{
			"from": [2.22373, 16.7594, -0.37652],
			"to": [3.22373, 19.7594, 0.12348],
			"rotation": {"angle": 45, "axis": "y", "origin": [7.82373, 18.7594, 0.77348]},
			"faces": {
				"north": {"uv": [10, 5, 9, 8], "texture": "#5"},
				"east": {"uv": [10, 5, 9.5, 8], "texture": "#5"},
				"south": {"uv": [9, 5, 10, 8], "texture": "#5"},
				"west": {"uv": [9.5, 5, 9, 8], "texture": "#5"},
				"up": {"uv": [9, 5.5, 10, 5], "rotation": 180, "texture": "#5"},
				"down": {"uv": [9, 8, 10, 7.5], "rotation": 180, "texture": "#5"}
			}
		},
		{
			"from": [8.32373, 16.61551, 3.16065],
			"to": [9.32373, 17.61551, 3.66065],
			"rotation": {"angle": 22.5, "axis": "x", "origin": [25.94373, 24.56643, 6.22427]},
			"faces": {
				"north": {"uv": [13, 6, 12, 7], "texture": "#5"},
				"east": {"uv": [13, 6, 12, 7], "texture": "#5"},
				"south": {"uv": [13, 6, 12, 7], "texture": "#5"},
				"up": {"uv": [12, 7, 13, 6], "rotation": 180, "texture": "#5"},
				"down": {"uv": [12, 7, 13, 6], "rotation": 180, "texture": "#5"}
			}
		},
		{
			"from": [6.32373, 16.61551, 3.16065],
			"to": [7.32373, 17.61551, 3.66065],
			"rotation": {"angle": 22.5, "axis": "x", "origin": [25.94373, 24.56643, 6.22427]},
			"faces": {
				"north": {"uv": [13, 6, 12, 7], "texture": "#5"},
				"south": {"uv": [13, 6, 12, 7], "texture": "#5"},
				"west": {"uv": [13, 6, 12, 7], "texture": "#5"},
				"up": {"uv": [12, 7, 13, 6], "rotation": 180, "texture": "#5"},
				"down": {"uv": [12, 7, 13, 6], "rotation": 180, "texture": "#5"}
			}
		},
		{
			"from": [9.49417, 14.23021, -0.17374],
			"to": [11.49417, 18.23021, 0.32626],
			"rotation": {"angle": 22.5, "axis": "x", "origin": [4.99417, 16.23021, 0.07626]},
			"faces": {
				"north": {"uv": [5, 7, 3, 11], "texture": "#5"},
				"east": {"uv": [5, 7, 4.5, 11], "texture": "#5"},
				"south": {"uv": [3, 7, 5, 11], "texture": "#5"},
				"west": {"uv": [3.5, 7, 3, 11], "texture": "#5"},
				"up": {"uv": [3, 7.5, 5, 7], "rotation": 180, "texture": "#5"},
				"down": {"uv": [3, 11, 5, 10.5], "rotation": 180, "texture": "#5"}
			}
		},
		{
			"from": [11.49417, 15.23021, -0.17374],
			"to": [12.49417, 17.23021, 0.32626],
			"rotation": {"angle": 22.5, "axis": "x", "origin": [4.99417, 16.23021, 0.07626]},
			"faces": {
				"north": {"uv": [3, 8, 2, 10], "texture": "#5"},
				"east": {"uv": [2.5, 8, 2, 10], "texture": "#5"},
				"south": {"uv": [3, 8, 2, 10], "texture": "#5"},
				"up": {"uv": [2, 8.5, 3, 8], "rotation": 180, "texture": "#5"},
				"down": {"uv": [2, 10, 3, 9.5], "rotation": 180, "texture": "#5"}
			}
		},
		{
			"from": [8.49417, 15.23021, -0.17374],
			"to": [9.49417, 17.23021, 0.32626],
			"rotation": {"angle": 22.5, "axis": "x", "origin": [4.99417, 16.23021, 0.07626]},
			"faces": {
				"north": {"uv": [3, 8, 2, 10], "texture": "#5"},
				"south": {"uv": [3, 8, 2, 10], "texture": "#5"},
				"west": {"uv": [2.5, 8, 2, 10], "texture": "#5"},
				"up": {"uv": [2, 8.5, 3, 8], "rotation": 180, "texture": "#5"},
				"down": {"uv": [2, 10, 3, 9.5], "rotation": 180, "texture": "#5"}
			}
		},
		{
			"from": [3.99417, 14.23021, -0.17374],
			"to": [5.99417, 18.23021, 0.32626],
			"rotation": {"angle": 22.5, "axis": "x", "origin": [4.99417, 16.23021, 0.07626]},
			"faces": {
				"north": {"uv": [5, 7, 3, 11], "texture": "#5"},
				"east": {"uv": [5, 7, 4.5, 11], "texture": "#5"},
				"south": {"uv": [3, 7, 5, 11], "texture": "#5"},
				"west": {"uv": [3.5, 7, 3, 11], "texture": "#5"},
				"up": {"uv": [3, 7.5, 5, 7], "rotation": 180, "texture": "#5"},
				"down": {"uv": [3, 11, 5, 10.5], "rotation": 180, "texture": "#5"}
			}
		},
		{
			"from": [5.99417, 15.23021, -0.17374],
			"to": [6.99417, 17.23021, 0.32626],
			"rotation": {"angle": 22.5, "axis": "x", "origin": [4.99417, 16.23021, 0.07626]},
			"faces": {
				"north": {"uv": [3, 8, 2, 10], "texture": "#5"},
				"east": {"uv": [2.5, 8, 2, 10], "texture": "#5"},
				"south": {"uv": [3, 8, 2, 10], "texture": "#5"},
				"up": {"uv": [2, 8.5, 3, 8], "rotation": 180, "texture": "#5"},
				"down": {"uv": [2, 10, 3, 9.5], "rotation": 180, "texture": "#5"}
			}
		},
		{
			"from": [2.99417, 15.23021, -0.17374],
			"to": [3.99417, 17.23021, 0.32626],
			"rotation": {"angle": 22.5, "axis": "x", "origin": [4.99417, 16.23021, 0.07626]},
			"faces": {
				"north": {"uv": [3, 8, 2, 10], "texture": "#5"},
				"south": {"uv": [3, 8, 2, 10], "texture": "#5"},
				"west": {"uv": [2.5, 8, 2, 10], "texture": "#5"},
				"up": {"uv": [2, 8.5, 3, 8], "rotation": 180, "texture": "#5"},
				"down": {"uv": [2, 10, 3, 9.5], "rotation": 180, "texture": "#5"}
			}
		},
		{
			"from": [9.79437, 18.25603, 2.82005],
			"to": [11.79437, 22.25603, 3.32005],
			"rotation": {"angle": 45, "axis": "x", "origin": [4.69437, 20.85603, 2.47005]},
			"faces": {
				"north": {"uv": [5, 2, 3, 6], "texture": "#5"},
				"east": {"uv": [5, 2, 4.5, 6], "texture": "#5"},
				"south": {"uv": [3, 2, 5, 6], "texture": "#5"},
				"west": {"uv": [3.5, 2, 3, 6], "texture": "#5"},
				"up": {"uv": [3, 2.5, 5, 2], "rotation": 180, "texture": "#5"},
				"down": {"uv": [3, 6, 5, 5.5], "rotation": 180, "texture": "#5"}
			}
		},
		{
			"from": [8.79437, 19.25603, 2.82005],
			"to": [9.79437, 21.25603, 3.32005],
			"rotation": {"angle": 45, "axis": "x", "origin": [4.69437, 20.85603, 2.47005]},
			"faces": {
				"north": {"uv": [3, 3, 2, 5], "texture": "#5"},
				"south": {"uv": [3, 3, 2, 5], "texture": "#5"},
				"west": {"uv": [2.5, 3, 2, 5], "texture": "#5"},
				"up": {"uv": [2, 3.5, 3, 3], "rotation": 180, "texture": "#5"},
				"down": {"uv": [2, 5, 3, 4.5], "rotation": 180, "texture": "#5"}
			}
		},
		{
			"from": [11.79437, 19.25603, 2.82005],
			"to": [12.79437, 21.25603, 3.32005],
			"rotation": {"angle": 45, "axis": "x", "origin": [4.69437, 20.85603, 2.47005]},
			"faces": {
				"north": {"uv": [3, 3, 2, 5], "texture": "#5"},
				"east": {"uv": [2.5, 3, 2, 5], "texture": "#5"},
				"south": {"uv": [3, 3, 2, 5], "texture": "#5"},
				"up": {"uv": [2, 3.5, 3, 3], "rotation": 180, "texture": "#5"},
				"down": {"uv": [2, 5, 3, 4.5], "rotation": 180, "texture": "#5"}
			}
		},
		{
			"from": [4.19437, 18.85603, 2.62005],
			"to": [6.19437, 22.85603, 3.12005],
			"rotation": {"angle": 45, "axis": "x", "origin": [4.69437, 20.85603, 2.47005]},
			"faces": {
				"north": {"uv": [5, 2, 3, 6], "texture": "#5"},
				"east": {"uv": [5, 2, 4.5, 6], "texture": "#5"},
				"south": {"uv": [3, 2, 5, 6], "texture": "#5"},
				"west": {"uv": [3.5, 2, 3, 6], "texture": "#5"},
				"up": {"uv": [3, 2.5, 5, 2], "rotation": 180, "texture": "#5"},
				"down": {"uv": [3, 6, 5, 5.5], "rotation": 180, "texture": "#5"}
			}
		},
		{
			"from": [3.19437, 19.85603, 2.62005],
			"to": [4.19437, 21.85603, 3.12005],
			"rotation": {"angle": 45, "axis": "x", "origin": [4.69437, 20.85603, 2.47005]},
			"faces": {
				"north": {"uv": [3, 3, 2, 5], "texture": "#5"},
				"south": {"uv": [3, 3, 2, 5], "texture": "#5"},
				"west": {"uv": [2.5, 3, 2, 5], "texture": "#5"},
				"up": {"uv": [2, 3.5, 3, 3], "rotation": 180, "texture": "#5"},
				"down": {"uv": [2, 5, 3, 4.5], "rotation": 180, "texture": "#5"}
			}
		},
		{
			"from": [6.19437, 19.85603, 2.62005],
			"to": [7.19437, 21.85603, 3.12005],
			"rotation": {"angle": 45, "axis": "x", "origin": [4.69437, 20.85603, 2.47005]},
			"faces": {
				"north": {"uv": [3, 3, 2, 5], "texture": "#5"},
				"east": {"uv": [2.5, 3, 2, 5], "texture": "#5"},
				"south": {"uv": [3, 3, 2, 5], "texture": "#5"},
				"up": {"uv": [2, 3.5, 3, 3], "rotation": 180, "texture": "#5"},
				"down": {"uv": [2, 5, 3, 4.5], "rotation": 180, "texture": "#5"}
			}
		},
		{
			"from": [7.16526, 11.06936, 0.13849],
			"to": [9.16526, 15.06936, 0.63849],
			"rotation": {"angle": 0, "axis": "y", "origin": [9.96526, 13.56936, 0.38849]},
			"faces": {
				"north": {"uv": [5, 7, 3, 11], "texture": "#5"},
				"east": {"uv": [5, 7, 4.5, 11], "texture": "#5"},
				"south": {"uv": [3, 7, 5, 11], "texture": "#5"},
				"west": {"uv": [3.5, 7, 3, 11], "texture": "#5"},
				"up": {"uv": [3, 7.5, 5, 7], "rotation": 180, "texture": "#5"},
				"down": {"uv": [3, 11, 5, 10.5], "rotation": 180, "texture": "#5"}
			}
		},
		{
			"from": [9.16526, 12.06936, 0.13849],
			"to": [10.16526, 14.06936, 0.63849],
			"rotation": {"angle": 0, "axis": "y", "origin": [9.96526, 13.56936, 0.38849]},
			"faces": {
				"north": {"uv": [3, 8, 2, 10], "texture": "#5"},
				"east": {"uv": [2.5, 8, 2, 10], "texture": "#5"},
				"south": {"uv": [3, 8, 2, 10], "texture": "#5"},
				"up": {"uv": [2, 8.5, 3, 8], "rotation": 180, "texture": "#5"},
				"down": {"uv": [2, 10, 3, 9.5], "rotation": 180, "texture": "#5"}
			}
		},
		{
			"from": [6.16526, 12.06936, 0.13849],
			"to": [7.16526, 14.06936, 0.63849],
			"rotation": {"angle": 0, "axis": "y", "origin": [9.96526, 13.56936, 0.38849]},
			"faces": {
				"north": {"uv": [3, 8, 2, 10], "texture": "#5"},
				"south": {"uv": [3, 8, 2, 10], "texture": "#5"},
				"west": {"uv": [2.5, 8, 2, 10], "texture": "#5"},
				"up": {"uv": [2, 8.5, 3, 8], "rotation": 180, "texture": "#5"},
				"down": {"uv": [2, 10, 3, 9.5], "rotation": 180, "texture": "#5"}
			}
		},
		{
			"from": [9.16526, 12.06936, 15.46129],
			"to": [10.16526, 14.06936, 15.96129],
			"rotation": {"angle": 0, "axis": "y", "origin": [9.96526, 13.56936, 15.71129]},
			"faces": {
				"north": {"uv": [2, 8, 3, 10], "texture": "#5"},
				"east": {"uv": [2, 8, 2.5, 10], "texture": "#5"},
				"south": {"uv": [2, 8, 3, 10], "texture": "#5"},
				"up": {"uv": [2, 8, 3, 8.5], "rotation": 180, "texture": "#5"},
				"down": {"uv": [2, 9.5, 3, 10], "rotation": 180, "texture": "#5"}
			}
		},
		{
			"from": [7.16526, 11.06936, 15.46129],
			"to": [9.16526, 15.06936, 15.96129],
			"rotation": {"angle": 0, "axis": "y", "origin": [9.96526, 13.56936, 15.71129]},
			"faces": {
				"north": {"uv": [5, 7, 3, 11], "texture": "#5"},
				"east": {"uv": [4.5, 7, 5, 11], "texture": "#5"},
				"south": {"uv": [3, 7, 5, 11], "texture": "#5"},
				"west": {"uv": [3, 7, 3.5, 11], "texture": "#5"},
				"up": {"uv": [3, 7, 5, 7.5], "rotation": 180, "texture": "#5"},
				"down": {"uv": [3, 10.5, 5, 11], "rotation": 180, "texture": "#5"}
			}
		},
		{
			"from": [5.69437, 19.85603, 12.97972],
			"to": [6.69437, 21.85603, 13.47972],
			"rotation": {"angle": -45, "axis": "x", "origin": [4.69437, 20.85603, 13.62972]},
			"faces": {
				"north": {"uv": [2, 3, 3, 5], "texture": "#5"},
				"east": {"uv": [2, 3, 2.5, 5], "texture": "#5"},
				"south": {"uv": [2, 3, 3, 5], "texture": "#5"},
				"up": {"uv": [2, 3, 3, 3.5], "rotation": 180, "texture": "#5"},
				"down": {"uv": [2, 4.5, 3, 5], "rotation": 180, "texture": "#5"}
			}
		},
		{
			"from": [2.69437, 19.85603, 12.97972],
			"to": [3.69437, 21.85603, 13.47972],
			"rotation": {"angle": -45, "axis": "x", "origin": [4.69437, 20.85603, 13.62972]},
			"faces": {
				"north": {"uv": [2, 3, 3, 5], "texture": "#5"},
				"south": {"uv": [2, 3, 3, 5], "texture": "#5"},
				"west": {"uv": [2, 3, 2.5, 5], "texture": "#5"},
				"up": {"uv": [2, 3, 3, 3.5], "rotation": 180, "texture": "#5"},
				"down": {"uv": [2, 4.5, 3, 5], "rotation": 180, "texture": "#5"}
			}
		},
		{
			"from": [3.69437, 18.85603, 12.97972],
			"to": [5.69437, 22.85603, 13.47972],
			"rotation": {"angle": -45, "axis": "x", "origin": [4.69437, 20.85603, 13.62972]},
			"faces": {
				"north": {"uv": [5, 2, 3, 6], "texture": "#5"},
				"east": {"uv": [4.5, 2, 5, 6], "texture": "#5"},
				"south": {"uv": [3, 2, 5, 6], "texture": "#5"},
				"west": {"uv": [3, 2, 3.5, 6], "texture": "#5"},
				"up": {"uv": [3, 2, 5, 2.5], "rotation": 180, "texture": "#5"},
				"down": {"uv": [3, 5.5, 5, 6], "rotation": 180, "texture": "#5"}
			}
		},
		{
			"from": [11.79437, 19.25603, 12.97972],
			"to": [12.79437, 21.25603, 13.47972],
			"rotation": {"angle": -45, "axis": "x", "origin": [4.69437, 20.85603, 13.62972]},
			"faces": {
				"north": {"uv": [2, 3, 3, 5], "texture": "#5"},
				"east": {"uv": [2, 3, 2.5, 5], "texture": "#5"},
				"south": {"uv": [2, 3, 3, 5], "texture": "#5"},
				"up": {"uv": [2, 3, 3, 3.5], "rotation": 180, "texture": "#5"},
				"down": {"uv": [2, 4.5, 3, 5], "rotation": 180, "texture": "#5"}
			}
		},
		{
			"from": [8.79437, 19.25603, 12.97972],
			"to": [9.79437, 21.25603, 13.47972],
			"rotation": {"angle": -45, "axis": "x", "origin": [4.69437, 20.85603, 13.62972]},
			"faces": {
				"north": {"uv": [2, 3, 3, 5], "texture": "#5"},
				"south": {"uv": [2, 3, 3, 5], "texture": "#5"},
				"west": {"uv": [2, 3, 2.5, 5], "texture": "#5"},
				"up": {"uv": [2, 3, 3, 3.5], "rotation": 180, "texture": "#5"},
				"down": {"uv": [2, 4.5, 3, 5], "rotation": 180, "texture": "#5"}
			}
		},
		{
			"from": [9.79437, 18.25603, 12.97972],
			"to": [11.79437, 22.25603, 13.47972],
			"rotation": {"angle": -45, "axis": "x", "origin": [4.69437, 20.85603, 13.62972]},
			"faces": {
				"north": {"uv": [5, 2, 3, 6], "texture": "#5"},
				"east": {"uv": [4.5, 2, 5, 6], "texture": "#5"},
				"south": {"uv": [3, 2, 5, 6], "texture": "#5"},
				"west": {"uv": [3, 2, 3.5, 6], "texture": "#5"},
				"up": {"uv": [3, 2, 5, 2.5], "rotation": 180, "texture": "#5"},
				"down": {"uv": [3, 5.5, 5, 6], "rotation": 180, "texture": "#5"}
			}
		},
		{
			"from": [2.99417, 15.23021, 15.77351],
			"to": [3.99417, 17.23021, 16.27351],
			"rotation": {"angle": -22.5, "axis": "x", "origin": [4.99417, 16.23021, 16.02351]},
			"faces": {
				"north": {"uv": [2, 8, 3, 10], "texture": "#5"},
				"south": {"uv": [2, 8, 3, 10], "texture": "#5"},
				"west": {"uv": [2, 8, 2.5, 10], "texture": "#5"},
				"up": {"uv": [2, 8, 3, 8.5], "rotation": 180, "texture": "#5"},
				"down": {"uv": [2, 9.5, 3, 10], "rotation": 180, "texture": "#5"}
			}
		},
		{
			"from": [5.99417, 15.23021, 15.77351],
			"to": [6.99417, 17.23021, 16.27351],
			"rotation": {"angle": -22.5, "axis": "x", "origin": [4.99417, 16.23021, 16.02351]},
			"faces": {
				"north": {"uv": [2, 8, 3, 10], "texture": "#5"},
				"east": {"uv": [2, 8, 2.5, 10], "texture": "#5"},
				"south": {"uv": [2, 8, 3, 10], "texture": "#5"},
				"up": {"uv": [2, 8, 3, 8.5], "rotation": 180, "texture": "#5"},
				"down": {"uv": [2, 9.5, 3, 10], "rotation": 180, "texture": "#5"}
			}
		},
		{
			"from": [3.99417, 14.23021, 15.77351],
			"to": [5.99417, 18.23021, 16.27351],
			"rotation": {"angle": -22.5, "axis": "x", "origin": [4.99417, 16.23021, 16.02351]},
			"faces": {
				"north": {"uv": [5, 7, 3, 11], "texture": "#5"},
				"east": {"uv": [4.5, 7, 5, 11], "texture": "#5"},
				"south": {"uv": [3, 7, 5, 11], "texture": "#5"},
				"west": {"uv": [3, 7, 3.5, 11], "texture": "#5"},
				"up": {"uv": [3, 7, 5, 7.5], "rotation": 180, "texture": "#5"},
				"down": {"uv": [3, 10.5, 5, 11], "rotation": 180, "texture": "#5"}
			}
		},
		{
			"from": [8.49417, 15.23021, 15.77351],
			"to": [9.49417, 17.23021, 16.27351],
			"rotation": {"angle": -22.5, "axis": "x", "origin": [4.99417, 16.23021, 16.02351]},
			"faces": {
				"north": {"uv": [2, 8, 3, 10], "texture": "#5"},
				"south": {"uv": [2, 8, 3, 10], "texture": "#5"},
				"west": {"uv": [2, 8, 2.5, 10], "texture": "#5"},
				"up": {"uv": [2, 8, 3, 8.5], "rotation": 180, "texture": "#5"},
				"down": {"uv": [2, 9.5, 3, 10], "rotation": 180, "texture": "#5"}
			}
		},
		{
			"from": [11.49417, 15.23021, 15.77351],
			"to": [12.49417, 17.23021, 16.27351],
			"rotation": {"angle": -22.5, "axis": "x", "origin": [4.99417, 16.23021, 16.02351]},
			"faces": {
				"north": {"uv": [2, 8, 3, 10], "texture": "#5"},
				"east": {"uv": [2, 8, 2.5, 10], "texture": "#5"},
				"south": {"uv": [2, 8, 3, 10], "texture": "#5"},
				"up": {"uv": [2, 8, 3, 8.5], "rotation": 180, "texture": "#5"},
				"down": {"uv": [2, 9.5, 3, 10], "rotation": 180, "texture": "#5"}
			}
		},
		{
			"from": [9.49417, 14.23021, 15.77351],
			"to": [11.49417, 18.23021, 16.27351],
			"rotation": {"angle": -22.5, "axis": "x", "origin": [4.99417, 16.23021, 16.02351]},
			"faces": {
				"north": {"uv": [5, 7, 3, 11], "texture": "#5"},
				"east": {"uv": [4.5, 7, 5, 11], "texture": "#5"},
				"south": {"uv": [3, 7, 5, 11], "texture": "#5"},
				"west": {"uv": [3, 7, 3.5, 11], "texture": "#5"},
				"up": {"uv": [3, 7, 5, 7.5], "rotation": 180, "texture": "#5"},
				"down": {"uv": [3, 10.5, 5, 11], "rotation": 180, "texture": "#5"}
			}
		},
		{
			"from": [6.32373, 16.61551, 12.43913],
			"to": [7.32373, 17.61551, 12.93913],
			"rotation": {"angle": -22.5, "axis": "x", "origin": [25.94373, 24.56643, 9.87551]},
			"faces": {
				"north": {"uv": [12, 6, 13, 7], "texture": "#5"},
				"south": {"uv": [12, 6, 13, 7], "texture": "#5"},
				"west": {"uv": [12, 6, 13, 7], "texture": "#5"},
				"up": {"uv": [12, 6, 13, 7], "rotation": 180, "texture": "#5"},
				"down": {"uv": [12, 6, 13, 7], "rotation": 180, "texture": "#5"}
			}
		},
		{
			"from": [8.32373, 16.61551, 12.43913],
			"to": [9.32373, 17.61551, 12.93913],
			"rotation": {"angle": -22.5, "axis": "x", "origin": [25.94373, 24.56643, 9.87551]},
			"faces": {
				"north": {"uv": [12, 6, 13, 7], "texture": "#5"},
				"east": {"uv": [12, 6, 13, 7], "texture": "#5"},
				"south": {"uv": [12, 6, 13, 7], "texture": "#5"},
				"up": {"uv": [12, 6, 13, 7], "rotation": 180, "texture": "#5"},
				"down": {"uv": [12, 6, 13, 7], "rotation": 180, "texture": "#5"}
			}
		},
		{
			"from": [7.32373, 15.61551, 12.43913],
			"to": [8.32373, 18.61551, 12.93913],
			"rotation": {"angle": -22.5, "axis": "x", "origin": [25.94373, 24.56643, 9.87551]},
			"faces": {
				"north": {"uv": [14, 5, 13, 8], "texture": "#5"},
				"east": {"uv": [13.5, 5, 14, 8], "texture": "#5"},
				"south": {"uv": [13, 5, 14, 8], "texture": "#5"},
				"west": {"uv": [13, 5, 13.5, 8], "texture": "#5"},
				"up": {"uv": [13, 5, 14, 5.5], "rotation": 180, "texture": "#5"},
				"down": {"uv": [13, 7.5, 14, 8], "rotation": 180, "texture": "#5"}
			}
		},
		{
			"from": [8.03755, 23.45003, 9.33232],
			"to": [10.03755, 23.95003, 10.33232],
			"rotation": {"angle": -22.5, "axis": "z", "origin": [8.01194, 16.05187, 8.04989]},
			"faces": {
				"east": {"uv": [2, 9.5, 3, 10], "rotation": 180, "texture": "#5"},
				"south": {"uv": [2, 8, 2.5, 10], "rotation": 270, "texture": "#5"},
				"west": {"uv": [2, 8, 3, 8.5], "texture": "#5"},
				"up": {"uv": [2, 8, 3, 10], "rotation": 270, "texture": "#5"},
				"down": {"uv": [2, 8, 3, 10], "rotation": 270, "texture": "#5"}
			}
		},
		{
			"from": [7.03755, 23.45003, 7.33232],
			"to": [11.03755, 23.95003, 9.33232],
			"rotation": {"angle": -22.5, "axis": "z", "origin": [8.01194, 16.05187, 8.04989]},
			"faces": {
				"north": {"uv": [4.5, 7, 5, 11], "rotation": 90, "texture": "#5"},
				"east": {"uv": [3, 10.5, 5, 11], "rotation": 180, "texture": "#5"},
				"south": {"uv": [3, 7, 3.5, 11], "rotation": 270, "texture": "#5"},
				"west": {"uv": [3, 7, 5, 7.5], "texture": "#5"},
				"up": {"uv": [3, 7, 5, 11], "rotation": 270, "texture": "#5"},
				"down": {"uv": [5, 7, 3, 11], "rotation": 270, "texture": "#5"}
			}
		},
		{
			"from": [5.92911, 23.75003, 3.97951],
			"to": [7.92911, 24.25003, 4.97951],
			"rotation": {"angle": 45, "axis": "y", "origin": [9.9035, 16.05187, 5.69708]},
			"faces": {
				"north": {"uv": [2, 8, 2.5, 10], "rotation": 90, "texture": "#5"},
				"east": {"uv": [2, 9.5, 3, 10], "rotation": 180, "texture": "#5"},
				"west": {"uv": [2, 8, 3, 8.5], "texture": "#5"},
				"up": {"uv": [2, 8, 3, 10], "rotation": 270, "texture": "#5"},
				"down": {"uv": [2, 8, 3, 10], "rotation": 270, "texture": "#5"}
			}
		},
		{
			"from": [5.92911, 23.75003, 6.97951],
			"to": [7.92911, 24.25003, 7.97951],
			"rotation": {"angle": 45, "axis": "y", "origin": [9.9035, 16.05187, 5.69708]},
			"faces": {
				"east": {"uv": [2, 9.5, 3, 10], "rotation": 180, "texture": "#5"},
				"south": {"uv": [2, 8, 2.5, 10], "rotation": 270, "texture": "#5"},
				"west": {"uv": [2, 8, 3, 8.5], "texture": "#5"},
				"up": {"uv": [2, 8, 3, 10], "rotation": 270, "texture": "#5"},
				"down": {"uv": [2, 8, 3, 10], "rotation": 270, "texture": "#5"}
			}
		},
		{
			"from": [4.92911, 23.75003, 4.97951],
			"to": [8.92911, 24.25003, 6.97951],
			"rotation": {"angle": 45, "axis": "y", "origin": [9.9035, 16.05187, 5.69708]},
			"faces": {
				"north": {"uv": [4.5, 7, 5, 11], "rotation": 90, "texture": "#5"},
				"east": {"uv": [3, 10.5, 5, 11], "rotation": 180, "texture": "#5"},
				"south": {"uv": [3, 7, 3.5, 11], "rotation": 270, "texture": "#5"},
				"west": {"uv": [3, 7, 5, 7.5], "texture": "#5"},
				"up": {"uv": [3, 7, 5, 11], "rotation": 270, "texture": "#5"},
				"down": {"uv": [5, 7, 3, 11], "rotation": 270, "texture": "#5"}
			}
		},
		{
			"from": [8.03755, 23.45003, 6.33232],
			"to": [10.03755, 23.95003, 7.33232],
			"rotation": {"angle": -22.5, "axis": "z", "origin": [8.01194, 16.05187, 8.04989]},
			"faces": {
				"north": {"uv": [2, 8, 2.5, 10], "rotation": 90, "texture": "#5"},
				"east": {"uv": [2, 9.5, 3, 10], "rotation": 180, "texture": "#5"},
				"west": {"uv": [2, 8, 3, 8.5], "texture": "#5"},
				"up": {"uv": [2, 8, 3, 10], "rotation": 270, "texture": "#5"},
				"down": {"uv": [2, 8, 3, 10], "rotation": 270, "texture": "#5"}
			}
		},
		{
			"from": [15.25271, 14.32203, 7.36168],
			"to": [15.75271, 17.32203, 8.36168],
			"rotation": {"angle": 22.5, "axis": "z", "origin": [8.01194, 16.75187, 8.04989]},
			"faces": {
				"north": {"uv": [13.5, 5, 13, 8], "texture": "#5"},
				"east": {"uv": [14, 5, 13, 8], "texture": "#5"},
				"south": {"uv": [14, 5, 13.5, 8], "texture": "#5"},
				"west": {"uv": [13, 5, 14, 8], "texture": "#5"},
				"up": {"uv": [13, 5.5, 14, 5], "rotation": 270, "texture": "#5"},
				"down": {"uv": [13, 8, 14, 7.5], "rotation": 90, "texture": "#5"}
			}
		},
		{
			"from": [15.25271, 15.32203, 8.36168],
			"to": [15.75271, 16.32203, 9.36168],
			"rotation": {"angle": 22.5, "axis": "z", "origin": [8.01194, 16.75187, 8.04989]},
			"faces": {
				"east": {"uv": [13, 6, 12, 7], "texture": "#5"},
				"south": {"uv": [13, 6, 12, 7], "texture": "#5"},
				"west": {"uv": [13, 6, 12, 7], "texture": "#5"},
				"up": {"uv": [12, 7, 13, 6], "rotation": 270, "texture": "#5"},
				"down": {"uv": [12, 7, 13, 6], "rotation": 90, "texture": "#5"}
			}
		},
		{
			"from": [15.25271, 15.32203, 6.36168],
			"to": [15.75271, 16.32203, 7.36168],
			"rotation": {"angle": 22.5, "axis": "z", "origin": [8.01194, 16.75187, 8.04989]},
			"faces": {
				"north": {"uv": [13, 6, 12, 7], "texture": "#5"},
				"east": {"uv": [13, 6, 12, 7], "texture": "#5"},
				"west": {"uv": [13, 6, 12, 7], "texture": "#5"},
				"up": {"uv": [12, 7, 13, 6], "rotation": 270, "texture": "#5"},
				"down": {"uv": [12, 7, 13, 6], "rotation": 90, "texture": "#5"}
			}
		},
		{
			"from": [14.92898, 11.21854, 9.53212],
			"to": [15.42898, 15.21854, 11.53212],
			"rotation": {"angle": 22.5, "axis": "z", "origin": [8.01194, 16.75187, 8.04989]},
			"faces": {
				"north": {"uv": [3.5, 7, 3, 11], "texture": "#5"},
				"east": {"uv": [5, 7, 3, 11], "texture": "#5"},
				"south": {"uv": [5, 7, 4.5, 11], "texture": "#5"},
				"west": {"uv": [3, 7, 5, 11], "texture": "#5"},
				"up": {"uv": [3, 7.5, 5, 7], "rotation": 270, "texture": "#5"},
				"down": {"uv": [3, 11, 5, 10.5], "rotation": 90, "texture": "#5"}
			}
		},
		{
			"from": [14.92898, 12.21854, 11.53212],
			"to": [15.42898, 14.21854, 12.53212],
			"rotation": {"angle": 22.5, "axis": "z", "origin": [8.01194, 16.75187, 8.04989]},
			"faces": {
				"east": {"uv": [3, 8, 2, 10], "texture": "#5"},
				"south": {"uv": [2.5, 8, 2, 10], "texture": "#5"},
				"west": {"uv": [3, 8, 2, 10], "texture": "#5"},
				"up": {"uv": [2, 8.5, 3, 8], "rotation": 270, "texture": "#5"},
				"down": {"uv": [2, 10, 3, 9.5], "rotation": 90, "texture": "#5"}
			}
		},
		{
			"from": [14.92898, 12.21854, 8.53212],
			"to": [15.42898, 14.21854, 9.53212],
			"rotation": {"angle": 22.5, "axis": "z", "origin": [8.01194, 16.75187, 8.04989]},
			"faces": {
				"north": {"uv": [2.5, 8, 2, 10], "texture": "#5"},
				"east": {"uv": [3, 8, 2, 10], "texture": "#5"},
				"west": {"uv": [3, 8, 2, 10], "texture": "#5"},
				"up": {"uv": [2, 8.5, 3, 8], "rotation": 270, "texture": "#5"},
				"down": {"uv": [2, 10, 3, 9.5], "rotation": 90, "texture": "#5"}
			}
		},
		{
			"from": [14.92898, 11.21854, 4.03212],
			"to": [15.42898, 15.21854, 6.03212],
			"rotation": {"angle": 22.5, "axis": "z", "origin": [8.01194, 16.75187, 8.04989]},
			"faces": {
				"north": {"uv": [3.5, 7, 3, 11], "texture": "#5"},
				"east": {"uv": [5, 7, 3, 11], "texture": "#5"},
				"south": {"uv": [5, 7, 4.5, 11], "texture": "#5"},
				"west": {"uv": [3, 7, 5, 11], "texture": "#5"},
				"up": {"uv": [3, 7.5, 5, 7], "rotation": 270, "texture": "#5"},
				"down": {"uv": [3, 11, 5, 10.5], "rotation": 90, "texture": "#5"}
			}
		},
		{
			"from": [14.92898, 12.21854, 6.03212],
			"to": [15.42898, 14.21854, 7.03212],
			"rotation": {"angle": 22.5, "axis": "z", "origin": [8.01194, 16.75187, 8.04989]},
			"faces": {
				"east": {"uv": [3, 8, 2, 10], "texture": "#5"},
				"south": {"uv": [2.5, 8, 2, 10], "texture": "#5"},
				"west": {"uv": [3, 8, 2, 10], "texture": "#5"},
				"up": {"uv": [2, 8.5, 3, 8], "rotation": 270, "texture": "#5"},
				"down": {"uv": [2, 10, 3, 9.5], "rotation": 90, "texture": "#5"}
			}
		},
		{
			"from": [14.92898, 12.21854, 3.03212],
			"to": [15.42898, 14.21854, 4.03212],
			"rotation": {"angle": 22.5, "axis": "z", "origin": [8.01194, 16.75187, 8.04989]},
			"faces": {
				"north": {"uv": [2.5, 8, 2, 10], "texture": "#5"},
				"east": {"uv": [3, 8, 2, 10], "texture": "#5"},
				"west": {"uv": [3, 8, 2, 10], "texture": "#5"},
				"up": {"uv": [2, 8.5, 3, 8], "rotation": 270, "texture": "#5"},
				"down": {"uv": [2, 10, 3, 9.5], "rotation": 90, "texture": "#5"}
			}
		},
		{
			"from": [14.20955, 13.10841, 9.83232],
			"to": [14.70955, 17.10841, 11.83232],
			"rotation": {"angle": 45, "axis": "z", "origin": [8.01194, 16.75187, 8.04989]},
			"faces": {
				"north": {"uv": [3.5, 7, 3, 11], "texture": "#5"},
				"east": {"uv": [5, 7, 3, 11], "texture": "#5"},
				"south": {"uv": [5, 7, 4.5, 11], "texture": "#5"},
				"west": {"uv": [3, 7, 5, 11], "texture": "#5"},
				"up": {"uv": [3, 7.5, 5, 7], "rotation": 270, "texture": "#5"},
				"down": {"uv": [3, 11, 5, 10.5], "rotation": 90, "texture": "#5"}
			}
		},
		{
			"from": [14.20955, 14.10841, 8.83232],
			"to": [14.70955, 16.10841, 9.83232],
			"rotation": {"angle": 45, "axis": "z", "origin": [8.01194, 16.75187, 8.04989]},
			"faces": {
				"north": {"uv": [2.5, 8, 2, 10], "texture": "#5"},
				"east": {"uv": [3, 8, 2, 10], "texture": "#5"},
				"west": {"uv": [3, 8, 2, 10], "texture": "#5"},
				"up": {"uv": [2, 8.5, 3, 8], "rotation": 270, "texture": "#5"},
				"down": {"uv": [2, 10, 3, 9.5], "rotation": 90, "texture": "#5"}
			}
		},
		{
			"from": [14.20955, 14.10841, 11.83232],
			"to": [14.70955, 16.10841, 12.83232],
			"rotation": {"angle": 45, "axis": "z", "origin": [8.01194, 16.75187, 8.04989]},
			"faces": {
				"east": {"uv": [3, 8, 2, 10], "texture": "#5"},
				"south": {"uv": [2.5, 8, 2, 10], "texture": "#5"},
				"west": {"uv": [3, 8, 2, 10], "texture": "#5"},
				"up": {"uv": [2, 8.5, 3, 8], "rotation": 270, "texture": "#5"},
				"down": {"uv": [2, 10, 3, 9.5], "rotation": 90, "texture": "#5"}
			}
		},
		{
			"from": [14.20955, 13.70841, 3.73232],
			"to": [14.70955, 17.70841, 5.73232],
			"rotation": {"angle": 45, "axis": "z", "origin": [8.01194, 16.75187, 8.04989]},
			"faces": {
				"north": {"uv": [3.5, 2, 3, 6], "texture": "#5"},
				"east": {"uv": [5, 2, 3, 6], "texture": "#5"},
				"south": {"uv": [5, 2, 4.5, 6], "texture": "#5"},
				"west": {"uv": [3, 2, 5, 6], "texture": "#5"},
				"up": {"uv": [3, 2.5, 5, 2], "rotation": 270, "texture": "#5"},
				"down": {"uv": [3, 6, 5, 5.5], "rotation": 90, "texture": "#5"}
			}
		},
		{
			"from": [14.20955, 14.70841, 2.73232],
			"to": [14.70955, 16.70841, 3.73232],
			"rotation": {"angle": 45, "axis": "z", "origin": [8.01194, 16.75187, 8.04989]},
			"faces": {
				"north": {"uv": [2.5, 3, 2, 5], "texture": "#5"},
				"east": {"uv": [3, 3, 2, 5], "texture": "#5"},
				"west": {"uv": [3, 3, 2, 5], "texture": "#5"},
				"up": {"uv": [2, 3.5, 3, 3], "rotation": 270, "texture": "#5"},
				"down": {"uv": [2, 5, 3, 4.5], "rotation": 90, "texture": "#5"}
			}
		},
		{
			"from": [14.20955, 14.70841, 5.73232],
			"to": [14.70955, 16.70841, 6.73232],
			"rotation": {"angle": 45, "axis": "z", "origin": [8.01194, 16.75187, 8.04989]},
			"faces": {
				"east": {"uv": [3, 3, 2, 5], "texture": "#5"},
				"south": {"uv": [2.5, 3, 2, 5], "texture": "#5"},
				"west": {"uv": [3, 3, 2, 5], "texture": "#5"},
				"up": {"uv": [2, 3.5, 3, 3], "rotation": 270, "texture": "#5"},
				"down": {"uv": [2, 5, 3, 4.5], "rotation": 90, "texture": "#5"}
			}
		},
		{
			"from": [15.42334, 11.06936, 7.20321],
			"to": [15.92334, 15.06936, 9.20321],
			"rotation": {"angle": 0, "axis": "y", "origin": [8.01194, 16.75187, 8.04989]},
			"faces": {
				"north": {"uv": [3.5, 7, 3, 11], "texture": "#5"},
				"east": {"uv": [5, 7, 3, 11], "texture": "#5"},
				"south": {"uv": [5, 7, 4.5, 11], "texture": "#5"},
				"west": {"uv": [3, 7, 5, 11], "texture": "#5"},
				"up": {"uv": [3, 7.5, 5, 7], "rotation": 270, "texture": "#5"},
				"down": {"uv": [3, 11, 5, 10.5], "rotation": 90, "texture": "#5"}
			}
		},
		{
			"from": [15.42334, 12.06936, 9.20321],
			"to": [15.92334, 14.06936, 10.20321],
			"rotation": {"angle": 0, "axis": "y", "origin": [8.01194, 16.75187, 8.04989]},
			"faces": {
				"east": {"uv": [3, 8, 2, 10], "texture": "#5"},
				"south": {"uv": [2.5, 8, 2, 10], "texture": "#5"},
				"west": {"uv": [3, 8, 2, 10], "texture": "#5"},
				"up": {"uv": [2, 8.5, 3, 8], "rotation": 270, "texture": "#5"},
				"down": {"uv": [2, 10, 3, 9.5], "rotation": 90, "texture": "#5"}
			}
		},
		{
			"from": [15.42334, 12.06936, 6.20321],
			"to": [15.92334, 14.06936, 7.20321],
			"rotation": {"angle": 0, "axis": "y", "origin": [8.01194, 16.75187, 8.04989]},
			"faces": {
				"north": {"uv": [2.5, 8, 2, 10], "texture": "#5"},
				"east": {"uv": [3, 8, 2, 10], "texture": "#5"},
				"west": {"uv": [3, 8, 2, 10], "texture": "#5"},
				"up": {"uv": [2, 8.5, 3, 8], "rotation": 270, "texture": "#5"},
				"down": {"uv": [2, 10, 3, 9.5], "rotation": 90, "texture": "#5"}
			}
		},
		{
			"from": [0.59489, 12.21854, 8.53212],
			"to": [1.09489, 14.21854, 9.53212],
			"rotation": {"angle": -22.5, "axis": "z", "origin": [8.01194, 16.75187, 8.04989]},
			"faces": {
				"north": {"uv": [2, 8, 2.5, 10], "texture": "#5"},
				"east": {"uv": [2, 8, 3, 10], "texture": "#5"},
				"west": {"uv": [2, 8, 3, 10], "texture": "#5"},
				"up": {"uv": [2, 8, 3, 8.5], "rotation": 270, "texture": "#5"},
				"down": {"uv": [2, 9.5, 3, 10], "rotation": 90, "texture": "#5"}
			}
		},
		{
			"from": [0.59489, 12.21854, 11.53212],
			"to": [1.09489, 14.21854, 12.53212],
			"rotation": {"angle": -22.5, "axis": "z", "origin": [8.01194, 16.75187, 8.04989]},
			"faces": {
				"east": {"uv": [2, 8, 3, 10], "texture": "#5"},
				"south": {"uv": [2, 8, 2.5, 10], "texture": "#5"},
				"west": {"uv": [2, 8, 3, 10], "texture": "#5"},
				"up": {"uv": [2, 8, 3, 8.5], "rotation": 270, "texture": "#5"},
				"down": {"uv": [2, 9.5, 3, 10], "rotation": 90, "texture": "#5"}
			}
		},
		{
			"from": [0.59489, 11.21854, 9.53212],
			"to": [1.09489, 15.21854, 11.53212],
			"rotation": {"angle": -22.5, "axis": "z", "origin": [8.01194, 16.75187, 8.04989]},
			"faces": {
				"north": {"uv": [3, 7, 3.5, 11], "texture": "#5"},
				"east": {"uv": [5, 7, 3, 11], "texture": "#5"},
				"south": {"uv": [4.5, 7, 5, 11], "texture": "#5"},
				"west": {"uv": [3, 7, 5, 11], "texture": "#5"},
				"up": {"uv": [3, 7, 5, 7.5], "rotation": 270, "texture": "#5"},
				"down": {"uv": [3, 10.5, 5, 11], "rotation": 90, "texture": "#5"}
			}
		},
		{
			"from": [1.31432, 14.10841, 11.83232],
			"to": [1.81432, 16.10841, 12.83232],
			"rotation": {"angle": -45, "axis": "z", "origin": [8.01194, 16.75187, 8.04989]},
			"faces": {
				"east": {"uv": [2, 3, 3, 5], "texture": "#5"},
				"south": {"uv": [2, 3, 2.5, 5], "texture": "#5"},
				"west": {"uv": [2, 3, 3, 5], "texture": "#5"},
				"up": {"uv": [2, 3, 3, 3.5], "rotation": 270, "texture": "#5"},
				"down": {"uv": [2, 4.5, 3, 5], "rotation": 90, "texture": "#5"}
			}
		},
		{
			"from": [1.31432, 14.10841, 8.83232],
			"to": [1.81432, 16.10841, 9.83232],
			"rotation": {"angle": -45, "axis": "z", "origin": [8.01194, 16.75187, 8.04989]},
			"faces": {
				"north": {"uv": [2, 3, 2.5, 5], "texture": "#5"},
				"east": {"uv": [2, 3, 3, 5], "texture": "#5"},
				"west": {"uv": [2, 3, 3, 5], "texture": "#5"},
				"up": {"uv": [2, 3, 3, 3.5], "rotation": 270, "texture": "#5"},
				"down": {"uv": [2, 4.5, 3, 5], "rotation": 90, "texture": "#5"}
			}
		},
		{
			"from": [1.31432, 13.10841, 9.83232],
			"to": [1.81432, 17.10841, 11.83232],
			"rotation": {"angle": -45, "axis": "z", "origin": [8.01194, 16.75187, 8.04989]},
			"faces": {
				"north": {"uv": [3, 2, 3.5, 6], "texture": "#5"},
				"east": {"uv": [5, 2, 3, 6], "texture": "#5"},
				"south": {"uv": [4.5, 2, 5, 6], "texture": "#5"},
				"west": {"uv": [3, 2, 5, 6], "texture": "#5"},
				"up": {"uv": [3, 2, 5, 2.5], "rotation": 270, "texture": "#5"},
				"down": {"uv": [3, 5.5, 5, 6], "rotation": 90, "texture": "#5"}
			}
		},
		{
			"from": [5.98632, 23.45003, 6.33232],
			"to": [7.98632, 23.95003, 7.33232],
			"rotation": {"angle": 22.5, "axis": "z", "origin": [8.01194, 16.05187, 8.04989]},
			"faces": {
				"north": {"uv": [2, 10, 2.5, 8], "rotation": 90, "texture": "#5"},
				"east": {"uv": [3, 8, 2, 8.5], "texture": "#5"},
				"west": {"uv": [3, 9.5, 2, 10], "rotation": 180, "texture": "#5"},
				"up": {"uv": [2, 10, 3, 8], "rotation": 270, "texture": "#5"},
				"down": {"uv": [2, 10, 3, 8], "rotation": 270, "texture": "#5"}
			}
		},
		{
			"from": [4.98632, 23.45003, 7.33232],
			"to": [8.98632, 23.95003, 9.33232],
			"rotation": {"angle": 22.5, "axis": "z", "origin": [8.01194, 16.05187, 8.04989]},
			"faces": {
				"north": {"uv": [4.5, 11, 5, 7], "rotation": 90, "texture": "#5"},
				"east": {"uv": [5, 7, 3, 7.5], "texture": "#5"},
				"south": {"uv": [3, 11, 3.5, 7], "rotation": 270, "texture": "#5"},
				"west": {"uv": [5, 10.5, 3, 11], "rotation": 180, "texture": "#5"},
				"up": {"uv": [3, 11, 5, 7], "rotation": 270, "texture": "#5"},
				"down": {"uv": [5, 11, 3, 7], "rotation": 270, "texture": "#5"}
			}
		},
		{
			"from": [5.98632, 23.45003, 9.33232],
			"to": [7.98632, 23.95003, 10.33232],
			"rotation": {"angle": 22.5, "axis": "z", "origin": [8.01194, 16.05187, 8.04989]},
			"faces": {
				"east": {"uv": [3, 8, 2, 8.5], "texture": "#5"},
				"south": {"uv": [2, 10, 2.5, 8], "rotation": 270, "texture": "#5"},
				"west": {"uv": [3, 9.5, 2, 10], "rotation": 180, "texture": "#5"},
				"up": {"uv": [2, 10, 3, 8], "rotation": 270, "texture": "#5"},
				"down": {"uv": [2, 10, 3, 8], "rotation": 270, "texture": "#5"}
			}
		},
		{
			"from": [0.10054, 12.06936, 6.20321],
			"to": [0.60054, 14.06936, 7.20321],
			"rotation": {"angle": 0, "axis": "y", "origin": [8.01194, 16.75187, 8.04989]},
			"faces": {
				"north": {"uv": [2, 8, 2.5, 10], "texture": "#5"},
				"east": {"uv": [2, 8, 3, 10], "texture": "#5"},
				"west": {"uv": [2, 8, 3, 10], "texture": "#5"},
				"up": {"uv": [2, 8, 3, 8.5], "rotation": 270, "texture": "#5"},
				"down": {"uv": [2, 9.5, 3, 10], "rotation": 90, "texture": "#5"}
			}
		},
		{
			"from": [0.10054, 12.06936, 9.20321],
			"to": [0.60054, 14.06936, 10.20321],
			"rotation": {"angle": 0, "axis": "y", "origin": [8.01194, 16.75187, 8.04989]},
			"faces": {
				"east": {"uv": [2, 8, 3, 10], "texture": "#5"},
				"south": {"uv": [2, 8, 2.5, 10], "texture": "#5"},
				"west": {"uv": [2, 8, 3, 10], "texture": "#5"},
				"up": {"uv": [2, 8, 3, 8.5], "rotation": 270, "texture": "#5"},
				"down": {"uv": [2, 9.5, 3, 10], "rotation": 90, "texture": "#5"}
			}
		},
		{
			"from": [0.10054, 11.06936, 7.20321],
			"to": [0.60054, 15.06936, 9.20321],
			"rotation": {"angle": 0, "axis": "y", "origin": [8.01194, 16.75187, 8.04989]},
			"faces": {
				"north": {"uv": [3, 7, 3.5, 11], "texture": "#5"},
				"east": {"uv": [5, 7, 3, 11], "texture": "#5"},
				"south": {"uv": [4.5, 7, 5, 11], "texture": "#5"},
				"west": {"uv": [3, 7, 5, 11], "texture": "#5"},
				"up": {"uv": [3, 7, 5, 7.5], "rotation": 270, "texture": "#5"},
				"down": {"uv": [3, 10.5, 5, 11], "rotation": 90, "texture": "#5"}
			}
		},
		{
			"from": [0.91432, 14.40841, 6.23232],
			"to": [1.41432, 16.40841, 7.23232],
			"rotation": {"angle": -45, "axis": "z", "origin": [8.01194, 16.75187, 8.04989]},
			"faces": {
				"east": {"uv": [2, 8, 3, 10], "texture": "#5"},
				"south": {"uv": [2, 8, 2.5, 10], "texture": "#5"},
				"west": {"uv": [2, 8, 3, 10], "texture": "#5"},
				"up": {"uv": [2, 8, 3, 8.5], "rotation": 270, "texture": "#5"},
				"down": {"uv": [2, 9.5, 3, 10], "rotation": 90, "texture": "#5"}
			}
		},
		{
			"from": [0.91432, 14.40841, 3.23232],
			"to": [1.41432, 16.40841, 4.23232],
			"rotation": {"angle": -45, "axis": "z", "origin": [8.01194, 16.75187, 8.04989]},
			"faces": {
				"north": {"uv": [2, 8, 2.5, 10], "texture": "#5"},
				"east": {"uv": [2, 8, 3, 10], "texture": "#5"},
				"west": {"uv": [2, 8, 3, 10], "texture": "#5"},
				"up": {"uv": [2, 8, 3, 8.5], "rotation": 270, "texture": "#5"},
				"down": {"uv": [2, 9.5, 3, 10], "rotation": 90, "texture": "#5"}
			}
		},
		{
			"from": [0.91432, 13.40841, 4.23232],
			"to": [1.41432, 17.40841, 6.23232],
			"rotation": {"angle": -45, "axis": "z", "origin": [8.01194, 16.75187, 8.04989]},
			"faces": {
				"north": {"uv": [3, 7, 3.5, 11], "texture": "#5"},
				"east": {"uv": [5, 7, 3, 11], "texture": "#5"},
				"south": {"uv": [4.5, 7, 5, 11], "texture": "#5"},
				"west": {"uv": [3, 7, 5, 11], "texture": "#5"},
				"up": {"uv": [3, 7, 5, 7.5], "rotation": 270, "texture": "#5"},
				"down": {"uv": [3, 10.5, 5, 11], "rotation": 90, "texture": "#5"}
			}
		},
		{
			"from": [0.59489, 12.21854, 3.03212],
			"to": [1.09489, 14.21854, 4.03212],
			"rotation": {"angle": -22.5, "axis": "z", "origin": [8.01194, 16.75187, 8.04989]},
			"faces": {
				"north": {"uv": [2, 8, 2.5, 10], "texture": "#5"},
				"east": {"uv": [2, 8, 3, 10], "texture": "#5"},
				"west": {"uv": [2, 8, 3, 10], "texture": "#5"},
				"up": {"uv": [2, 8, 3, 8.5], "rotation": 270, "texture": "#5"},
				"down": {"uv": [2, 9.5, 3, 10], "rotation": 90, "texture": "#5"}
			}
		},
		{
			"from": [0.59489, 12.21854, 6.03212],
			"to": [1.09489, 14.21854, 7.03212],
			"rotation": {"angle": -22.5, "axis": "z", "origin": [8.01194, 16.75187, 8.04989]},
			"faces": {
				"east": {"uv": [2, 8, 3, 10], "texture": "#5"},
				"south": {"uv": [2, 8, 2.5, 10], "texture": "#5"},
				"west": {"uv": [2, 8, 3, 10], "texture": "#5"},
				"up": {"uv": [2, 8, 3, 8.5], "rotation": 270, "texture": "#5"},
				"down": {"uv": [2, 9.5, 3, 10], "rotation": 90, "texture": "#5"}
			}
		},
		{
			"from": [0.59489, 11.21854, 4.03212],
			"to": [1.09489, 15.21854, 6.03212],
			"rotation": {"angle": -22.5, "axis": "z", "origin": [8.01194, 16.75187, 8.04989]},
			"faces": {
				"north": {"uv": [3, 7, 3.5, 11], "texture": "#5"},
				"east": {"uv": [5, 7, 3, 11], "texture": "#5"},
				"south": {"uv": [4.5, 7, 5, 11], "texture": "#5"},
				"west": {"uv": [3, 7, 5, 11], "texture": "#5"},
				"up": {"uv": [3, 7, 5, 7.5], "rotation": 270, "texture": "#5"},
				"down": {"uv": [3, 10.5, 5, 11], "rotation": 90, "texture": "#5"}
			}
		},
		{
			"from": [0.27116, 15.32203, 6.36168],
			"to": [0.77116, 16.32203, 7.36168],
			"rotation": {"angle": -22.5, "axis": "z", "origin": [8.01194, 16.75187, 8.04989]},
			"faces": {
				"north": {"uv": [12, 6, 13, 7], "texture": "#5"},
				"east": {"uv": [12, 6, 13, 7], "texture": "#5"},
				"west": {"uv": [12, 6, 13, 7], "texture": "#5"},
				"up": {"uv": [12, 6, 13, 7], "rotation": 270, "texture": "#5"},
				"down": {"uv": [12, 6, 13, 7], "rotation": 90, "texture": "#5"}
			}
		},
		{
			"from": [0.27116, 15.32203, 8.36168],
			"to": [0.77116, 16.32203, 9.36168],
			"rotation": {"angle": -22.5, "axis": "z", "origin": [8.01194, 16.75187, 8.04989]},
			"faces": {
				"east": {"uv": [12, 6, 13, 7], "texture": "#5"},
				"south": {"uv": [12, 6, 13, 7], "texture": "#5"},
				"west": {"uv": [12, 6, 13, 7], "texture": "#5"},
				"up": {"uv": [12, 6, 13, 7], "rotation": 270, "texture": "#5"},
				"down": {"uv": [12, 6, 13, 7], "rotation": 90, "texture": "#5"}
			}
		},
		{
			"from": [0.27116, 14.32203, 7.36168],
			"to": [0.77116, 17.32203, 8.36168],
			"rotation": {"angle": -22.5, "axis": "z", "origin": [8.01194, 16.75187, 8.04989]},
			"faces": {
				"north": {"uv": [13, 5, 13.5, 8], "texture": "#5"},
				"east": {"uv": [14, 5, 13, 8], "texture": "#5"},
				"south": {"uv": [13.5, 5, 14, 8], "texture": "#5"},
				"west": {"uv": [13, 5, 14, 8], "texture": "#5"},
				"up": {"uv": [13, 5, 14, 5.5], "rotation": 270, "texture": "#5"},
				"down": {"uv": [13, 7.5, 14, 8], "rotation": 90, "texture": "#5"}
			}
		},
		{
			"from": [15.11782, 14.32896, 8.21991],
			"to": [15.61782, 16.32896, 9.21991],
			"rotation": {"angle": -45, "axis": "y", "origin": [10.26782, 26.32896, 10.31991]},
			"faces": {
				"north": {"uv": [2.5, 10, 2, 8], "rotation": 180, "texture": "#5"},
				"east": {"uv": [3, 10, 2, 8], "rotation": 180, "texture": "#5"},
				"west": {"uv": [3, 10, 2, 8], "rotation": 180, "texture": "#5"},
				"up": {"uv": [2, 8, 3, 8.5], "rotation": 90, "texture": "#5"},
				"down": {"uv": [2, 9.5, 3, 10], "rotation": 270, "texture": "#5"}
			}
		},
		{
			"from": [15.11782, 13.32896, 9.21991],
			"to": [15.61782, 17.32896, 11.21991],
			"rotation": {"angle": -45, "axis": "y", "origin": [10.26782, 26.32896, 10.31991]},
			"faces": {
				"north": {"uv": [5, 11, 4.5, 7], "rotation": 180, "texture": "#5"},
				"east": {"uv": [5, 11, 3, 7], "rotation": 180, "texture": "#5"},
				"south": {"uv": [3.5, 11, 3, 7], "rotation": 180, "texture": "#5"},
				"west": {"uv": [3, 11, 5, 7], "rotation": 180, "texture": "#5"},
				"up": {"uv": [3, 7, 5, 7.5], "rotation": 90, "texture": "#5"},
				"down": {"uv": [3, 10.5, 5, 11], "rotation": 270, "texture": "#5"}
			}
		},
		{
			"from": [15.11782, 14.32896, 11.21991],
			"to": [15.61782, 16.32896, 12.21991],
			"rotation": {"angle": -45, "axis": "y", "origin": [10.26782, 26.32896, 10.31991]},
			"faces": {
				"east": {"uv": [3, 10, 2, 8], "rotation": 180, "texture": "#5"},
				"south": {"uv": [2.5, 10, 2, 8], "rotation": 180, "texture": "#5"},
				"west": {"uv": [3, 10, 2, 8], "rotation": 180, "texture": "#5"},
				"up": {"uv": [2, 8, 3, 8.5], "rotation": 90, "texture": "#5"},
				"down": {"uv": [2, 9.5, 3, 10], "rotation": 270, "texture": "#5"}
			}
		},
		{
			"from": [0.31772, 14.32896, 7.05214],
			"to": [0.81772, 16.32896, 8.05214],
			"rotation": {"angle": 45, "axis": "y", "origin": [6.56772, 25.32896, 8.55214]},
			"faces": {
				"north": {"uv": [2, 10, 2.5, 8], "rotation": 180, "texture": "#5"},
				"east": {"uv": [2, 10, 3, 8], "rotation": 180, "texture": "#5"},
				"west": {"uv": [2, 10, 3, 8], "rotation": 180, "texture": "#5"},
				"up": {"uv": [2, 8.5, 3, 8], "rotation": 90, "texture": "#5"},
				"down": {"uv": [2, 10, 3, 9.5], "rotation": 270, "texture": "#5"}
			}
		},
		{
			"from": [0.31772, 13.32896, 8.05214],
			"to": [0.81772, 17.32896, 10.05214],
			"rotation": {"angle": 45, "axis": "y", "origin": [6.56772, 25.32896, 8.55214]},
			"faces": {
				"north": {"uv": [4.5, 11, 5, 7], "rotation": 180, "texture": "#5"},
				"east": {"uv": [5, 11, 3, 7], "rotation": 180, "texture": "#5"},
				"south": {"uv": [3, 11, 3.5, 7], "rotation": 180, "texture": "#5"},
				"west": {"uv": [3, 11, 5, 7], "rotation": 180, "texture": "#5"},
				"up": {"uv": [3, 7.5, 5, 7], "rotation": 90, "texture": "#5"},
				"down": {"uv": [3, 11, 5, 10.5], "rotation": 270, "texture": "#5"}
			}
		},
		{
			"from": [0.31772, 14.32896, 10.05214],
			"to": [0.81772, 16.32896, 11.05214],
			"rotation": {"angle": 45, "axis": "y", "origin": [6.56772, 25.32896, 8.55214]},
			"faces": {
				"east": {"uv": [2, 10, 3, 8], "rotation": 180, "texture": "#5"},
				"south": {"uv": [2, 10, 2.5, 8], "rotation": 180, "texture": "#5"},
				"west": {"uv": [2, 10, 3, 8], "rotation": 180, "texture": "#5"},
				"up": {"uv": [2, 8.5, 3, 8], "rotation": 90, "texture": "#5"},
				"down": {"uv": [2, 10, 3, 9.5], "rotation": 270, "texture": "#5"}
			}
		},
		{
			"from": [6.29437, 24.11733, 10.59765],
			"to": [7.29437, 24.61733, 12.59765],
			"rotation": {"angle": 22.5, "axis": "x", "origin": [8.29437, 22.72536, 7.6336]},
			"faces": {
				"north": {"uv": [3, 8, 2, 8.5], "texture": "#5"},
				"south": {"uv": [3, 9.5, 2, 10], "rotation": 180, "texture": "#5"},
				"west": {"uv": [2, 10, 2.5, 8], "rotation": 90, "texture": "#5"},
				"up": {"uv": [2, 10, 3, 8], "rotation": 180, "texture": "#5"},
				"down": {"uv": [2, 10, 3, 8], "texture": "#5"}
			}
		},
		{
			"from": [7.29437, 24.11733, 9.59765],
			"to": [9.29437, 24.61733, 13.59765],
			"rotation": {"angle": 22.5, "axis": "x", "origin": [8.29437, 22.72536, 7.6336]},
			"faces": {
				"north": {"uv": [5, 7, 3, 7.5], "texture": "#5"},
				"east": {"uv": [3, 11, 3.5, 7], "rotation": 270, "texture": "#5"},
				"south": {"uv": [5, 10.5, 3, 11], "rotation": 180, "texture": "#5"},
				"west": {"uv": [4.5, 11, 5, 7], "rotation": 90, "texture": "#5"},
				"up": {"uv": [3, 11, 5, 7], "rotation": 180, "texture": "#5"},
				"down": {"uv": [5, 11, 3, 7], "texture": "#5"}
			}
		},
		{
			"from": [9.29437, 24.11733, 10.59765],
			"to": [10.29437, 24.61733, 12.59765],
			"rotation": {"angle": 22.5, "axis": "x", "origin": [8.29437, 22.72536, 7.6336]},
			"faces": {
				"north": {"uv": [3, 8, 2, 8.5], "texture": "#5"},
				"east": {"uv": [2, 10, 2.5, 8], "rotation": 270, "texture": "#5"},
				"south": {"uv": [3, 9.5, 2, 10], "rotation": 180, "texture": "#5"},
				"up": {"uv": [2, 10, 3, 8], "rotation": 180, "texture": "#5"},
				"down": {"uv": [2, 10, 3, 8], "texture": "#5"}
			}
		}
	],
	"groups": [
		{
			"name": "tree",
			"origin": [8, 8, 8],
			"color": 0,
			"children": [0, 1, 2, 3, 4, 5, 6, 7, 8, 9, 10, 11, 12, 13, 14, 15, 16, 17, 18, 19, 20, 21, 22, 23, 24, 25, 26, 27, 28]
		},
		{
			"name": "flower_pot",
			"origin": [8, 8, 8],
			"color": 0,
			"children": [29, 30, 31, 32, 33]
		},
		{
			"name": "group",
			"origin": [10.27847, 23.86643, 6.11983],
			"color": 0,
			"children": [34, 35, 36, 37, 38, 39, 40, 41, 42, 43, 44, 45, 46, 47, 48, 49, 50, 51, 52, 53, 54, 55, 56, 57, 58, 59, 60, 61, 62, 63, 64, 65, 66, 67, 68, 69, 70, 71, 72, 73, 74, 75, 76, 77, 78, 79, 80, 81, 82, 83, 84, 85, 86, 87, 88, 89, 90, 91, 92, 93, 94, 95, 96, 97, 98, 99, 100, 101, 102, 103, 104, 105, 106, 107, 108, 109, 110, 111, 112, 113, 114, 115, 116, 117, 118, 119, 120, 121, 122, 123, 124, 125, 126, 127, 128, 129, 130, 131, 132, 133, 134, 135, 136, 137, 138, 139, 140, 141, 142, 143, 144]
		}
	]
}