{
	"credit": "Made with Blockbench",
	"ambientocclusion": false,
	"texture_size": [32, 32],
	"textures": {
		"0": "block/saplings/monstera_details",
		"1": "block/saplings/monstera_leaves",
		"4": "block/saplings/monstera_stem",
		"5": "block/saplings/monstera_basket",
		"particle": "block/saplings/monstera_details"
	},
	"elements": [
		{
			"from": [7.17076, 9.6, 7.5764],
			"to": [9.17076, 20.6, 9.5764],
			"rotation": {"angle": 0, "axis": "y", "origin": [0.17076, 2.6, 0.5764]},
			"faces": {
				"north": {"uv": [0, 3, 2, 14], "texture": "#0"},
				"east": {"uv": [0, 3, 2, 14], "texture": "#0"},
				"south": {"uv": [0, 3, 2, 14], "texture": "#0"},
				"west": {"uv": [0, 3, 2, 14], "texture": "#0"},
				"up": {"uv": [0, 0, 2, 2], "texture": "#0"}
			}
		},
		{
			"from": [-1.40411, 12.01802, 4.0764],
			"to": [-0.40411, 19.01802, 10.0764],
			"rotation": {"angle": -45, "axis": "z", "origin": [-0.90411, 15.01802, 7.0764]},
			"faces": {
				"north": {"uv": [1, 0, 2, 7], "texture": "#1"},
				"east": {"uv": [7, 0, 1, 7], "texture": "#1"},
				"south": {"uv": [6, 0, 7, 7], "texture": "#1"},
				"west": {"uv": [1, 0, 7, 7], "texture": "#1"},
				"up": {"uv": [1, 0, 7, 1], "rotation": 90, "texture": "#1"},
				"down": {"uv": [7, 6, 1, 7], "rotation": 90, "texture": "#1"}
			}
		},
		{
			"from": [4.59589, 16.01802, 13.9764],
			"to": [8.59589, 17.01802, 14.9764],
			"rotation": {"angle": -45, "axis": "x", "origin": [6.59589, 20.01802, 14.4764]},
			"faces": {
				"north": {"uv": [2, 7, 6, 8], "texture": "#1"},
				"east": {"uv": [3, 7, 2, 8], "texture": "#1"},
				"south": {"uv": [6, 7, 2, 8], "texture": "#1"},
				"west": {"uv": [6, 7, 5, 8], "texture": "#1"},
				"down": {"uv": [6, 8, 2, 7], "texture": "#1"}
			}
		},
		{
			"from": [9.59589, 19.01802, 13.9764],
			"to": [10.59589, 20.01802, 14.9764],
			"rotation": {"angle": -45, "axis": "x", "origin": [6.59589, 20.01802, 14.4764]},
			"faces": {
				"north": {"uv": [1, 4, 0, 5], "texture": "#1"},
				"east": {"uv": [1, 4, 0, 5], "texture": "#1"},
				"south": {"uv": [1, 4, 0, 5], "texture": "#1"},
				"up": {"uv": [1, 4, 0, 5], "rotation": 90, "texture": "#1"},
				"down": {"uv": [1, 4, 0, 5], "rotation": 270, "texture": "#1"}
			}
		},
		{
			"from": [9.59589, 21.01802, 13.9764],
			"to": [10.59589, 23.01802, 14.9764],
			"rotation": {"angle": -45, "axis": "x", "origin": [6.59589, 20.01802, 14.4764]},
			"faces": {
				"north": {"uv": [1, 1, 0, 3], "texture": "#1"},
				"east": {"uv": [1, 1, 0, 3], "texture": "#1"},
				"south": {"uv": [1, 1, 0, 3], "texture": "#1"},
				"up": {"uv": [1, 1, 0, 2], "rotation": 90, "texture": "#1"},
				"down": {"uv": [1, 2, 0, 3], "rotation": 270, "texture": "#1"}
			}
		},
		{
			"from": [2.59589, 19.01802, 13.9764],
			"to": [3.59589, 20.01802, 14.9764],
			"rotation": {"angle": -45, "axis": "x", "origin": [6.59589, 20.01802, 14.4764]},
			"faces": {
				"north": {"uv": [8, 4, 7, 5], "texture": "#1"},
				"south": {"uv": [8, 4, 7, 5], "texture": "#1"},
				"west": {"uv": [8, 4, 7, 5], "texture": "#1"},
				"up": {"uv": [8, 4, 7, 5], "rotation": 90, "texture": "#1"},
				"down": {"uv": [8, 4, 7, 5], "rotation": 270, "texture": "#1"}
			}
		},
		{
			"from": [2.59589, 21.01802, 13.9764],
			"to": [3.59589, 23.01802, 14.9764],
			"rotation": {"angle": -45, "axis": "x", "origin": [6.59589, 20.01802, 14.4764]},
			"faces": {
				"north": {"uv": [8, 1, 7, 3], "texture": "#1"},
				"south": {"uv": [8, 1, 7, 3], "texture": "#1"},
				"west": {"uv": [8, 1, 7, 3], "texture": "#1"},
				"up": {"uv": [8, 1, 7, 2], "rotation": 90, "texture": "#1"},
				"down": {"uv": [8, 2, 7, 3], "rotation": 270, "texture": "#1"}
			}
		},
		{
			"from": [3.59589, 17.01802, 13.9764],
			"to": [9.59589, 24.01802, 14.9764],
			"rotation": {"angle": -45, "axis": "x", "origin": [6.59589, 20.01802, 14.4764]},
			"faces": {
				"north": {"uv": [1, 0, 7, 7], "texture": "#1"},
				"east": {"uv": [2, 0, 1, 7], "texture": "#1"},
				"south": {"uv": [7, 0, 1, 7], "texture": "#1"},
				"west": {"uv": [7, 0, 6, 7], "texture": "#1"},
				"up": {"uv": [1, 1, 7, 0], "rotation": 180, "texture": "#1"},
				"down": {"uv": [7, 7, 1, 6], "texture": "#1"}
			}
		},
		{
			"from": [-0.25056, 17.68579, 10.1764],
			"to": [0.74944, 20.68579, 12.1764],
			"rotation": {"angle": -45, "axis": "z", "origin": [0.24944, 19.18579, 11.1764]},
			"faces": {
				"east": {"uv": [14, 2, 12, 5], "texture": "#1"},
				"west": {"uv": [12, 2, 14, 5], "texture": "#1"}
			}
		},
		{
			"from": [4.74944, 19.18579, 12.4764],
			"to": [6.74944, 20.18579, 13.4764],
			"rotation": {"angle": -45, "axis": "x", "origin": [5.74944, 17.68579, 12.9764]},
			"faces": {
				"north": {"uv": [12, 1, 14, 2], "texture": "#1"},
				"east": {"uv": [13, 1, 12, 2], "texture": "#1"},
				"south": {"uv": [14, 1, 12, 2], "texture": "#1"},
				"west": {"uv": [14, 1, 13, 2], "texture": "#1"},
				"up": {"uv": [12, 2, 14, 1], "rotation": 180, "texture": "#1"}
			}
		},
		{
			"from": [6.74944, 16.18579, 12.4764],
			"to": [7.74944, 19.18579, 13.4764],
			"rotation": {"angle": -45, "axis": "x", "origin": [5.74944, 17.68579, 12.9764]},
			"faces": {
				"north": {"uv": [12, 2, 11, 5], "texture": "#1"},
				"east": {"uv": [12, 2, 11, 5], "texture": "#1"},
				"south": {"uv": [12, 2, 11, 5], "texture": "#1"},
				"up": {"uv": [12, 2, 11, 3], "rotation": 90, "texture": "#1"},
				"down": {"uv": [12, 4, 11, 5], "rotation": 270, "texture": "#1"}
			}
		},
		{
			"from": [4.74944, 15.18579, 12.4764],
			"to": [6.74944, 16.18579, 13.4764],
			"rotation": {"angle": -45, "axis": "x", "origin": [5.74944, 17.68579, 12.9764]},
			"faces": {
				"north": {"uv": [12, 6, 14, 5], "texture": "#1"},
				"east": {"uv": [13, 6, 12, 5], "texture": "#1"},
				"south": {"uv": [14, 6, 12, 5], "texture": "#1"},
				"west": {"uv": [14, 6, 13, 5], "texture": "#1"},
				"down": {"uv": [14, 6, 12, 5], "texture": "#1"}
			}
		},
		{
			"from": [3.74944, 16.18579, 12.4764],
			"to": [4.74944, 19.18579, 13.4764],
			"rotation": {"angle": -45, "axis": "x", "origin": [5.74944, 17.68579, 12.9764]},
			"faces": {
				"north": {"uv": [11, 2, 12, 5], "texture": "#1"},
				"south": {"uv": [11, 2, 12, 5], "texture": "#1"},
				"west": {"uv": [11, 2, 12, 5], "texture": "#1"},
				"up": {"uv": [12, 3, 11, 2], "rotation": 90, "texture": "#1"},
				"down": {"uv": [12, 5, 11, 4], "rotation": 270, "texture": "#1"}
			}
		},
		{
			"from": [4.74944, 16.18579, 12.4764],
			"to": [6.74944, 19.18579, 13.4764],
			"rotation": {"angle": -45, "axis": "x", "origin": [5.74944, 17.68579, 12.9764]},
			"faces": {
				"north": {"uv": [12, 2, 14, 5], "texture": "#1"},
				"south": {"uv": [14, 2, 12, 5], "texture": "#1"}
			}
		},
		{
			"from": [-0.25056, 17.68579, 9.1764],
			"to": [0.74944, 20.68579, 10.1764],
			"rotation": {"angle": -45, "axis": "z", "origin": [0.24944, 19.18579, 11.1764]},
			"faces": {
				"north": {"uv": [11, 2, 12, 5], "texture": "#1"},
				"east": {"uv": [11, 2, 12, 5], "texture": "#1"},
				"west": {"uv": [11, 2, 12, 5], "texture": "#1"},
				"up": {"uv": [11, 2, 12, 3], "texture": "#1"},
				"down": {"uv": [11, 4, 12, 5], "texture": "#1"}
			}
		},
		{
			"from": [-0.25056, 17.68579, 12.1764],
			"to": [0.74944, 20.68579, 13.1764],
			"rotation": {"angle": -45, "axis": "z", "origin": [0.24944, 19.18579, 11.1764]},
			"faces": {
				"east": {"uv": [12, 2, 11, 5], "texture": "#1"},
				"south": {"uv": [12, 2, 11, 5], "texture": "#1"},
				"west": {"uv": [12, 2, 11, 5], "texture": "#1"},
				"up": {"uv": [11, 3, 12, 2], "texture": "#1"},
				"down": {"uv": [11, 5, 12, 4], "texture": "#1"}
			}
		},
		{
			"from": [-0.25056, 20.68579, 10.1764],
			"to": [0.74944, 21.68579, 12.1764],
			"rotation": {"angle": -45, "axis": "z", "origin": [0.24944, 19.18579, 11.1764]},
			"faces": {
				"north": {"uv": [12, 1, 13, 2], "texture": "#1"},
				"east": {"uv": [14, 1, 12, 2], "texture": "#1"},
				"south": {"uv": [13, 1, 14, 2], "texture": "#1"},
				"west": {"uv": [12, 1, 14, 2], "texture": "#1"},
				"up": {"uv": [12, 1, 14, 2], "rotation": 90, "texture": "#1"}
			}
		},
		{
			"from": [-0.25056, 16.68579, 10.1764],
			"to": [0.74944, 17.68579, 12.1764],
			"rotation": {"angle": -45, "axis": "z", "origin": [0.24944, 19.18579, 11.1764]},
			"faces": {
				"north": {"uv": [12, 6, 13, 5], "texture": "#1"},
				"east": {"uv": [14, 6, 12, 5], "texture": "#1"},
				"south": {"uv": [13, 6, 14, 5], "texture": "#1"},
				"west": {"uv": [12, 6, 14, 5], "texture": "#1"},
				"down": {"uv": [14, 5, 12, 6], "rotation": 90, "texture": "#1"}
			}
		},
		{
			"from": [-1.40411, 11.01802, 5.0764],
			"to": [-0.40411, 12.01802, 9.0764],
			"rotation": {"angle": -45, "axis": "z", "origin": [-0.90411, 15.01802, 7.0764]},
			"faces": {
				"north": {"uv": [2, 7, 3, 8], "texture": "#1"},
				"east": {"uv": [6, 7, 2, 8], "texture": "#1"},
				"south": {"uv": [5, 7, 6, 8], "texture": "#1"},
				"west": {"uv": [2, 7, 6, 8], "texture": "#1"},
				"down": {"uv": [6, 7, 2, 8], "rotation": 90, "texture": "#1"}
			}
		},
		{
			"from": [-1.40411, 16.01802, 3.0764],
			"to": [-0.40411, 18.01802, 4.0764],
			"rotation": {"angle": -45, "axis": "z", "origin": [-0.90411, 15.01802, 7.0764]},
			"faces": {
				"north": {"uv": [0, 1, 1, 3], "texture": "#1"},
				"east": {"uv": [0, 1, 1, 3], "texture": "#1"},
				"west": {"uv": [0, 1, 1, 3], "texture": "#1"},
				"up": {"uv": [0, 1, 1, 2], "texture": "#1"},
				"down": {"uv": [0, 2, 1, 3], "texture": "#1"}
			}
		},
		{
			"from": [-1.40411, 14.01802, 10.0764],
			"to": [-0.40411, 15.01802, 11.0764],
			"rotation": {"angle": -45, "axis": "z", "origin": [-0.90411, 15.01802, 7.0764]},
			"faces": {
				"east": {"uv": [7, 4, 8, 5], "texture": "#1"},
				"south": {"uv": [7, 4, 8, 5], "texture": "#1"},
				"west": {"uv": [7, 4, 8, 5], "texture": "#1"},
				"up": {"uv": [7, 4, 8, 5], "texture": "#1"},
				"down": {"uv": [7, 4, 8, 5], "texture": "#1"}
			}
		},
		{
			"from": [-1.40411, 16.01802, 10.0764],
			"to": [-0.40411, 18.01802, 11.0764],
			"rotation": {"angle": -45, "axis": "z", "origin": [-0.90411, 15.01802, 7.0764]},
			"faces": {
				"east": {"uv": [7, 1, 8, 3], "texture": "#1"},
				"south": {"uv": [7, 1, 8, 3], "texture": "#1"},
				"west": {"uv": [7, 1, 8, 3], "texture": "#1"},
				"up": {"uv": [7, 1, 8, 2], "texture": "#1"},
				"down": {"uv": [7, 2, 8, 3], "texture": "#1"}
			}
		},
		{
			"from": [-1.40411, 14.01802, 3.0764],
			"to": [-0.40411, 15.01802, 4.0764],
			"rotation": {"angle": -45, "axis": "z", "origin": [-0.90411, 15.01802, 7.0764]},
			"faces": {
				"north": {"uv": [0, 4, 1, 5], "texture": "#1"},
				"east": {"uv": [0, 4, 1, 5], "texture": "#1"},
				"west": {"uv": [0, 4, 1, 5], "texture": "#1"},
				"up": {"uv": [0, 4, 1, 5], "texture": "#1"},
				"down": {"uv": [0, 4, 1, 5], "texture": "#1"}
			}
		},
		{
			"from": [6.17076, 9.6, 6.5764],
			"to": [7.17076, 13.6, 7.5764],
			"rotation": {"angle": 0, "axis": "y", "origin": [6.17076, 9.6, 6.5764]},
			"faces": {
				"north": {"uv": [0, 0, 1, 4], "texture": "#4"},
				"east": {"uv": [1, 0, 2, 4], "texture": "#4"},
				"south": {"uv": [2, 0, 3, 4], "texture": "#4"},
				"west": {"uv": [3, 0, 4, 4], "texture": "#4"},
				"up": {"uv": [2, 9, 1, 8], "texture": "#4"}
			}
		},
		{
			"from": [4.17076, 13.6, 6.5764],
			"to": [5.17076, 16.6, 7.5764],
			"rotation": {"angle": 0, "axis": "y", "origin": [4.17076, 13.6, 6.5764]},
			"faces": {
				"north": {"uv": [0, 4, 1, 7], "texture": "#4"},
				"east": {"uv": [4, 0, 5, 3], "texture": "#4"},
				"south": {"uv": [1, 4, 2, 7], "texture": "#4"},
				"west": {"uv": [2, 4, 3, 7], "texture": "#4"},
				"up": {"uv": [5, 9, 4, 8], "texture": "#4"}
			}
		},
		{
			"from": [4.17076, 16.6, 7.5764],
			"to": [5.17076, 18.6, 8.5764],
			"rotation": {"angle": 0, "axis": "y", "origin": [4.17076, 16.6, 7.5764]},
			"faces": {
				"north": {"uv": [6, 0, 7, 2], "texture": "#4"},
				"east": {"uv": [6, 2, 7, 4], "texture": "#4"},
				"south": {"uv": [4, 6, 5, 8], "texture": "#4"},
				"west": {"uv": [6, 4, 7, 6], "texture": "#4"},
				"up": {"uv": [10, 7, 9, 6], "texture": "#4"},
				"down": {"uv": [2, 10, 1, 11], "texture": "#4"}
			}
		},
		{
			"from": [4.17076, 18.6, 8.5764],
			"to": [5.17076, 19.6, 10.5764],
			"rotation": {"angle": 0, "axis": "y", "origin": [4.17076, 16.6, 7.5764]},
			"faces": {
				"north": {"uv": [2, 10, 3, 11], "texture": "#4"},
				"east": {"uv": [5, 6, 7, 7], "texture": "#4"},
				"south": {"uv": [10, 2, 11, 3], "texture": "#4"},
				"west": {"uv": [0, 7, 2, 8], "texture": "#4"},
				"up": {"uv": [8, 2, 7, 0], "texture": "#4"},
				"down": {"uv": [3, 7, 2, 9], "texture": "#4"}
			}
		},
		{
			"from": [4.17076, 18.6, 5.5764],
			"to": [5.17076, 19.6, 7.5764],
			"rotation": {"angle": 0, "axis": "y", "origin": [4.17076, 16.6, 4.5764]},
			"faces": {
				"north": {"uv": [2, 10, 3, 11], "texture": "#4"},
				"east": {"uv": [5, 6, 7, 7], "texture": "#4"},
				"south": {"uv": [10, 2, 11, 3], "texture": "#4"},
				"west": {"uv": [0, 7, 2, 8], "texture": "#4"},
				"up": {"uv": [8, 2, 7, 0], "texture": "#4"},
				"down": {"uv": [3, 7, 2, 9], "texture": "#4"}
			}
		},
		{
			"from": [6.17076, 19.6, 11.5764],
			"to": [7.17076, 22.6, 12.5764],
			"rotation": {"angle": 0, "axis": "y", "origin": [6.17076, 17.6, 10.5764]},
			"faces": {
				"north": {"uv": [3, 4, 4, 7], "texture": "#4"},
				"east": {"uv": [4, 3, 5, 6], "texture": "#4"},
				"south": {"uv": [5, 0, 6, 3], "texture": "#4"},
				"west": {"uv": [5, 3, 6, 6], "texture": "#4"},
				"up": {"uv": [4, 11, 3, 10], "texture": "#4"},
				"down": {"uv": [11, 3, 10, 4], "texture": "#4"}
			}
		},
		{
			"from": [5.17076, 19.6, 4.5764],
			"to": [6.17076, 20.6, 5.5764],
			"rotation": {"angle": 0, "axis": "y", "origin": [6.4896, 21.03851, 2.4014]},
			"faces": {
				"north": {"uv": [12, 4, 11, 5], "texture": "#4"},
				"east": {"uv": [5, 11, 4, 12], "texture": "#4"},
				"south": {"uv": [12, 3, 11, 4], "texture": "#4"},
				"west": {"uv": [6, 11, 5, 12], "texture": "#4"},
				"up": {"uv": [12, 5, 11, 6], "texture": "#4"},
				"down": {"uv": [7, 12, 6, 11], "texture": "#4"}
			}
		},
		{
			"from": [9.59589, 21.51137, 1.40324],
			"to": [10.59589, 23.51137, 2.40324],
			"rotation": {"angle": 45, "axis": "x", "origin": [6.4896, 21.03851, 2.4014]},
			"faces": {
				"north": {"uv": [0, 1, 1, 3], "texture": "#1"},
				"east": {"uv": [0, 1, 1, 3], "texture": "#1"},
				"south": {"uv": [0, 1, 1, 3], "texture": "#1"},
				"up": {"uv": [0, 1, 1, 2], "rotation": 90, "texture": "#1"},
				"down": {"uv": [0, 2, 1, 3], "rotation": 270, "texture": "#1"}
			}
		},
		{
			"from": [9.59589, 19.51137, 1.40324],
			"to": [10.59589, 20.51137, 2.40324],
			"rotation": {"angle": 45, "axis": "x", "origin": [6.4896, 21.03851, 2.4014]},
			"faces": {
				"north": {"uv": [0, 4, 1, 5], "texture": "#1"},
				"east": {"uv": [0, 4, 1, 5], "texture": "#1"},
				"south": {"uv": [0, 4, 1, 5], "texture": "#1"},
				"up": {"uv": [0, 4, 1, 5], "rotation": 90, "texture": "#1"},
				"down": {"uv": [0, 4, 1, 5], "rotation": 270, "texture": "#1"}
			}
		},
		{
			"from": [4.59589, 16.51137, 1.40324],
			"to": [8.59589, 17.51137, 2.40324],
			"rotation": {"angle": 45, "axis": "x", "origin": [6.4896, 21.03851, 2.4014]},
			"faces": {
				"north": {"uv": [2, 7, 6, 8], "texture": "#1"},
				"east": {"uv": [2, 7, 3, 8], "texture": "#1"},
				"south": {"uv": [6, 7, 2, 8], "texture": "#1"},
				"west": {"uv": [5, 7, 6, 8], "texture": "#1"},
				"down": {"uv": [6, 7, 2, 8], "texture": "#1"}
			}
		},
		{
			"from": [2.59589, 19.51137, 1.40324],
			"to": [3.59589, 20.51137, 2.40324],
			"rotation": {"angle": 45, "axis": "x", "origin": [6.4896, 21.03851, 2.4014]},
			"faces": {
				"north": {"uv": [7, 4, 8, 5], "texture": "#1"},
				"south": {"uv": [7, 4, 8, 5], "texture": "#1"},
				"west": {"uv": [7, 4, 8, 5], "texture": "#1"},
				"up": {"uv": [7, 4, 8, 5], "rotation": 90, "texture": "#1"},
				"down": {"uv": [7, 4, 8, 5], "rotation": 270, "texture": "#1"}
			}
		},
		{
			"from": [2.59589, 21.51137, 1.40324],
			"to": [3.59589, 23.51137, 2.40324],
			"rotation": {"angle": 45, "axis": "x", "origin": [6.4896, 21.03851, 2.4014]},
			"faces": {
				"north": {"uv": [7, 1, 8, 3], "texture": "#1"},
				"south": {"uv": [7, 1, 8, 3], "texture": "#1"},
				"west": {"uv": [7, 1, 8, 3], "texture": "#1"},
				"up": {"uv": [7, 1, 8, 2], "rotation": 90, "texture": "#1"},
				"down": {"uv": [7, 2, 8, 3], "rotation": 270, "texture": "#1"}
			}
		},
		{
			"from": [3.59589, 17.51137, 1.40324],
			"to": [9.59589, 24.51137, 2.40324],
			"rotation": {"angle": 45, "axis": "x", "origin": [6.4896, 21.03851, 2.4014]},
			"faces": {
				"north": {"uv": [1, 0, 7, 7], "texture": "#1"},
				"east": {"uv": [1, 0, 2, 7], "texture": "#1"},
				"south": {"uv": [7, 0, 1, 7], "texture": "#1"},
				"west": {"uv": [6, 0, 7, 7], "texture": "#1"},
				"up": {"uv": [1, 0, 7, 1], "rotation": 180, "texture": "#1"},
				"down": {"uv": [7, 6, 1, 7], "texture": "#1"}
			}
		},
		{
			"from": [6.17076, 20.6, 3.5764],
			"to": [7.17076, 23.6, 4.5764],
			"rotation": {"angle": 0, "axis": "y", "origin": [6.4896, 21.03851, 2.4014]},
			"faces": {
				"north": {"uv": [6, 0, 5, 3], "texture": "#4"},
				"east": {"uv": [5, 3, 4, 6], "texture": "#4"},
				"south": {"uv": [4, 4, 3, 7], "texture": "#4"},
				"west": {"uv": [6, 3, 5, 6], "texture": "#4"},
				"up": {"uv": [4, 10, 3, 11], "texture": "#4"},
				"down": {"uv": [11, 4, 10, 3], "texture": "#4"}
			}
		},
		{
			"from": [1.17076, 18.6, 10.5764],
			"to": [2.17076, 20.6, 11.5764],
			"rotation": {"angle": 0, "axis": "y", "origin": [1.17076, 16.6, 9.5764]},
			"faces": {
				"north": {"uv": [7, 2, 8, 4], "texture": "#4"},
				"east": {"uv": [3, 7, 4, 9], "texture": "#4"},
				"south": {"uv": [7, 4, 8, 6], "texture": "#4"},
				"west": {"uv": [5, 7, 6, 9], "texture": "#4"},
				"up": {"uv": [5, 11, 4, 10], "texture": "#4"},
				"down": {"uv": [11, 4, 10, 5], "texture": "#4"}
			}
		},
		{
			"from": [5.17076, 12.6, 3.5764],
			"to": [6.17076, 13.6, 4.5764],
			"rotation": {"angle": 0, "axis": "y", "origin": [5.17076, 10.6, 2.5764]},
			"faces": {
				"north": {"uv": [5, 10, 6, 11], "texture": "#4"},
				"east": {"uv": [10, 5, 11, 6], "texture": "#4"},
				"south": {"uv": [6, 10, 7, 11], "texture": "#4"},
				"west": {"uv": [10, 6, 11, 7], "texture": "#4"},
				"up": {"uv": [11, 8, 10, 7], "texture": "#4"},
				"down": {"uv": [11, 8, 10, 9], "texture": "#4"}
			}
		},
		{
			"from": [6.17076, 13.6, 4.5764],
			"to": [7.17076, 14.6, 6.5764],
			"rotation": {"angle": 0, "axis": "y", "origin": [6.17076, 11.6, 3.5764]},
			"faces": {
				"north": {"uv": [10, 9, 11, 10], "texture": "#4"},
				"east": {"uv": [6, 7, 8, 8], "texture": "#4"},
				"south": {"uv": [10, 10, 11, 11], "texture": "#4"},
				"west": {"uv": [7, 6, 9, 7], "texture": "#4"},
				"up": {"uv": [1, 10, 0, 8], "texture": "#4"},
				"down": {"uv": [9, 0, 8, 2], "texture": "#4"}
			}
		},
		{
			"from": [4.17076, 12.6, 6.5764],
			"to": [6.17076, 13.6, 7.5764],
			"rotation": {"angle": 0, "axis": "y", "origin": [6.17076, 10.6, 4.5764]},
			"faces": {
				"north": {"uv": [8, 2, 10, 3], "texture": "#4"},
				"south": {"uv": [8, 3, 10, 4], "texture": "#4"},
				"west": {"uv": [11, 0, 12, 1], "texture": "#4"},
				"up": {"uv": [10, 5, 8, 4], "texture": "#4"},
				"down": {"uv": [10, 5, 8, 6], "texture": "#4"}
			}
		},
		{
			"from": [2.17076, 17.6, 10.5764],
			"to": [4.17076, 18.6, 11.5764],
			"rotation": {"angle": 0, "axis": "y", "origin": [3.17076, 15.6, 9.5764]},
			"faces": {
				"north": {"uv": [6, 8, 8, 9], "texture": "#4"},
				"east": {"uv": [1, 11, 2, 12], "texture": "#4"},
				"south": {"uv": [8, 7, 10, 8], "texture": "#4"},
				"west": {"uv": [11, 1, 12, 2], "texture": "#4"},
				"up": {"uv": [10, 9, 8, 8], "texture": "#4"},
				"down": {"uv": [11, 0, 9, 1], "texture": "#4"}
			}
		},
		{
			"from": [2.17076, 14.6, 6.5764],
			"to": [4.17076, 15.6, 7.5764],
			"rotation": {"angle": 0, "axis": "y", "origin": [3.17076, 12.6, 5.5764]},
			"faces": {
				"north": {"uv": [1, 9, 3, 10], "texture": "#4"},
				"south": {"uv": [9, 1, 11, 2], "texture": "#4"},
				"west": {"uv": [2, 11, 3, 12], "texture": "#4"},
				"up": {"uv": [5, 10, 3, 9], "texture": "#4"},
				"down": {"uv": [7, 9, 5, 10], "texture": "#4"}
			}
		},
		{
			"from": [1.17076, 15.6, 6.5764],
			"to": [2.17076, 17.6, 7.5764],
			"rotation": {"angle": 0, "axis": "y", "origin": [1.17076, 13.6, 5.5764]},
			"faces": {
				"north": {"uv": [7, 9, 8, 11], "texture": "#4"},
				"east": {"uv": [8, 9, 9, 11], "texture": "#4"},
				"south": {"uv": [9, 9, 10, 11], "texture": "#4"},
				"west": {"uv": [0, 10, 1, 12], "texture": "#4"},
				"up": {"uv": [12, 3, 11, 2], "texture": "#4"},
				"down": {"uv": [4, 11, 3, 12], "texture": "#4"}
			}
		},
		{
			"from": [5.17076, 18.6, 10.5764],
			"to": [6.17076, 19.6, 11.5764],
			"rotation": {"angle": 0, "axis": "y", "origin": [5.17076, 16.6, 9.5764]},
			"faces": {
				"north": {"uv": [11, 3, 12, 4], "texture": "#4"},
				"east": {"uv": [4, 11, 5, 12], "texture": "#4"},
				"south": {"uv": [11, 4, 12, 5], "texture": "#4"},
				"west": {"uv": [5, 11, 6, 12], "texture": "#4"},
				"up": {"uv": [12, 6, 11, 5], "texture": "#4"},
				"down": {"uv": [7, 11, 6, 12], "texture": "#4"}
			}
		},
		{
			"from": [6.67076, 9.55441, 4.96864],
			"to": [12.67076, 16.55441, 5.96864],
			"rotation": {"angle": 45, "axis": "x", "origin": [12.82505, 17.36783, 6.95892]},
			"faces": {
				"north": {"uv": [7, 0, 1, 7], "texture": "#1"},
				"east": {"uv": [7, 0, 6, 7], "texture": "#1"},
				"south": {"uv": [1, 0, 7, 7], "texture": "#1"},
				"west": {"uv": [2, 0, 1, 7], "texture": "#1"},
				"up": {"uv": [7, 0, 1, 1], "rotation": 180, "texture": "#1"},
				"down": {"uv": [1, 6, 7, 7], "texture": "#1"}
			}
		},
		{
			"from": [17.20119, 12.23962, 8.00153],
			"to": [18.20119, 13.23962, 12.00153],
			"rotation": {"angle": 45, "axis": "z", "origin": [12.82505, 17.36783, 6.95892]},
			"faces": {
				"north": {"uv": [5, 7, 6, 8], "texture": "#1"},
				"east": {"uv": [2, 7, 6, 8], "texture": "#1"},
				"south": {"uv": [2, 7, 3, 8], "texture": "#1"},
				"west": {"uv": [6, 7, 2, 8], "texture": "#1"},
				"down": {"uv": [6, 7, 2, 8], "rotation": 270, "texture": "#1"}
			}
		},
		{
			"from": [17.20119, 15.23962, 13.00153],
			"to": [18.20119, 16.23962, 14.00153],
			"rotation": {"angle": 45, "axis": "z", "origin": [12.82505, 17.36783, 6.95892]},
			"faces": {
				"east": {"uv": [0, 4, 1, 5], "texture": "#1"},
				"south": {"uv": [0, 4, 1, 5], "texture": "#1"},
				"west": {"uv": [0, 4, 1, 5], "texture": "#1"},
				"up": {"uv": [0, 4, 1, 5], "rotation": 180, "texture": "#1"},
				"down": {"uv": [0, 4, 1, 5], "rotation": 180, "texture": "#1"}
			}
		},
		{
			"from": [17.20119, 17.23962, 13.00153],
			"to": [18.20119, 19.23962, 14.00153],
			"rotation": {"angle": 45, "axis": "z", "origin": [12.82505, 17.36783, 6.95892]},
			"faces": {
				"east": {"uv": [0, 1, 1, 3], "texture": "#1"},
				"south": {"uv": [0, 1, 1, 3], "texture": "#1"},
				"west": {"uv": [0, 1, 1, 3], "texture": "#1"},
				"up": {"uv": [0, 1, 1, 2], "rotation": 180, "texture": "#1"},
				"down": {"uv": [0, 2, 1, 3], "rotation": 180, "texture": "#1"}
			}
		},
		{
			"from": [17.20119, 15.23962, 6.00153],
			"to": [18.20119, 16.23962, 7.00153],
			"rotation": {"angle": 45, "axis": "z", "origin": [12.82505, 17.36783, 6.95892]},
			"faces": {
				"north": {"uv": [7, 4, 8, 5], "texture": "#1"},
				"east": {"uv": [7, 4, 8, 5], "texture": "#1"},
				"west": {"uv": [7, 4, 8, 5], "texture": "#1"},
				"up": {"uv": [7, 4, 8, 5], "rotation": 180, "texture": "#1"},
				"down": {"uv": [7, 4, 8, 5], "rotation": 180, "texture": "#1"}
			}
		},
		{
			"from": [17.20119, 17.23962, 6.00153],
			"to": [18.20119, 19.23962, 7.00153],
			"rotation": {"angle": 45, "axis": "z", "origin": [12.82505, 17.36783, 6.95892]},
			"faces": {
				"north": {"uv": [7, 1, 8, 3], "texture": "#1"},
				"east": {"uv": [7, 1, 8, 3], "texture": "#1"},
				"west": {"uv": [7, 1, 8, 3], "texture": "#1"},
				"up": {"uv": [7, 1, 8, 2], "rotation": 180, "texture": "#1"},
				"down": {"uv": [7, 2, 8, 3], "rotation": 180, "texture": "#1"}
			}
		},
		{
			"from": [17.20119, 13.23962, 7.00153],
			"to": [18.20119, 20.23962, 13.00153],
			"rotation": {"angle": 45, "axis": "z", "origin": [12.82505, 17.36783, 6.95892]},
			"faces": {
				"north": {"uv": [6, 0, 7, 7], "texture": "#1"},
				"east": {"uv": [1, 0, 7, 7], "texture": "#1"},
				"south": {"uv": [1, 0, 2, 7], "texture": "#1"},
				"west": {"uv": [7, 0, 1, 7], "texture": "#1"},
				"up": {"uv": [1, 0, 7, 1], "rotation": 270, "texture": "#1"},
				"down": {"uv": [7, 6, 1, 7], "rotation": 270, "texture": "#1"}
			}
		},
		{
			"from": [12.77076, 14.81715, 2.83726],
			"to": [14.77076, 17.81715, 3.83726],
			"rotation": {"angle": 45, "axis": "x", "origin": [12.82505, 17.36783, 6.95892]},
			"faces": {
				"north": {"uv": [14, 2, 12, 5], "texture": "#1"},
				"south": {"uv": [12, 2, 14, 5], "texture": "#1"}
			}
		},
		{
			"from": [14.49139, 17.15115, 8.15508],
			"to": [15.49139, 18.15115, 10.15508],
			"rotation": {"angle": 45, "axis": "z", "origin": [12.82505, 17.36783, 6.95892]},
			"faces": {
				"north": {"uv": [13, 1, 14, 2], "texture": "#1"},
				"east": {"uv": [12, 1, 14, 2], "texture": "#1"},
				"south": {"uv": [12, 1, 13, 2], "texture": "#1"},
				"west": {"uv": [14, 1, 12, 2], "texture": "#1"},
				"up": {"uv": [12, 1, 14, 2], "rotation": 270, "texture": "#1"}
			}
		},
		{
			"from": [14.49139, 14.15115, 10.15508],
			"to": [15.49139, 17.15115, 11.15508],
			"rotation": {"angle": 45, "axis": "z", "origin": [12.82505, 17.36783, 6.95892]},
			"faces": {
				"east": {"uv": [11, 2, 12, 5], "texture": "#1"},
				"south": {"uv": [11, 2, 12, 5], "texture": "#1"},
				"west": {"uv": [11, 2, 12, 5], "texture": "#1"},
				"up": {"uv": [11, 2, 12, 3], "rotation": 180, "texture": "#1"},
				"down": {"uv": [11, 4, 12, 5], "rotation": 180, "texture": "#1"}
			}
		},
		{
			"from": [14.49139, 13.15115, 8.15508],
			"to": [15.49139, 14.15115, 10.15508],
			"rotation": {"angle": 45, "axis": "z", "origin": [12.82505, 17.36783, 6.95892]},
			"faces": {
				"north": {"uv": [13, 6, 14, 5], "texture": "#1"},
				"east": {"uv": [12, 6, 14, 5], "texture": "#1"},
				"south": {"uv": [12, 6, 13, 5], "texture": "#1"},
				"west": {"uv": [14, 6, 12, 5], "texture": "#1"},
				"down": {"uv": [14, 5, 12, 6], "rotation": 270, "texture": "#1"}
			}
		},
		{
			"from": [14.49139, 14.15115, 7.15508],
			"to": [15.49139, 17.15115, 8.15508],
			"rotation": {"angle": 45, "axis": "z", "origin": [12.82505, 17.36783, 6.95892]},
			"faces": {
				"north": {"uv": [12, 2, 11, 5], "texture": "#1"},
				"east": {"uv": [12, 2, 11, 5], "texture": "#1"},
				"west": {"uv": [12, 2, 11, 5], "texture": "#1"},
				"up": {"uv": [11, 3, 12, 2], "rotation": 180, "texture": "#1"},
				"down": {"uv": [11, 5, 12, 4], "rotation": 180, "texture": "#1"}
			}
		},
		{
			"from": [14.49139, 14.15115, 8.15508],
			"to": [15.49139, 17.15115, 10.15508],
			"rotation": {"angle": 45, "axis": "z", "origin": [12.82505, 17.36783, 6.95892]},
			"faces": {
				"east": {"uv": [12, 2, 14, 5], "texture": "#1"},
				"west": {"uv": [14, 2, 12, 5], "texture": "#1"}
			}
		},
		{
			"from": [11.77076, 14.81715, 2.83726],
			"to": [12.77076, 17.81715, 3.83726],
			"rotation": {"angle": 45, "axis": "x", "origin": [12.82505, 17.36783, 6.95892]},
			"faces": {
				"north": {"uv": [12, 2, 11, 5], "texture": "#1"},
				"south": {"uv": [12, 2, 11, 5], "texture": "#1"},
				"west": {"uv": [12, 2, 11, 5], "texture": "#1"},
				"up": {"uv": [11, 3, 12, 2], "rotation": 90, "texture": "#1"},
				"down": {"uv": [11, 5, 12, 4], "rotation": 270, "texture": "#1"}
			}
		},
		{
			"from": [14.77076, 14.81715, 2.83726],
			"to": [15.77076, 17.81715, 3.83726],
			"rotation": {"angle": 45, "axis": "x", "origin": [12.82505, 17.36783, 6.95892]},
			"faces": {
				"north": {"uv": [11, 2, 12, 5], "texture": "#1"},
				"east": {"uv": [11, 2, 12, 5], "texture": "#1"},
				"south": {"uv": [11, 2, 12, 5], "texture": "#1"},
				"up": {"uv": [11, 2, 12, 3], "rotation": 90, "texture": "#1"},
				"down": {"uv": [11, 4, 12, 5], "rotation": 270, "texture": "#1"}
			}
		},
		{
			"from": [12.77076, 17.81715, 2.83726],
			"to": [14.77076, 18.81715, 3.83726],
			"rotation": {"angle": 45, "axis": "x", "origin": [12.82505, 17.36783, 6.95892]},
			"faces": {
				"north": {"uv": [14, 1, 12, 2], "texture": "#1"},
				"east": {"uv": [14, 1, 13, 2], "texture": "#1"},
				"south": {"uv": [12, 1, 14, 2], "texture": "#1"},
				"west": {"uv": [13, 1, 12, 2], "texture": "#1"},
				"up": {"uv": [14, 1, 12, 2], "rotation": 180, "texture": "#1"}
			}
		},
		{
			"from": [12.77076, 13.81715, 2.83726],
			"to": [14.77076, 14.81715, 3.83726],
			"rotation": {"angle": 45, "axis": "x", "origin": [12.82505, 17.36783, 6.95892]},
			"faces": {
				"north": {"uv": [14, 6, 12, 5], "texture": "#1"},
				"east": {"uv": [14, 6, 13, 5], "texture": "#1"},
				"south": {"uv": [12, 6, 14, 5], "texture": "#1"},
				"west": {"uv": [13, 6, 12, 5], "texture": "#1"},
				"down": {"uv": [12, 5, 14, 6], "texture": "#1"}
			}
		},
		{
			"from": [7.67076, 8.55441, 4.96864],
			"to": [11.67076, 9.55441, 5.96864],
			"rotation": {"angle": 45, "axis": "x", "origin": [12.82505, 17.36783, 6.95892]},
			"faces": {
				"north": {"uv": [6, 7, 2, 8], "texture": "#1"},
				"east": {"uv": [6, 7, 5, 8], "texture": "#1"},
				"south": {"uv": [2, 7, 6, 8], "texture": "#1"},
				"west": {"uv": [3, 7, 2, 8], "texture": "#1"},
				"down": {"uv": [2, 7, 6, 8], "texture": "#1"}
			}
		},
		{
			"from": [5.67076, 13.55441, 4.96864],
			"to": [6.67076, 15.55441, 5.96864],
			"rotation": {"angle": 45, "axis": "x", "origin": [12.82505, 17.36783, 6.95892]},
			"faces": {
				"north": {"uv": [1, 1, 0, 3], "texture": "#1"},
				"south": {"uv": [1, 1, 0, 3], "texture": "#1"},
				"west": {"uv": [1, 1, 0, 3], "texture": "#1"},
				"up": {"uv": [0, 2, 1, 1], "rotation": 90, "texture": "#1"},
				"down": {"uv": [0, 3, 1, 2], "rotation": 270, "texture": "#1"}
			}
		},
		{
			"from": [12.67076, 11.55441, 4.96864],
			"to": [13.67076, 12.55441, 5.96864],
			"rotation": {"angle": 45, "axis": "x", "origin": [12.82505, 17.36783, 6.95892]},
			"faces": {
				"north": {"uv": [8, 4, 7, 5], "texture": "#1"},
				"east": {"uv": [8, 4, 7, 5], "texture": "#1"},
				"south": {"uv": [8, 4, 7, 5], "texture": "#1"},
				"up": {"uv": [7, 5, 8, 4], "rotation": 90, "texture": "#1"},
				"down": {"uv": [7, 5, 8, 4], "rotation": 270, "texture": "#1"}
			}
		},
		{
			"from": [12.67076, 13.55441, 4.96864],
			"to": [13.67076, 15.55441, 5.96864],
			"rotation": {"angle": 45, "axis": "x", "origin": [12.82505, 17.36783, 6.95892]},
			"faces": {
				"north": {"uv": [8, 1, 7, 3], "texture": "#1"},
				"east": {"uv": [8, 1, 7, 3], "texture": "#1"},
				"south": {"uv": [8, 1, 7, 3], "texture": "#1"},
				"up": {"uv": [7, 2, 8, 1], "rotation": 90, "texture": "#1"},
				"down": {"uv": [7, 3, 8, 2], "rotation": 270, "texture": "#1"}
			}
		},
		{
			"from": [5.67076, 11.55441, 4.96864],
			"to": [6.67076, 12.55441, 5.96864],
			"rotation": {"angle": 45, "axis": "x", "origin": [12.82505, 17.36783, 6.95892]},
			"faces": {
				"north": {"uv": [1, 4, 0, 5], "texture": "#1"},
				"south": {"uv": [1, 4, 0, 5], "texture": "#1"},
				"west": {"uv": [1, 4, 0, 5], "texture": "#1"},
				"up": {"uv": [0, 5, 1, 4], "rotation": 90, "texture": "#1"},
				"down": {"uv": [0, 5, 1, 4], "rotation": 270, "texture": "#1"}
			}
		},
		{
			"from": [9.17076, 9.6, 9.5764],
			"to": [10.17076, 13.6, 10.5764],
			"rotation": {"angle": 0, "axis": "y", "origin": [12.82505, 17.36783, 6.95892]},
			"faces": {
				"north": {"uv": [4, 0, 3, 4], "texture": "#4"},
				"east": {"uv": [3, 0, 2, 4], "texture": "#4"},
				"south": {"uv": [2, 0, 1, 4], "texture": "#4"},
				"west": {"uv": [1, 0, 0, 4], "texture": "#4"},
				"up": {"uv": [2, 8, 1, 9], "rotation": 90, "texture": "#4"}
			}
		},
		{
			"from": [9.17076, 13.6, 7.5764],
			"to": [10.17076, 16.6, 8.5764],
			"rotation": {"angle": 0, "axis": "y", "origin": [12.82505, 17.36783, 6.95892]},
			"faces": {
				"north": {"uv": [3, 4, 2, 7], "texture": "#4"},
				"east": {"uv": [2, 4, 1, 7], "texture": "#4"},
				"south": {"uv": [5, 0, 4, 3], "texture": "#4"},
				"west": {"uv": [1, 4, 0, 7], "texture": "#4"},
				"up": {"uv": [5, 8, 4, 9], "rotation": 90, "texture": "#4"}
			}
		},
		{
			"from": [10.17076, 16.6, 7.5764],
			"to": [11.17076, 18.6, 8.5764],
			"rotation": {"angle": 0, "axis": "y", "origin": [12.82505, 17.36783, 6.95892]},
			"faces": {
				"north": {"uv": [7, 4, 6, 6], "texture": "#4"},
				"east": {"uv": [5, 6, 4, 8], "texture": "#4"},
				"south": {"uv": [7, 2, 6, 4], "texture": "#4"},
				"west": {"uv": [7, 0, 6, 2], "texture": "#4"},
				"up": {"uv": [10, 6, 9, 7], "rotation": 90, "texture": "#4"},
				"down": {"uv": [2, 11, 1, 10], "rotation": 270, "texture": "#4"}
			}
		},
		{
			"from": [11.17076, 18.6, 7.5764],
			"to": [13.17076, 19.6, 8.5764],
			"rotation": {"angle": 0, "axis": "y", "origin": [12.82505, 17.36783, 6.95892]},
			"faces": {
				"north": {"uv": [2, 7, 0, 8], "texture": "#4"},
				"east": {"uv": [11, 2, 10, 3], "texture": "#4"},
				"south": {"uv": [7, 6, 5, 7], "texture": "#4"},
				"west": {"uv": [3, 10, 2, 11], "texture": "#4"},
				"up": {"uv": [8, 0, 7, 2], "rotation": 90, "texture": "#4"},
				"down": {"uv": [3, 9, 2, 7], "rotation": 270, "texture": "#4"}
			}
		},
		{
			"from": [14.17076, 19.6, 9.5764],
			"to": [15.17076, 22.6, 10.5764],
			"rotation": {"angle": 0, "axis": "y", "origin": [12.82505, 17.36783, 6.95892]},
			"faces": {
				"north": {"uv": [6, 3, 5, 6], "texture": "#4"},
				"east": {"uv": [6, 0, 5, 3], "texture": "#4"},
				"south": {"uv": [5, 3, 4, 6], "texture": "#4"},
				"west": {"uv": [4, 4, 3, 7], "texture": "#4"},
				"up": {"uv": [4, 10, 3, 11], "rotation": 90, "texture": "#4"},
				"down": {"uv": [11, 4, 10, 3], "rotation": 270, "texture": "#4"}
			}
		},
		{
			"from": [13.17076, 18.6, 4.5764],
			"to": [14.17076, 20.6, 5.5764],
			"rotation": {"angle": 0, "axis": "y", "origin": [12.82505, 17.36783, 6.95892]},
			"faces": {
				"north": {"uv": [6, 7, 5, 9], "texture": "#4"},
				"east": {"uv": [8, 4, 7, 6], "texture": "#4"},
				"south": {"uv": [4, 7, 3, 9], "texture": "#4"},
				"west": {"uv": [8, 2, 7, 4], "texture": "#4"},
				"up": {"uv": [5, 10, 4, 11], "rotation": 90, "texture": "#4"},
				"down": {"uv": [11, 5, 10, 4], "rotation": 270, "texture": "#4"}
			}
		},
		{
			"from": [7.17076, 12.6, 11.5764],
			"to": [8.17076, 13.6, 12.5764],
			"rotation": {"angle": 0, "axis": "y", "origin": [13.82505, 17.36783, 9.95892]},
			"faces": {
				"north": {"uv": [11, 6, 10, 7], "texture": "#4"},
				"east": {"uv": [7, 10, 6, 11], "texture": "#4"},
				"south": {"uv": [11, 5, 10, 6], "texture": "#4"},
				"west": {"uv": [6, 10, 5, 11], "texture": "#4"},
				"up": {"uv": [11, 7, 10, 8], "rotation": 90, "texture": "#4"},
				"down": {"uv": [11, 9, 10, 8], "rotation": 270, "texture": "#4"}
			}
		},
		{
			"from": [8.17076, 13.6, 10.5764],
			"to": [10.17076, 14.6, 11.5764],
			"rotation": {"angle": 0, "axis": "y", "origin": [13.82505, 17.36783, 7.95892]},
			"faces": {
				"north": {"uv": [9, 6, 7, 7], "texture": "#4"},
				"east": {"uv": [11, 10, 10, 11], "texture": "#4"},
				"south": {"uv": [8, 7, 6, 8], "texture": "#4"},
				"west": {"uv": [11, 9, 10, 10], "texture": "#4"},
				"up": {"uv": [1, 8, 0, 10], "rotation": 90, "texture": "#4"},
				"down": {"uv": [9, 2, 8, 0], "rotation": 270, "texture": "#4"}
			}
		},
		{
			"from": [9.17076, 12.6, 7.5764],
			"to": [10.17076, 13.6, 9.5764],
			"rotation": {"angle": 0, "axis": "y", "origin": [12.82505, 17.36783, 6.95892]},
			"faces": {
				"north": {"uv": [12, 0, 11, 1], "texture": "#4"},
				"east": {"uv": [10, 3, 8, 4], "texture": "#4"},
				"west": {"uv": [10, 2, 8, 3], "texture": "#4"},
				"up": {"uv": [10, 4, 8, 5], "rotation": 90, "texture": "#4"},
				"down": {"uv": [10, 6, 8, 5], "rotation": 270, "texture": "#4"}
			}
		},
		{
			"from": [13.17076, 17.6, 5.5764],
			"to": [14.17076, 18.6, 7.5764],
			"rotation": {"angle": 0, "axis": "y", "origin": [12.82505, 17.36783, 6.95892]},
			"faces": {
				"north": {"uv": [12, 1, 11, 2], "texture": "#4"},
				"east": {"uv": [10, 7, 8, 8], "texture": "#4"},
				"south": {"uv": [2, 11, 1, 12], "texture": "#4"},
				"west": {"uv": [8, 8, 6, 9], "texture": "#4"},
				"up": {"uv": [10, 8, 8, 9], "rotation": 90, "texture": "#4"},
				"down": {"uv": [11, 1, 9, 0], "rotation": 270, "texture": "#4"}
			}
		},
		{
			"from": [9.17076, 14.6, 5.5764],
			"to": [10.17076, 15.6, 7.5764],
			"rotation": {"angle": 0, "axis": "y", "origin": [12.82505, 17.36783, 6.95892]},
			"faces": {
				"north": {"uv": [3, 11, 2, 12], "texture": "#4"},
				"east": {"uv": [11, 1, 9, 2], "texture": "#4"},
				"west": {"uv": [3, 9, 1, 10], "texture": "#4"},
				"up": {"uv": [5, 9, 3, 10], "rotation": 90, "texture": "#4"},
				"down": {"uv": [7, 10, 5, 9], "rotation": 270, "texture": "#4"}
			}
		},
		{
			"from": [9.17076, 15.6, 4.5764],
			"to": [10.17076, 17.6, 5.5764],
			"rotation": {"angle": 0, "axis": "y", "origin": [12.82505, 17.36783, 6.95892]},
			"faces": {
				"north": {"uv": [1, 10, 0, 12], "texture": "#4"},
				"east": {"uv": [10, 9, 9, 11], "texture": "#4"},
				"south": {"uv": [9, 9, 8, 11], "texture": "#4"},
				"west": {"uv": [8, 9, 7, 11], "texture": "#4"},
				"up": {"uv": [12, 2, 11, 3], "rotation": 90, "texture": "#4"},
				"down": {"uv": [4, 12, 3, 11], "rotation": 270, "texture": "#4"}
			}
		},
		{
			"from": [13.17076, 18.6, 8.5764],
			"to": [14.17076, 19.6, 9.5764],
			"rotation": {"angle": 0, "axis": "y", "origin": [12.82505, 17.36783, 6.95892]},
			"faces": {
				"north": {"uv": [6, 11, 5, 12], "texture": "#4"},
				"east": {"uv": [12, 4, 11, 5], "texture": "#4"},
				"south": {"uv": [5, 11, 4, 12], "texture": "#4"},
				"west": {"uv": [12, 3, 11, 4], "texture": "#4"},
				"up": {"uv": [12, 5, 11, 6], "rotation": 90, "texture": "#4"},
				"down": {"uv": [7, 12, 6, 11], "rotation": 270, "texture": "#4"}
			}
		},
		{
			"from": [3.2, 0, 3.2],
			"to": [12.8, 6.4, 12.8],
			"rotation": {"angle": 0, "axis": "y", "origin": [1.6, 0, 1.6]},
			"faces": {
				"north": {"uv": [15.5, 3, 10.5, 6], "texture": "#5"},
				"east": {"uv": [10.5, 3, 15.5, 6], "texture": "#5"},
				"south": {"uv": [15.5, 3, 10.5, 6], "texture": "#5"},
				"west": {"uv": [10.5, 3, 15.5, 6], "texture": "#5"},
				"down": {"uv": [10.5, 0, 5.5, 5], "texture": "#5"}
			}
		},
		{
			"from": [2.4, 6.4, 2.4],
			"to": [13.6, 9.6, 13.6],
			"rotation": {"angle": 0, "axis": "y", "origin": [1.6, 0, 1.6]},
			"faces": {
				"north": {"uv": [10.5, 9, 16, 10.5], "texture": "#5"},
				"east": {"uv": [16, 9, 10.5, 10.5], "texture": "#5"},
				"south": {"uv": [10.5, 9, 16, 10.5], "texture": "#5"},
				"west": {"uv": [16, 9, 10.5, 10.5], "texture": "#5"},
				"up": {"uv": [5.5, 5.5, 0, 0], "texture": "#5"},
				"down": {"uv": [5.5, 5.5, 0, 11], "texture": "#5"}
			}
		}
	],
	"groups": [
		{
			"name": "stem",
			"origin": [8, 14.5, 8],
			"color": 0,
			"children": [0]
		},
		{
			"name": "group",
			"origin": [6.88913, 15, 9],
			"color": 0,
			"children": [1, 2, 3, 4, 5, 6, 7, 8, 9, 10, 11, 12, 13, 14, 15, 16, 17, 18, 19, 20, 21, 22, 23, 24, 25, 26, 27, 28, 29, 30, 31, 32, 33, 34, 35, 36, 37, 38, 39, 40, 41, 42, 43, 44]
		},
		{
			"name": "group",
			"origin": [6.88913, 15, 9],
			"color": 0,
			"children": [45, 46, 47, 48, 49, 50, 51, 52, 53, 54, 55, 56, 57, 58, 59, 60, 61, 62, 63, 64, 65, 66, 67, 68, 69, 70, 71, 72, 73, 74, 75, 76, 77, 78, 79]
		},
		{
			"name": "pot",
			"origin": [0, 0, 0],
			"color": 0,
			"children": [80, 81]
		}
	]
}