{
	"credit": "Made with Blockbench",
	"ambientocclusion": false,
	"textures": {
		"0": "block/saplings/big_pot",
		"1": "block/saplings/olive",
		"3": "block/saplings/stem_2",
		"5": "block/saplings/stem",
		"particle": "block/saplings/big_pot"
	},
	"elements": [
		{
			"from": [7, 11.6, 7],
			"to": [9, 20.6, 9],
			"rotation": {"angle": 0, "axis": "y", "origin": [5, 13.6, 6]},
			"faces": {
				"north": {"uv": [0, 0, 2, 9], "texture": "#3"},
				"east": {"uv": [2, 0, 4, 9], "texture": "#3"},
				"south": {"uv": [4, 0, 6, 9], "texture": "#3"},
				"west": {"uv": [6, 0, 8, 9], "texture": "#3"},
				"up": {"uv": [6, 11, 4, 9], "texture": "#3"},
				"down": {"uv": [8, 9, 6, 11], "texture": "#3"}
			}
		},
		{
			"from": [2, 15.6, 7.5],
			"to": [7, 16.6, 8.5],
			"rotation": {"angle": 0, "axis": "y", "origin": [2, 27.6, 7]},
			"faces": {
				"north": {"uv": [5, 0, 6, 5], "rotation": 90, "texture": "#5"},
				"east": {"uv": [0, 0, 0, 0], "rotation": 90, "texture": "#5"},
				"south": {"uv": [5, 5, 6, 0], "rotation": 90, "texture": "#5"},
				"west": {"uv": [5, 0, 6, 1], "rotation": 90, "texture": "#5"},
				"up": {"uv": [5, 0, 6, 5], "rotation": 90, "texture": "#5"},
				"down": {"uv": [5, 5, 6, 0], "rotation": 90, "texture": "#5"}
			}
		},
		{
			"from": [2, 16.6, 7.5],
			"to": [3, 19.6, 8.5],
			"rotation": {"angle": 0, "axis": "y", "origin": [2, 27.6, 7]},
			"faces": {
				"north": {"uv": [5, 5, 6, 8], "texture": "#5"},
				"east": {"uv": [5, 5, 6, 8], "texture": "#5"},
				"south": {"uv": [5, 5, 6, 8], "texture": "#5"},
				"west": {"uv": [5, 5, 6, 8], "texture": "#5"},
				"up": {"uv": [5, 5, 6, 6], "texture": "#5"},
				"down": {"uv": [0, 0, 0, 0], "texture": "#5"}
			}
		},
		{
			"from": [9, 13.6, 7.5],
			"to": [14, 14.6, 8.5],
			"rotation": {"angle": 0, "axis": "y", "origin": [12.5, 25.1, 8]},
			"faces": {
				"north": {"uv": [5, 5, 6, 0], "rotation": 90, "texture": "#5"},
				"east": {"uv": [5, 1, 6, 0], "rotation": 90, "texture": "#5"},
				"south": {"uv": [5, 0, 6, 5], "rotation": 90, "texture": "#5"},
				"west": {"uv": [0, 0, 0, 0], "rotation": 90, "texture": "#5"},
				"up": {"uv": [5, 5, 6, 0], "rotation": 90, "texture": "#5"},
				"down": {"uv": [5, 0, 6, 5], "rotation": 90, "texture": "#5"}
			}
		},
		{
			"from": [13, 14.6, 7.5],
			"to": [14, 17.6, 8.5],
			"rotation": {"angle": 0, "axis": "y", "origin": [12.5, 25.1, 8]},
			"faces": {
				"north": {"uv": [6, 5, 5, 8], "texture": "#5"},
				"east": {"uv": [6, 5, 5, 8], "texture": "#5"},
				"south": {"uv": [6, 5, 5, 8], "texture": "#5"},
				"west": {"uv": [6, 5, 5, 8], "texture": "#5"},
				"up": {"uv": [6, 5, 5, 6], "texture": "#5"},
				"down": {"uv": [0, 0, 0, 0], "texture": "#5"}
			}
		},
		{
			"from": [7.5, 14.6, 9],
			"to": [8.5, 15.6, 14],
			"rotation": {"angle": 0, "axis": "y", "origin": [8, 24.1, 8]},
			"faces": {
				"north": {"uv": [0, 0, 0, 0], "rotation": 90, "texture": "#5"},
				"east": {"uv": [5, 5, 6, 0], "rotation": 90, "texture": "#5"},
				"south": {"uv": [5, 1, 6, 0], "rotation": 90, "texture": "#5"},
				"west": {"uv": [5, 0, 6, 5], "rotation": 90, "texture": "#5"},
				"up": {"uv": [5, 5, 6, 0], "rotation": 180, "texture": "#5"},
				"down": {"uv": [5, 0, 6, 5], "texture": "#5"}
			}
		},
		{
			"from": [7.5, 15.6, 13],
			"to": [8.5, 18.6, 14],
			"rotation": {"angle": 0, "axis": "y", "origin": [8, 24.1, 8]},
			"faces": {
				"north": {"uv": [6, 5, 5, 8], "texture": "#5"},
				"east": {"uv": [6, 5, 5, 8], "texture": "#5"},
				"south": {"uv": [6, 5, 5, 8], "texture": "#5"},
				"west": {"uv": [6, 5, 5, 8], "texture": "#5"},
				"up": {"uv": [6, 5, 5, 6], "rotation": 90, "texture": "#5"},
				"down": {"uv": [0, 0, 0, 0], "rotation": 270, "texture": "#5"}
			}
		},
		{
			"from": [7.5, 16.6, 2],
			"to": [8.5, 17.6, 7],
			"rotation": {"angle": 0, "axis": "y", "origin": [8, 24.1, 8]},
			"faces": {
				"north": {"uv": [5, 0, 6, 1], "rotation": 90, "texture": "#5"},
				"east": {"uv": [5, 0, 6, 5], "rotation": 90, "texture": "#5"},
				"south": {"uv": [0, 0, 0, 0], "rotation": 90, "texture": "#5"},
				"west": {"uv": [5, 5, 6, 0], "rotation": 90, "texture": "#5"},
				"up": {"uv": [5, 0, 6, 5], "rotation": 180, "texture": "#5"},
				"down": {"uv": [5, 5, 6, 0], "texture": "#5"}
			}
		},
		{
			"from": [7.5, 17.6, 2],
			"to": [8.5, 20.6, 3],
			"rotation": {"angle": 0, "axis": "y", "origin": [8, 24.1, 8]},
			"faces": {
				"north": {"uv": [5, 5, 6, 8], "texture": "#5"},
				"east": {"uv": [5, 5, 6, 8], "texture": "#5"},
				"south": {"uv": [5, 5, 6, 8], "texture": "#5"},
				"west": {"uv": [5, 5, 6, 8], "texture": "#5"},
				"up": {"uv": [5, 5, 6, 6], "rotation": 90, "texture": "#5"},
				"down": {"uv": [0, 0, 0, 0], "rotation": 270, "texture": "#5"}
			}
		},
		{
			"from": [6.4881, 14.63774, 16.03055],
			"to": [9.4881, 17.63774, 16.53055],
			"rotation": {"angle": 45, "axis": "y", "origin": [8.02143, 20.71883, 8.04762]},
			"faces": {
				"north": {"uv": [8, 3, 5, 6], "texture": "#1"},
				"east": {"uv": [5.5, 3, 5, 6], "texture": "#1"},
				"south": {"uv": [8, 3, 5, 6], "texture": "#1"},
				"west": {"uv": [8, 3, 7.5, 6], "texture": "#1"},
				"up": {"uv": [5, 3, 8, 3.5], "rotation": 180, "texture": "#1"},
				"down": {"uv": [8, 5.5, 5, 6], "texture": "#1"}
			}
		},
		{
			"from": [8.50793, 19.03774, 0.62963],
			"to": [11.50793, 22.03774, 1.12963],
			"rotation": {"angle": 45, "axis": "x", "origin": [8.00793, 19.93774, 1.67963]},
			"faces": {
				"north": {"uv": [8, 3, 5, 6], "texture": "#1"},
				"east": {"uv": [8, 3, 7.5, 6], "texture": "#1"},
				"south": {"uv": [8, 3, 5, 6], "texture": "#1"},
				"west": {"uv": [5.5, 3, 5, 6], "texture": "#1"},
				"up": {"uv": [8, 3.5, 5, 3], "rotation": 180, "texture": "#1"},
				"down": {"uv": [5, 6, 8, 5.5], "texture": "#1"}
			}
		},
		{
			"from": [15.13413, 18.73774, 8.37963],
			"to": [15.63413, 21.73774, 11.37963],
			"rotation": {"angle": 45, "axis": "z", "origin": [14.98413, 19.93774, 7.87963]},
			"faces": {
				"north": {"uv": [7.5, 3, 8, 6], "texture": "#1"},
				"east": {"uv": [5, 3, 8, 6], "texture": "#1"},
				"south": {"uv": [5, 3, 5.5, 6], "texture": "#1"},
				"west": {"uv": [5, 3, 8, 6], "texture": "#1"},
				"up": {"uv": [5, 3.5, 8, 3], "rotation": 270, "texture": "#1"},
				"down": {"uv": [8, 6, 5, 5.5], "rotation": 270, "texture": "#1"}
			}
		},
		{
			"from": [11.14063, 21.99693, 9.37963],
			"to": [14.14063, 22.49693, 12.37963],
			"rotation": {"angle": -22.5, "axis": "z", "origin": [13.64063, 22.14693, 7.87963]},
			"faces": {
				"north": {"uv": [7.5, 3, 8, 6], "rotation": 90, "texture": "#1"},
				"east": {"uv": [8, 6, 5, 5.5], "rotation": 180, "texture": "#1"},
				"south": {"uv": [5, 3, 5.5, 6], "rotation": 270, "texture": "#1"},
				"west": {"uv": [5, 3.5, 8, 3], "rotation": 180, "texture": "#1"},
				"up": {"uv": [5, 3, 8, 6], "rotation": 270, "texture": "#1"},
				"down": {"uv": [5, 3, 8, 6], "rotation": 270, "texture": "#1"}
			}
		},
		{
			"from": [1.85937, 21.79693, 2.57963],
			"to": [4.85937, 22.29693, 5.57963],
			"rotation": {"angle": 22.5, "axis": "z", "origin": [2.35937, 22.14693, 7.87963]},
			"faces": {
				"north": {"uv": [7.5, 6, 8, 3], "rotation": 90, "texture": "#1"},
				"east": {"uv": [8, 3.5, 5, 3], "rotation": 180, "texture": "#1"},
				"south": {"uv": [5, 6, 5.5, 3], "rotation": 270, "texture": "#1"},
				"west": {"uv": [5, 6, 8, 5.5], "rotation": 180, "texture": "#1"},
				"up": {"uv": [5, 6, 8, 3], "rotation": 270, "texture": "#1"},
				"down": {"uv": [5, 6, 8, 3], "rotation": 270, "texture": "#1"}
			}
		},
		{
			"from": [1.85937, 22.59693, 9.37963],
			"to": [4.85937, 23.09693, 12.37963],
			"rotation": {"angle": 22.5, "axis": "z", "origin": [2.35937, 22.14693, 7.87963]},
			"faces": {
				"north": {"uv": [7.5, 6, 8, 3], "rotation": 90, "texture": "#1"},
				"east": {"uv": [8, 3.5, 5, 3], "rotation": 180, "texture": "#1"},
				"south": {"uv": [5, 6, 5.5, 3], "rotation": 270, "texture": "#1"},
				"west": {"uv": [5, 6, 8, 5.5], "rotation": 180, "texture": "#1"},
				"up": {"uv": [5, 6, 8, 3], "rotation": 270, "texture": "#1"},
				"down": {"uv": [5, 6, 8, 3], "rotation": 270, "texture": "#1"}
			}
		},
		{
			"from": [5, 25.20305, 8.42995],
			"to": [8, 25.70305, 11.42995],
			"rotation": {"angle": 22.5, "axis": "x", "origin": [8, 22.7716, 7.47963]},
			"faces": {
				"north": {"uv": [5, 3.5, 8, 3], "rotation": 180, "texture": "#1"},
				"east": {"uv": [7.5, 3, 8, 6], "rotation": 90, "texture": "#1"},
				"south": {"uv": [8, 6, 5, 5.5], "rotation": 180, "texture": "#1"},
				"west": {"uv": [5, 3, 5.5, 6], "rotation": 270, "texture": "#1"},
				"up": {"uv": [5, 3, 8, 6], "texture": "#1"},
				"down": {"uv": [5, 3, 8, 6], "rotation": 180, "texture": "#1"}
			}
		},
		{
			"from": [5.19042, 25.20305, 4.12037],
			"to": [8.19042, 25.70305, 7.12037],
			"rotation": {"angle": 22.5, "axis": "z", "origin": [9.04073, 22.7716, 7.32037]},
			"faces": {
				"north": {"uv": [5, 3, 5.5, 6], "rotation": 270, "texture": "#1"},
				"east": {"uv": [5, 3.5, 8, 3], "rotation": 180, "texture": "#1"},
				"south": {"uv": [7.5, 3, 8, 6], "rotation": 90, "texture": "#1"},
				"west": {"uv": [8, 6, 5, 5.5], "rotation": 180, "texture": "#1"},
				"up": {"uv": [5, 3, 8, 6], "rotation": 90, "texture": "#1"},
				"down": {"uv": [5, 3, 8, 6], "rotation": 90, "texture": "#1"}
			}
		},
		{
			"from": [4.29042, 24.30305, 7.02037],
			"to": [7.29042, 24.80305, 10.02037],
			"rotation": {"angle": 22.5, "axis": "z", "origin": [9.04073, 22.7716, 7.32037]},
			"faces": {
				"north": {"uv": [5, 3, 5.5, 6], "rotation": 270, "texture": "#1"},
				"east": {"uv": [5, 3.5, 8, 3], "rotation": 180, "texture": "#1"},
				"south": {"uv": [7.5, 3, 8, 6], "rotation": 90, "texture": "#1"},
				"west": {"uv": [8, 6, 5, 5.5], "rotation": 180, "texture": "#1"},
				"up": {"uv": [5, 3, 8, 6], "rotation": 90, "texture": "#1"},
				"down": {"uv": [5, 3, 8, 6], "rotation": 90, "texture": "#1"}
			}
		},
		{
			"from": [2.49042, 22.00305, 6.02037],
			"to": [5.49042, 22.50305, 9.02037],
			"rotation": {"angle": 22.5, "axis": "z", "origin": [7.24073, 20.4716, 6.32037]},
			"faces": {
				"north": {"uv": [5, 3, 5.5, 6], "rotation": 270, "texture": "#1"},
				"east": {"uv": [5, 3.5, 8, 3], "rotation": 180, "texture": "#1"},
				"south": {"uv": [7.5, 3, 8, 6], "rotation": 90, "texture": "#1"},
				"west": {"uv": [8, 6, 5, 5.5], "rotation": 180, "texture": "#1"},
				"up": {"uv": [5, 3, 8, 6], "rotation": 90, "texture": "#1"},
				"down": {"uv": [5, 3, 8, 6], "rotation": 90, "texture": "#1"}
			}
		},
		{
			"from": [6.54073, 22.00305, 10.22994],
			"to": [9.54073, 22.50305, 13.22994],
			"rotation": {"angle": 22.5, "axis": "x", "origin": [9.24073, 20.4716, 8.47963]},
			"faces": {
				"north": {"uv": [8, 3.5, 5, 3], "rotation": 180, "texture": "#1"},
				"east": {"uv": [5, 6, 5.5, 3], "rotation": 270, "texture": "#1"},
				"south": {"uv": [5, 6, 8, 5.5], "rotation": 180, "texture": "#1"},
				"west": {"uv": [7.5, 6, 8, 3], "rotation": 90, "texture": "#1"},
				"up": {"uv": [5, 6, 8, 3], "rotation": 180, "texture": "#1"},
				"down": {"uv": [5, 6, 8, 3], "texture": "#1"}
			}
		},
		{
			"from": [8.70958, 24.10305, 5.32037],
			"to": [11.70958, 24.60305, 8.32037],
			"rotation": {"angle": -22.5, "axis": "z", "origin": [6.95927, 22.7716, 7.32037]},
			"faces": {
				"north": {"uv": [5, 6, 5.5, 3], "rotation": 270, "texture": "#1"},
				"east": {"uv": [5, 6, 8, 5.5], "rotation": 180, "texture": "#1"},
				"south": {"uv": [7.5, 6, 8, 3], "rotation": 90, "texture": "#1"},
				"west": {"uv": [8, 3.5, 5, 3], "rotation": 180, "texture": "#1"},
				"up": {"uv": [5, 6, 8, 3], "rotation": 90, "texture": "#1"},
				"down": {"uv": [5, 6, 8, 3], "rotation": 90, "texture": "#1"}
			}
		},
		{
			"from": [6.20958, 23.80305, 6.82037],
			"to": [9.20958, 24.30305, 9.82037],
			"rotation": {"angle": 45, "axis": "y", "origin": [6.95927, 22.7716, 7.32037]},
			"faces": {
				"north": {"uv": [5, 6, 5.5, 3], "rotation": 270, "texture": "#1"},
				"east": {"uv": [5, 6, 8, 5.5], "rotation": 180, "texture": "#1"},
				"south": {"uv": [7.5, 6, 8, 3], "rotation": 90, "texture": "#1"},
				"west": {"uv": [8, 3.5, 5, 3], "rotation": 180, "texture": "#1"},
				"up": {"uv": [5, 6, 8, 3], "rotation": 90, "texture": "#1"},
				"down": {"uv": [5, 6, 8, 3], "rotation": 90, "texture": "#1"}
			}
		},
		{
			"from": [5.65927, 24.40305, 3.85152],
			"to": [8.65927, 24.90305, 6.85152],
			"rotation": {"angle": -22.5, "axis": "x", "origin": [8.35927, 22.8716, 8.60183]},
			"faces": {
				"north": {"uv": [8, 6, 5, 5.5], "rotation": 180, "texture": "#1"},
				"east": {"uv": [5, 3, 5.5, 6], "rotation": 270, "texture": "#1"},
				"south": {"uv": [5, 3.5, 8, 3], "rotation": 180, "texture": "#1"},
				"west": {"uv": [7.5, 3, 8, 6], "rotation": 90, "texture": "#1"},
				"up": {"uv": [5, 3, 8, 6], "rotation": 180, "texture": "#1"},
				"down": {"uv": [5, 3, 8, 6], "texture": "#1"}
			}
		},
		{
			"from": [7.35927, 24.20305, 8.27068],
			"to": [10.35927, 24.70305, 11.27068],
			"rotation": {"angle": 22.5, "axis": "x", "origin": [8.35927, 22.8716, 6.52037]},
			"faces": {
				"north": {"uv": [8, 3.5, 5, 3], "rotation": 180, "texture": "#1"},
				"east": {"uv": [5, 6, 5.5, 3], "rotation": 270, "texture": "#1"},
				"south": {"uv": [5, 6, 8, 5.5], "rotation": 180, "texture": "#1"},
				"west": {"uv": [7.5, 6, 8, 3], "rotation": 90, "texture": "#1"},
				"up": {"uv": [5, 6, 8, 3], "rotation": 180, "texture": "#1"},
				"down": {"uv": [5, 6, 8, 3], "texture": "#1"}
			}
		},
		{
			"from": [8.95032, 25.20305, 7.72037],
			"to": [11.95032, 25.70305, 10.72037],
			"rotation": {"angle": -22.5, "axis": "z", "origin": [8, 22.7716, 7.32037]},
			"faces": {
				"north": {"uv": [5, 6, 5.5, 3], "rotation": 270, "texture": "#1"},
				"east": {"uv": [5, 6, 8, 5.5], "rotation": 180, "texture": "#1"},
				"south": {"uv": [7.5, 6, 8, 3], "rotation": 90, "texture": "#1"},
				"west": {"uv": [8, 3.5, 5, 3], "rotation": 180, "texture": "#1"},
				"up": {"uv": [5, 6, 8, 3], "rotation": 90, "texture": "#1"},
				"down": {"uv": [5, 6, 8, 3], "rotation": 90, "texture": "#1"}
			}
		},
		{
			"from": [9.9, 24.80305, 10.42995],
			"to": [12.9, 25.30305, 13.42995],
			"rotation": {"angle": 22.5, "axis": "x", "origin": [8, 22.7716, 7.47963]},
			"faces": {
				"north": {"uv": [5, 3.5, 8, 3], "rotation": 180, "texture": "#1"},
				"east": {"uv": [7.5, 3, 8, 6], "rotation": 90, "texture": "#1"},
				"south": {"uv": [8, 6, 5, 5.5], "rotation": 180, "texture": "#1"},
				"west": {"uv": [5, 3, 5.5, 6], "rotation": 270, "texture": "#1"},
				"up": {"uv": [5, 3, 8, 6], "texture": "#1"},
				"down": {"uv": [5, 3, 8, 6], "rotation": 180, "texture": "#1"}
			}
		},
		{
			"from": [3.1, 24.20305, 10.42995],
			"to": [6.1, 24.70305, 13.42995],
			"rotation": {"angle": 22.5, "axis": "x", "origin": [8, 22.7716, 7.47963]},
			"faces": {
				"north": {"uv": [5, 3.5, 8, 3], "rotation": 180, "texture": "#1"},
				"east": {"uv": [7.5, 3, 8, 6], "rotation": 90, "texture": "#1"},
				"south": {"uv": [8, 6, 5, 5.5], "rotation": 180, "texture": "#1"},
				"west": {"uv": [5, 3, 5.5, 6], "rotation": 270, "texture": "#1"},
				"up": {"uv": [5, 3, 8, 6], "texture": "#1"},
				"down": {"uv": [5, 3, 8, 6], "rotation": 180, "texture": "#1"}
			}
		},
		{
			"from": [9.9, 24.10305, 1.52932],
			"to": [12.9, 24.60305, 4.52932],
			"rotation": {"angle": -22.5, "axis": "x", "origin": [8, 22.7716, 7.47963]},
			"faces": {
				"north": {"uv": [5, 6, 8, 5.5], "rotation": 180, "texture": "#1"},
				"east": {"uv": [7.5, 6, 8, 3], "rotation": 90, "texture": "#1"},
				"south": {"uv": [8, 3.5, 5, 3], "rotation": 180, "texture": "#1"},
				"west": {"uv": [5, 6, 5.5, 3], "rotation": 270, "texture": "#1"},
				"up": {"uv": [5, 6, 8, 3], "texture": "#1"},
				"down": {"uv": [5, 6, 8, 3], "rotation": 180, "texture": "#1"}
			}
		},
		{
			"from": [6.5, 24.50305, 0.52932],
			"to": [9.5, 25.00305, 3.52932],
			"rotation": {"angle": -22.5, "axis": "x", "origin": [8, 22.7716, 7.47963]},
			"faces": {
				"north": {"uv": [5, 6, 8, 5.5], "rotation": 180, "texture": "#1"},
				"east": {"uv": [7.5, 6, 8, 3], "rotation": 90, "texture": "#1"},
				"south": {"uv": [8, 3.5, 5, 3], "rotation": 180, "texture": "#1"},
				"west": {"uv": [5, 6, 5.5, 3], "rotation": 270, "texture": "#1"},
				"up": {"uv": [5, 6, 8, 3], "texture": "#1"},
				"down": {"uv": [5, 6, 8, 3], "rotation": 180, "texture": "#1"}
			}
		},
		{
			"from": [3.1, 24.70305, 1.52932],
			"to": [6.1, 25.20305, 4.52932],
			"rotation": {"angle": -22.5, "axis": "x", "origin": [8, 22.7716, 7.47963]},
			"faces": {
				"north": {"uv": [5, 6, 8, 5.5], "rotation": 180, "texture": "#1"},
				"east": {"uv": [7.5, 6, 8, 3], "rotation": 90, "texture": "#1"},
				"south": {"uv": [8, 3.5, 5, 3], "rotation": 180, "texture": "#1"},
				"west": {"uv": [5, 6, 5.5, 3], "rotation": 270, "texture": "#1"},
				"up": {"uv": [5, 6, 8, 3], "texture": "#1"},
				"down": {"uv": [5, 6, 8, 3], "rotation": 180, "texture": "#1"}
			}
		},
		{
			"from": [11.04063, 20.79693, 5.97963],
			"to": [14.04063, 21.29693, 8.97963],
			"rotation": {"angle": -22.5, "axis": "z", "origin": [12.54063, 20.64693, 7.87963]},
			"faces": {
				"north": {"uv": [7.5, 3, 8, 6], "rotation": 90, "texture": "#1"},
				"east": {"uv": [8, 6, 5, 5.5], "rotation": 180, "texture": "#1"},
				"south": {"uv": [5, 3, 5.5, 6], "rotation": 270, "texture": "#1"},
				"west": {"uv": [5, 3.5, 8, 3], "rotation": 180, "texture": "#1"},
				"up": {"uv": [5, 3, 8, 6], "rotation": 270, "texture": "#1"},
				"down": {"uv": [5, 3, 8, 6], "rotation": 270, "texture": "#1"}
			}
		},
		{
			"from": [11.14063, 22.49693, 2.57963],
			"to": [14.14063, 22.99693, 5.57963],
			"rotation": {"angle": -22.5, "axis": "z", "origin": [13.64063, 22.14693, 7.87963]},
			"faces": {
				"north": {"uv": [7.5, 3, 8, 6], "rotation": 90, "texture": "#1"},
				"east": {"uv": [8, 6, 5, 5.5], "rotation": 180, "texture": "#1"},
				"south": {"uv": [5, 3, 5.5, 6], "rotation": 270, "texture": "#1"},
				"west": {"uv": [5, 3.5, 8, 3], "rotation": 180, "texture": "#1"},
				"up": {"uv": [5, 3, 8, 6], "rotation": 270, "texture": "#1"},
				"down": {"uv": [5, 3, 8, 6], "rotation": 270, "texture": "#1"}
			}
		},
		{
			"from": [15.13413, 18.73774, 4.37963],
			"to": [15.63413, 21.73774, 7.37963],
			"rotation": {"angle": 45, "axis": "z", "origin": [14.98413, 19.93774, 7.87963]},
			"faces": {
				"north": {"uv": [7.5, 3, 8, 6], "texture": "#1"},
				"east": {"uv": [5, 3, 8, 6], "texture": "#1"},
				"south": {"uv": [5, 3, 5.5, 6], "texture": "#1"},
				"west": {"uv": [5, 3, 8, 6], "texture": "#1"},
				"up": {"uv": [5, 3.5, 8, 3], "rotation": 270, "texture": "#1"},
				"down": {"uv": [8, 6, 5, 5.5], "rotation": 270, "texture": "#1"}
			}
		},
		{
			"from": [11.50793, 18.43774, 0.02963],
			"to": [14.50793, 21.43774, 0.52963],
			"rotation": {"angle": -45, "axis": "y", "origin": [8.00793, 19.93774, 1.67963]},
			"faces": {
				"north": {"uv": [8, 3, 5, 6], "texture": "#1"},
				"east": {"uv": [8, 3, 7.5, 6], "texture": "#1"},
				"south": {"uv": [8, 3, 5, 6], "texture": "#1"},
				"west": {"uv": [5.5, 3, 5, 6], "texture": "#1"},
				"up": {"uv": [8, 3.5, 5, 3], "rotation": 180, "texture": "#1"},
				"down": {"uv": [5, 6, 8, 5.5], "texture": "#1"}
			}
		},
		{
			"from": [0.35793, 18.43774, 4.37963],
			"to": [0.85793, 21.43774, 7.37963],
			"rotation": {"angle": -45, "axis": "z", "origin": [1.00793, 19.93774, 7.87963]},
			"faces": {
				"north": {"uv": [8, 3, 7.5, 6], "texture": "#1"},
				"east": {"uv": [8, 3, 5, 6], "texture": "#1"},
				"south": {"uv": [5.5, 3, 5, 6], "texture": "#1"},
				"west": {"uv": [8, 3, 5, 6], "texture": "#1"},
				"up": {"uv": [5, 3, 8, 3.5], "rotation": 270, "texture": "#1"},
				"down": {"uv": [8, 5.5, 5, 6], "rotation": 270, "texture": "#1"}
			}
		},
		{
			"from": [0.35793, 18.43774, 8.37963],
			"to": [0.85793, 21.43774, 11.37963],
			"rotation": {"angle": -45, "axis": "z", "origin": [1.00793, 19.93774, 7.87963]},
			"faces": {
				"north": {"uv": [8, 3, 7.5, 6], "texture": "#1"},
				"east": {"uv": [8, 3, 5, 6], "texture": "#1"},
				"south": {"uv": [5.5, 3, 5, 6], "texture": "#1"},
				"west": {"uv": [8, 3, 5, 6], "texture": "#1"},
				"up": {"uv": [5, 3, 8, 3.5], "rotation": 270, "texture": "#1"},
				"down": {"uv": [8, 5.5, 5, 6], "rotation": 270, "texture": "#1"}
			}
		},
		{
			"from": [1.48413, 18.43774, 15.59073],
			"to": [4.48413, 21.43774, 16.09073],
			"rotation": {"angle": -45, "axis": "y", "origin": [7.98413, 19.93774, 14.44073]},
			"faces": {
				"north": {"uv": [8, 3, 5, 6], "texture": "#1"},
				"east": {"uv": [5.5, 3, 5, 6], "texture": "#1"},
				"south": {"uv": [8, 3, 5, 6], "texture": "#1"},
				"west": {"uv": [8, 3, 7.5, 6], "texture": "#1"},
				"up": {"uv": [5, 3, 8, 3.5], "rotation": 180, "texture": "#1"},
				"down": {"uv": [8, 5.5, 5, 6], "texture": "#1"}
			}
		},
		{
			"from": [1.48413, 18.43774, 0.02963],
			"to": [4.48413, 21.43774, 0.52963],
			"rotation": {"angle": 45, "axis": "y", "origin": [7.98413, 19.93774, 1.67963]},
			"faces": {
				"north": {"uv": [5, 3, 8, 6], "texture": "#1"},
				"east": {"uv": [5, 3, 5.5, 6], "texture": "#1"},
				"south": {"uv": [5, 3, 8, 6], "texture": "#1"},
				"west": {"uv": [7.5, 3, 8, 6], "texture": "#1"},
				"up": {"uv": [5, 3.5, 8, 3], "rotation": 180, "texture": "#1"},
				"down": {"uv": [8, 6, 5, 5.5], "texture": "#1"}
			}
		},
		{
			"from": [11.50793, 18.43774, 15.59073],
			"to": [14.50793, 21.43774, 16.09073],
			"rotation": {"angle": 45, "axis": "y", "origin": [8.00793, 19.93774, 14.44073]},
			"faces": {
				"north": {"uv": [5, 3, 8, 6], "texture": "#1"},
				"east": {"uv": [7.5, 3, 8, 6], "texture": "#1"},
				"south": {"uv": [5, 3, 8, 6], "texture": "#1"},
				"west": {"uv": [5, 3, 5.5, 6], "texture": "#1"},
				"up": {"uv": [8, 3, 5, 3.5], "rotation": 180, "texture": "#1"},
				"down": {"uv": [5, 5.5, 8, 6], "texture": "#1"}
			}
		},
		{
			"from": [4.50793, 19.03774, 0.62963],
			"to": [7.50793, 22.03774, 1.12963],
			"rotation": {"angle": 45, "axis": "x", "origin": [8.00793, 19.93774, 1.67963]},
			"faces": {
				"north": {"uv": [8, 3, 5, 6], "texture": "#1"},
				"east": {"uv": [8, 3, 7.5, 6], "texture": "#1"},
				"south": {"uv": [8, 3, 5, 6], "texture": "#1"},
				"west": {"uv": [5.5, 3, 5, 6], "texture": "#1"},
				"up": {"uv": [8, 3.5, 5, 3], "rotation": 180, "texture": "#1"},
				"down": {"uv": [5, 6, 8, 5.5], "texture": "#1"}
			}
		},
		{
			"from": [8.50793, 18.93774, 14.99073],
			"to": [11.50793, 21.93774, 15.49073],
			"rotation": {"angle": -45, "axis": "x", "origin": [8.00793, 19.93774, 14.44073]},
			"faces": {
				"north": {"uv": [5, 3, 8, 6], "texture": "#1"},
				"east": {"uv": [7.5, 3, 8, 6], "texture": "#1"},
				"south": {"uv": [5, 3, 8, 6], "texture": "#1"},
				"west": {"uv": [5, 3, 5.5, 6], "texture": "#1"},
				"up": {"uv": [8, 3, 5, 3.5], "rotation": 180, "texture": "#1"},
				"down": {"uv": [5, 5.5, 8, 6], "texture": "#1"}
			}
		},
		{
			"from": [4.50793, 18.93774, 14.99073],
			"to": [7.50793, 21.93774, 15.49073],
			"rotation": {"angle": -45, "axis": "x", "origin": [8.00793, 19.93774, 14.44073]},
			"faces": {
				"north": {"uv": [5, 3, 8, 6], "texture": "#1"},
				"east": {"uv": [7.5, 3, 8, 6], "texture": "#1"},
				"south": {"uv": [5, 3, 8, 6], "texture": "#1"},
				"west": {"uv": [5, 3, 5.5, 6], "texture": "#1"},
				"up": {"uv": [8, 3, 5, 3.5], "rotation": 180, "texture": "#1"},
				"down": {"uv": [5, 5.5, 8, 6], "texture": "#1"}
			}
		},
		{
			"from": [14.14245, 15.63774, 9.5],
			"to": [14.64245, 18.63774, 12.5],
			"rotation": {"angle": 0, "axis": "y", "origin": [8.0119, 19.997, 8]},
			"faces": {
				"north": {"uv": [9.5, 3, 9, 6], "texture": "#1"},
				"east": {"uv": [12, 3, 9, 6], "texture": "#1"},
				"south": {"uv": [12, 3, 11.5, 6], "texture": "#1"},
				"west": {"uv": [12, 3, 9, 6], "texture": "#1"},
				"up": {"uv": [12, 3.5, 9, 3], "rotation": 270, "texture": "#1"},
				"down": {"uv": [9, 6, 12, 5.5], "rotation": 270, "texture": "#1"}
			}
		},
		{
			"from": [12.92108, 11.88321, 8.5],
			"to": [13.42108, 14.88321, 11.5],
			"rotation": {"angle": 22.5, "axis": "z", "origin": [8.0119, 20.697, 8]},
			"faces": {
				"north": {"uv": [5.5, 3, 5, 6], "texture": "#1"},
				"east": {"uv": [8, 3, 5, 6], "texture": "#1"},
				"south": {"uv": [8, 3, 7.5, 6], "texture": "#1"},
				"west": {"uv": [8, 3, 5, 6], "texture": "#1"},
				"up": {"uv": [8, 3.5, 5, 3], "rotation": 270, "texture": "#1"},
				"down": {"uv": [5, 6, 8, 5.5], "rotation": 270, "texture": "#1"}
			}
		},
		{
			"from": [15.14245, 14.33774, 4.5],
			"to": [15.64245, 17.33774, 7.5],
			"rotation": {"angle": 22.5, "axis": "z", "origin": [15.39245, 15.83774, 6]},
			"faces": {
				"north": {"uv": [5.5, 3, 5, 6], "texture": "#1"},
				"east": {"uv": [8, 3, 5, 6], "texture": "#1"},
				"south": {"uv": [8, 3, 7.5, 6], "texture": "#1"},
				"west": {"uv": [8, 3, 5, 6], "texture": "#1"},
				"up": {"uv": [8, 3.5, 5, 3], "rotation": 270, "texture": "#1"},
				"down": {"uv": [5, 6, 8, 5.5], "rotation": 270, "texture": "#1"}
			}
		},
		{
			"from": [14.14245, 15.63774, 3.5],
			"to": [14.64245, 18.63774, 6.5],
			"rotation": {"angle": 0, "axis": "y", "origin": [8.0119, 19.997, 8]},
			"faces": {
				"north": {"uv": [9.5, 3, 9, 6], "texture": "#1"},
				"east": {"uv": [12, 3, 9, 6], "texture": "#1"},
				"south": {"uv": [12, 3, 11.5, 6], "texture": "#1"},
				"west": {"uv": [12, 3, 9, 6], "texture": "#1"},
				"up": {"uv": [12, 3.5, 9, 3], "rotation": 270, "texture": "#1"},
				"down": {"uv": [9, 6, 12, 5.5], "rotation": 270, "texture": "#1"}
			}
		},
		{
			"from": [14.42221, 14.32441, 6.5],
			"to": [14.92221, 17.32441, 9.5],
			"rotation": {"angle": 22.5, "axis": "z", "origin": [8.0119, 19.997, 8]},
			"faces": {
				"north": {"uv": [5.5, 3, 5, 6], "texture": "#1"},
				"east": {"uv": [8, 3, 5, 6], "texture": "#1"},
				"south": {"uv": [8, 3, 7.5, 6], "texture": "#1"},
				"west": {"uv": [8, 3, 5, 6], "texture": "#1"},
				"up": {"uv": [8, 3.5, 5, 3], "rotation": 270, "texture": "#1"},
				"down": {"uv": [5, 6, 8, 5.5], "rotation": 270, "texture": "#1"}
			}
		},
		{
			"from": [6.4881, 14.63774, -0.53055],
			"to": [9.4881, 17.63774, -0.03055],
			"rotation": {"angle": -45, "axis": "y", "origin": [8.02143, 20.71883, 7.95238]},
			"faces": {
				"north": {"uv": [5, 3, 8, 6], "texture": "#1"},
				"east": {"uv": [5, 3, 5.5, 6], "texture": "#1"},
				"south": {"uv": [5, 3, 8, 6], "texture": "#1"},
				"west": {"uv": [7.5, 3, 8, 6], "texture": "#1"},
				"up": {"uv": [5, 3.5, 8, 3], "rotation": 180, "texture": "#1"},
				"down": {"uv": [8, 6, 5, 5.5], "texture": "#1"}
			}
		},
		{
			"from": [8.5119, 14.33774, 0.16945],
			"to": [11.5119, 17.33774, 0.66945],
			"rotation": {"angle": 22.5, "axis": "x", "origin": [10.0119, 15.83774, 0.61945]},
			"faces": {
				"north": {"uv": [8, 3, 5, 6], "texture": "#1"},
				"east": {"uv": [8, 3, 7.5, 6], "texture": "#1"},
				"south": {"uv": [8, 3, 5, 6], "texture": "#1"},
				"west": {"uv": [5.5, 3, 5, 6], "texture": "#1"},
				"up": {"uv": [8, 3.5, 5, 3], "rotation": 180, "texture": "#1"},
				"down": {"uv": [5, 6, 8, 5.5], "texture": "#1"}
			}
		},
		{
			"from": [6.5119, 17.03774, -0.03055],
			"to": [9.5119, 20.03774, 0.46945],
			"rotation": {"angle": 22.5, "axis": "x", "origin": [8.0119, 18.53774, 0.61945]},
			"faces": {
				"north": {"uv": [8, 3, 5, 6], "texture": "#1"},
				"east": {"uv": [8, 3, 7.5, 6], "texture": "#1"},
				"south": {"uv": [8, 3, 5, 6], "texture": "#1"},
				"west": {"uv": [5.5, 3, 5, 6], "texture": "#1"},
				"up": {"uv": [8, 3.5, 5, 3], "rotation": 180, "texture": "#1"},
				"down": {"uv": [5, 6, 8, 5.5], "texture": "#1"}
			}
		},
		{
			"from": [4.5119, 14.33774, 0.36945],
			"to": [7.5119, 17.33774, 0.86945],
			"rotation": {"angle": 22.5, "axis": "x", "origin": [6.0119, 15.83774, 0.61945]},
			"faces": {
				"north": {"uv": [8, 3, 5, 6], "texture": "#1"},
				"east": {"uv": [8, 3, 7.5, 6], "texture": "#1"},
				"south": {"uv": [8, 3, 5, 6], "texture": "#1"},
				"west": {"uv": [5.5, 3, 5, 6], "texture": "#1"},
				"up": {"uv": [8, 3.5, 5, 3], "rotation": 180, "texture": "#1"},
				"down": {"uv": [5, 6, 8, 5.5], "texture": "#1"}
			}
		},
		{
			"from": [9.5119, 15.63774, 1.36945],
			"to": [12.5119, 18.63774, 1.86945],
			"rotation": {"angle": 0, "axis": "y", "origin": [7.97857, 20.71883, 7.95238]},
			"faces": {
				"north": {"uv": [12, 3, 9, 6], "texture": "#1"},
				"east": {"uv": [12, 3, 11.5, 6], "texture": "#1"},
				"south": {"uv": [12, 3, 9, 6], "texture": "#1"},
				"west": {"uv": [9.5, 3, 9, 6], "texture": "#1"},
				"up": {"uv": [12, 3.5, 9, 3], "rotation": 180, "texture": "#1"},
				"down": {"uv": [9, 6, 12, 5.5], "texture": "#1"}
			}
		},
		{
			"from": [3.5119, 15.63774, 1.36945],
			"to": [6.5119, 18.63774, 1.86945],
			"rotation": {"angle": 0, "axis": "y", "origin": [7.97857, 20.71883, 7.95238]},
			"faces": {
				"north": {"uv": [12, 3, 9, 6], "texture": "#1"},
				"east": {"uv": [12, 3, 11.5, 6], "texture": "#1"},
				"south": {"uv": [12, 3, 9, 6], "texture": "#1"},
				"west": {"uv": [9.5, 3, 9, 6], "texture": "#1"},
				"up": {"uv": [12, 3.5, 9, 3], "rotation": 180, "texture": "#1"},
				"down": {"uv": [9, 6, 12, 5.5], "texture": "#1"}
			}
		},
		{
			"from": [6.5119, 14.63774, -0.53055],
			"to": [9.5119, 17.63774, -0.03055],
			"rotation": {"angle": 45, "axis": "y", "origin": [7.97857, 20.71883, 7.95238]},
			"faces": {
				"north": {"uv": [8, 3, 5, 6], "texture": "#1"},
				"east": {"uv": [8, 3, 7.5, 6], "texture": "#1"},
				"south": {"uv": [8, 3, 5, 6], "texture": "#1"},
				"west": {"uv": [5.5, 3, 5, 6], "texture": "#1"},
				"up": {"uv": [8, 3.5, 5, 3], "rotation": 180, "texture": "#1"},
				"down": {"uv": [5, 6, 8, 5.5], "texture": "#1"}
			}
		},
		{
			"from": [1.38135, 15.63774, 3.5],
			"to": [1.88135, 18.63774, 6.5],
			"rotation": {"angle": 0, "axis": "y", "origin": [8.0119, 19.997, 8]},
			"faces": {
				"north": {"uv": [9, 3, 9.5, 6], "texture": "#1"},
				"east": {"uv": [9, 3, 12, 6], "texture": "#1"},
				"south": {"uv": [11.5, 3, 12, 6], "texture": "#1"},
				"west": {"uv": [9, 3, 12, 6], "texture": "#1"},
				"up": {"uv": [12, 3, 9, 3.5], "rotation": 270, "texture": "#1"},
				"down": {"uv": [9, 5.5, 12, 6], "rotation": 270, "texture": "#1"}
			}
		},
		{
			"from": [0.38135, 14.33774, 4.5],
			"to": [0.88135, 17.33774, 7.5],
			"rotation": {"angle": -22.5, "axis": "z", "origin": [0.63135, 15.83774, 6]},
			"faces": {
				"north": {"uv": [5, 3, 5.5, 6], "texture": "#1"},
				"east": {"uv": [5, 3, 8, 6], "texture": "#1"},
				"south": {"uv": [7.5, 3, 8, 6], "texture": "#1"},
				"west": {"uv": [5, 3, 8, 6], "texture": "#1"},
				"up": {"uv": [8, 3, 5, 3.5], "rotation": 270, "texture": "#1"},
				"down": {"uv": [5, 5.5, 8, 6], "rotation": 270, "texture": "#1"}
			}
		},
		{
			"from": [2.60272, 11.88321, 8.5],
			"to": [3.10272, 14.88321, 11.5],
			"rotation": {"angle": -22.5, "axis": "z", "origin": [8.0119, 20.697, 8]},
			"faces": {
				"north": {"uv": [5, 3, 5.5, 6], "texture": "#1"},
				"east": {"uv": [5, 3, 8, 6], "texture": "#1"},
				"south": {"uv": [7.5, 3, 8, 6], "texture": "#1"},
				"west": {"uv": [5, 3, 8, 6], "texture": "#1"},
				"up": {"uv": [8, 3, 5, 3.5], "rotation": 270, "texture": "#1"},
				"down": {"uv": [5, 5.5, 8, 6], "rotation": 270, "texture": "#1"}
			}
		},
		{
			"from": [1.38135, 15.63774, 9.5],
			"to": [1.88135, 18.63774, 12.5],
			"rotation": {"angle": 0, "axis": "y", "origin": [8.0119, 19.997, 8]},
			"faces": {
				"north": {"uv": [9, 3, 9.5, 6], "texture": "#1"},
				"east": {"uv": [9, 3, 12, 6], "texture": "#1"},
				"south": {"uv": [11.5, 3, 12, 6], "texture": "#1"},
				"west": {"uv": [9, 3, 12, 6], "texture": "#1"},
				"up": {"uv": [12, 3, 9, 3.5], "rotation": 270, "texture": "#1"},
				"down": {"uv": [9, 5.5, 12, 6], "rotation": 270, "texture": "#1"}
			}
		},
		{
			"from": [1.10159, 14.32441, 6.5],
			"to": [1.60159, 17.32441, 9.5],
			"rotation": {"angle": -22.5, "axis": "z", "origin": [8.0119, 19.997, 8]},
			"faces": {
				"north": {"uv": [5, 3, 5.5, 6], "texture": "#1"},
				"east": {"uv": [5, 3, 8, 6], "texture": "#1"},
				"south": {"uv": [7.5, 3, 8, 6], "texture": "#1"},
				"west": {"uv": [5, 3, 8, 6], "texture": "#1"},
				"up": {"uv": [8, 3, 5, 3.5], "rotation": 270, "texture": "#1"},
				"down": {"uv": [5, 5.5, 8, 6], "rotation": 270, "texture": "#1"}
			}
		},
		{
			"from": [6.5119, 14.63774, 16.03055],
			"to": [9.5119, 17.63774, 16.53055],
			"rotation": {"angle": -45, "axis": "y", "origin": [7.97857, 20.71883, 8.04762]},
			"faces": {
				"north": {"uv": [5, 3, 8, 6], "texture": "#1"},
				"east": {"uv": [7.5, 3, 8, 6], "texture": "#1"},
				"south": {"uv": [5, 3, 8, 6], "texture": "#1"},
				"west": {"uv": [5, 3, 5.5, 6], "texture": "#1"},
				"up": {"uv": [8, 3, 5, 3.5], "rotation": 180, "texture": "#1"},
				"down": {"uv": [5, 5.5, 8, 6], "texture": "#1"}
			}
		},
		{
			"from": [3.5119, 15.63774, 14.13055],
			"to": [6.5119, 18.63774, 14.63055],
			"rotation": {"angle": 0, "axis": "y", "origin": [7.97857, 20.71883, 8.04762]},
			"faces": {
				"north": {"uv": [9, 3, 12, 6], "texture": "#1"},
				"east": {"uv": [11.5, 3, 12, 6], "texture": "#1"},
				"south": {"uv": [9, 3, 12, 6], "texture": "#1"},
				"west": {"uv": [9, 3, 9.5, 6], "texture": "#1"},
				"up": {"uv": [12, 3, 9, 3.5], "rotation": 180, "texture": "#1"},
				"down": {"uv": [9, 5.5, 12, 6], "texture": "#1"}
			}
		},
		{
			"from": [4.5119, 14.33774, 15.13055],
			"to": [7.5119, 17.33774, 15.63055],
			"rotation": {"angle": -22.5, "axis": "x", "origin": [6.0119, 15.83774, 15.38055]},
			"faces": {
				"north": {"uv": [5, 3, 8, 6], "texture": "#1"},
				"east": {"uv": [7.5, 3, 8, 6], "texture": "#1"},
				"south": {"uv": [5, 3, 8, 6], "texture": "#1"},
				"west": {"uv": [5, 3, 5.5, 6], "texture": "#1"},
				"up": {"uv": [8, 3, 5, 3.5], "rotation": 180, "texture": "#1"},
				"down": {"uv": [5, 5.5, 8, 6], "texture": "#1"}
			}
		},
		{
			"from": [8.5119, 14.33774, 15.33055],
			"to": [11.5119, 17.33774, 15.83055],
			"rotation": {"angle": -22.5, "axis": "x", "origin": [10.0119, 15.83774, 15.38055]},
			"faces": {
				"north": {"uv": [5, 3, 8, 6], "texture": "#1"},
				"east": {"uv": [7.5, 3, 8, 6], "texture": "#1"},
				"south": {"uv": [5, 3, 8, 6], "texture": "#1"},
				"west": {"uv": [5, 3, 5.5, 6], "texture": "#1"},
				"up": {"uv": [8, 3, 5, 3.5], "rotation": 180, "texture": "#1"},
				"down": {"uv": [5, 5.5, 8, 6], "texture": "#1"}
			}
		},
		{
			"from": [6.5119, 17.03774, 15.53055],
			"to": [9.5119, 20.03774, 16.03055],
			"rotation": {"angle": -22.5, "axis": "x", "origin": [8.0119, 18.53774, 15.38055]},
			"faces": {
				"north": {"uv": [5, 3, 8, 6], "texture": "#1"},
				"east": {"uv": [7.5, 3, 8, 6], "texture": "#1"},
				"south": {"uv": [5, 3, 8, 6], "texture": "#1"},
				"west": {"uv": [5, 3, 5.5, 6], "texture": "#1"},
				"up": {"uv": [8, 3, 5, 3.5], "rotation": 180, "texture": "#1"},
				"down": {"uv": [5, 5.5, 8, 6], "texture": "#1"}
			}
		},
		{
			"from": [9.5119, 15.63774, 14.13055],
			"to": [12.5119, 18.63774, 14.63055],
			"rotation": {"angle": 0, "axis": "y", "origin": [7.97857, 20.71883, 8.04762]},
			"faces": {
				"north": {"uv": [9, 3, 12, 6], "texture": "#1"},
				"east": {"uv": [11.5, 3, 12, 6], "texture": "#1"},
				"south": {"uv": [9, 3, 12, 6], "texture": "#1"},
				"west": {"uv": [9, 3, 9.5, 6], "texture": "#1"},
				"up": {"uv": [12, 3, 9, 3.5], "rotation": 180, "texture": "#1"},
				"down": {"uv": [9, 5.5, 12, 6], "texture": "#1"}
			}
		},
		{
			"from": [3.2, 0, 3.2],
			"to": [12.8, 6.4, 12.8],
			"rotation": {"angle": 0, "axis": "y", "origin": [1.6, 0, 1.6]},
			"faces": {
				"north": {"uv": [4.66667, 6.66667, 8.66667, 9.33333], "texture": "#0"},
				"east": {"uv": [4.66667, 6.66667, 8.66667, 9.33333], "texture": "#0"},
				"south": {"uv": [4.66667, 6.66667, 8.66667, 9.33333], "texture": "#0"},
				"west": {"uv": [4.66667, 6.66667, 8.66667, 9.33333], "texture": "#0"},
				"down": {"uv": [4.33333, 4.66667, 0.33333, 8.66667], "texture": "#0"}
			}
		},
		{
			"from": [2.4, 6.4, 2.4],
			"to": [13.6, 9.6, 13.6],
			"rotation": {"angle": 0, "axis": "y", "origin": [1.6, 0, 1.6]},
			"faces": {
				"north": {"uv": [8.66667, 6.66667, 13.33333, 8], "texture": "#0"},
				"east": {"uv": [8.66667, 6.66667, 13.33333, 8], "texture": "#0"},
				"south": {"uv": [8.66667, 6.66667, 13.33333, 8], "texture": "#0"},
				"west": {"uv": [8.66667, 6.66667, 13.33333, 8], "texture": "#0"},
				"up": {"uv": [4.66667, 4.66667, 0, 0], "texture": "#0"},
				"down": {"uv": [4.66667, 4.66667, 0, 9.33333], "texture": "#0"}
			}
		},
		{
			"from": [6, 9.6, 6],
			"to": [10, 11.6, 10],
			"rotation": {"angle": 0, "axis": "y", "origin": [6, 9.6, 6]},
			"faces": {
				"north": {"uv": [8, 4, 12, 6], "texture": "#3"},
				"east": {"uv": [8, 6, 12, 8], "texture": "#3"},
				"south": {"uv": [8, 8, 12, 10], "texture": "#3"},
				"west": {"uv": [0, 9, 4, 11], "texture": "#3"},
				"up": {"uv": [12, 4, 8, 0], "texture": "#3"}
			}
		},
		{
			"from": [7.5, 9.6, 10],
			"to": [9.5, 10.6, 11],
			"rotation": {"angle": 0, "axis": "y", "origin": [5.5, 9.6, 7]},
			"faces": {
				"north": {"uv": [8, 10, 10, 11], "texture": "#3"},
				"east": {"uv": [2, 11, 3, 12], "texture": "#3"},
				"south": {"uv": [10, 10, 12, 11], "texture": "#3"},
				"west": {"uv": [3, 11, 4, 12], "texture": "#3"},
				"up": {"uv": [2, 12, 0, 11], "texture": "#3"}
			}
		},
		{
			"from": [6.5, 9.6, 5],
			"to": [8.5, 10.6, 6],
			"rotation": {"angle": 0, "axis": "y", "origin": [10.5, 9.6, 9]},
			"faces": {
				"north": {"uv": [10, 10, 12, 11], "texture": "#3"},
				"east": {"uv": [3, 11, 4, 12], "texture": "#3"},
				"south": {"uv": [8, 10, 10, 11], "texture": "#3"},
				"west": {"uv": [2, 11, 3, 12], "texture": "#3"},
				"up": {"uv": [0, 11, 2, 12], "texture": "#3"}
			}
		},
		{
			"from": [5, 9.6, 7.5],
			"to": [6, 10.6, 9.5],
			"rotation": {"angle": 0, "axis": "y", "origin": [8, 10.1, 8]},
			"faces": {
				"north": {"uv": [3, 11, 4, 12], "texture": "#3"},
				"east": {"uv": [8, 10, 10, 11], "texture": "#3"},
				"south": {"uv": [2, 11, 3, 12], "texture": "#3"},
				"west": {"uv": [10, 10, 12, 11], "texture": "#3"},
				"up": {"uv": [2, 12, 0, 11], "rotation": 90, "texture": "#3"}
			}
		},
		{
			"from": [10, 9.6, 6.5],
			"to": [11, 10.6, 8.5],
			"rotation": {"angle": 0, "axis": "y", "origin": [8, 10.1, 8]},
			"faces": {
				"north": {"uv": [2, 11, 3, 12], "texture": "#3"},
				"east": {"uv": [10, 10, 12, 11], "texture": "#3"},
				"south": {"uv": [3, 11, 4, 12], "texture": "#3"},
				"west": {"uv": [8, 10, 10, 11], "texture": "#3"},
				"up": {"uv": [0, 11, 2, 12], "rotation": 90, "texture": "#3"}
			}
		},
		{
			"from": [12.32, 20.06, 1.44],
			"to": [13.4, 21.14, 2.52],
			"rotation": {"angle": 0, "axis": "y", "origin": [12.32, 20.06, 1.44]},
			"faces": {
				"north": {"uv": [0, 0, 1, 1], "texture": "#1"},
				"east": {"uv": [0, 0, 1, 1], "texture": "#1"},
				"south": {"uv": [0, 0, 1, 1], "texture": "#1"},
				"west": {"uv": [0, 0, 1, 1], "texture": "#1"},
				"up": {"uv": [0, 0, 1, 1], "texture": "#1"},
				"down": {"uv": [0, 0, 1, 1], "texture": "#1"}
			}
		},
		{
			"from": [14.048, 19.736, 3.168],
			"to": [15.128, 20.816, 4.248],
			"rotation": {"angle": 0, "axis": "y", "origin": [14.048, 19.736, 3.168]},
			"faces": {
				"north": {"uv": [2, 0, 3, 1], "texture": "#1"},
				"east": {"uv": [2, 0, 3, 1], "texture": "#1"},
				"south": {"uv": [2, 0, 3, 1], "texture": "#1"},
				"west": {"uv": [2, 0, 3, 1], "texture": "#1"},
				"up": {"uv": [2, 0, 3, 1], "texture": "#1"},
				"down": {"uv": [2, 0, 3, 1], "texture": "#1"}
			}
		},
		{
			"from": [12.32, 20.06, 13.48],
			"to": [13.4, 21.14, 14.56],
			"rotation": {"angle": 0, "axis": "y", "origin": [12.32, 20.06, 14.56]},
			"faces": {
				"north": {"uv": [1, 0, 0, 1], "texture": "#1"},
				"east": {"uv": [1, 0, 0, 1], "texture": "#1"},
				"south": {"uv": [1, 0, 0, 1], "texture": "#1"},
				"west": {"uv": [1, 0, 0, 1], "texture": "#1"},
				"up": {"uv": [0, 1, 1, 0], "texture": "#1"},
				"down": {"uv": [0, 1, 1, 0], "texture": "#1"}
			}
		},
		{
			"from": [13.4, 18.332, 12.94],
			"to": [14.48, 19.412, 14.02],
			"rotation": {"angle": 0, "axis": "y", "origin": [13.4, 18.332, 14.02]},
			"faces": {
				"north": {"uv": [2, 0, 1, 1], "texture": "#1"},
				"east": {"uv": [2, 0, 1, 1], "texture": "#1"},
				"south": {"uv": [2, 0, 1, 1], "texture": "#1"},
				"west": {"uv": [2, 0, 1, 1], "texture": "#1"},
				"up": {"uv": [1, 1, 2, 0], "texture": "#1"},
				"down": {"uv": [1, 1, 2, 0], "texture": "#1"}
			}
		},
		{
			"from": [14.048, 19.736, 11.752],
			"to": [15.128, 20.816, 12.832],
			"rotation": {"angle": 0, "axis": "y", "origin": [14.048, 19.736, 12.832]},
			"faces": {
				"north": {"uv": [3, 0, 2, 1], "texture": "#1"},
				"east": {"uv": [3, 0, 2, 1], "texture": "#1"},
				"south": {"uv": [3, 0, 2, 1], "texture": "#1"},
				"west": {"uv": [3, 0, 2, 1], "texture": "#1"},
				"up": {"uv": [2, 1, 3, 0], "texture": "#1"},
				"down": {"uv": [2, 1, 3, 0], "texture": "#1"}
			}
		},
		{
			"from": [1.952, 22.584, 5.74],
			"to": [3.032, 23.664, 6.82],
			"rotation": {"angle": 0, "axis": "y", "origin": [3.032, 22.584, 5.74]},
			"faces": {
				"north": {"uv": [1, 0, 2, 1], "texture": "#1"},
				"east": {"uv": [1, 0, 2, 1], "texture": "#1"},
				"south": {"uv": [1, 0, 2, 1], "texture": "#1"},
				"west": {"uv": [1, 0, 2, 1], "texture": "#1"},
				"up": {"uv": [1, 0, 2, 1], "texture": "#1"},
				"down": {"uv": [1, 0, 2, 1], "texture": "#1"}
			}
		},
		{
			"from": [12.968, 22.584, 8.224],
			"to": [14.048, 23.664, 9.304],
			"rotation": {"angle": 0, "axis": "y", "origin": [12.968, 22.584, 8.224]},
			"faces": {
				"north": {"uv": [1, 0, 2, 1], "texture": "#1"},
				"east": {"uv": [1, 0, 2, 1], "texture": "#1"},
				"south": {"uv": [1, 0, 2, 1], "texture": "#1"},
				"west": {"uv": [1, 0, 2, 1], "texture": "#1"},
				"up": {"uv": [1, 0, 2, 1], "texture": "#1"},
				"down": {"uv": [1, 0, 2, 1], "texture": "#1"}
			}
		},
		{
			"from": [13.292, 21.612, 6.928],
			"to": [14.372, 22.692, 8.008],
			"rotation": {"angle": 0, "axis": "y", "origin": [13.292, 21.612, 6.928]},
			"faces": {
				"north": {"uv": [0, 0, 1, 1], "texture": "#1"},
				"east": {"uv": [0, 0, 1, 1], "texture": "#1"},
				"south": {"uv": [0, 0, 1, 1], "texture": "#1"},
				"west": {"uv": [0, 0, 1, 1], "texture": "#1"},
				"up": {"uv": [0, 0, 1, 1], "texture": "#1"},
				"down": {"uv": [0, 0, 1, 1], "texture": "#1"}
			}
		},
		{
			"from": [12.536, 22.8, 5.74],
			"to": [13.616, 23.88, 6.82],
			"rotation": {"angle": 0, "axis": "y", "origin": [12.536, 22.8, 5.74]},
			"faces": {
				"north": {"uv": [2, 0, 3, 1], "texture": "#1"},
				"east": {"uv": [2, 0, 3, 1], "texture": "#1"},
				"south": {"uv": [2, 0, 3, 1], "texture": "#1"},
				"west": {"uv": [2, 0, 3, 1], "texture": "#1"},
				"up": {"uv": [2, 0, 3, 1], "texture": "#1"},
				"down": {"uv": [2, 0, 3, 1], "texture": "#1"}
			}
		},
		{
			"from": [6.164, 22.9, 12.752],
			"to": [7.244, 23.98, 13.832],
			"rotation": {"angle": 0, "axis": "y", "origin": [7.244, 22.9, 12.752]},
			"faces": {
				"north": {"uv": [1, 0, 2, 1], "texture": "#1"},
				"east": {"uv": [1, 0, 2, 1], "texture": "#1"},
				"south": {"uv": [1, 0, 2, 1], "texture": "#1"},
				"west": {"uv": [1, 0, 2, 1], "texture": "#1"},
				"up": {"uv": [1, 0, 2, 1], "rotation": 90, "texture": "#1"},
				"down": {"uv": [1, 0, 2, 1], "rotation": 270, "texture": "#1"}
			}
		},
		{
			"from": [7.46, 21.928, 13.508],
			"to": [8.54, 23.008, 14.588],
			"rotation": {"angle": 0, "axis": "y", "origin": [8.54, 21.928, 13.508]},
			"faces": {
				"north": {"uv": [2, 0, 3, 1], "texture": "#1"},
				"east": {"uv": [2, 0, 3, 1], "texture": "#1"},
				"south": {"uv": [2, 0, 3, 1], "texture": "#1"},
				"west": {"uv": [2, 0, 3, 1], "texture": "#1"},
				"up": {"uv": [2, 0, 3, 1], "rotation": 90, "texture": "#1"},
				"down": {"uv": [2, 0, 3, 1], "rotation": 270, "texture": "#1"}
			}
		},
		{
			"from": [8.324, 23.116, 12.32],
			"to": [9.404, 24.196, 13.4],
			"rotation": {"angle": 0, "axis": "y", "origin": [9.404, 23.116, 12.32]},
			"faces": {
				"north": {"uv": [0, 0, 1, 1], "texture": "#1"},
				"east": {"uv": [0, 0, 1, 1], "texture": "#1"},
				"south": {"uv": [0, 0, 1, 1], "texture": "#1"},
				"west": {"uv": [0, 0, 1, 1], "texture": "#1"},
				"up": {"uv": [0, 0, 1, 1], "rotation": 90, "texture": "#1"},
				"down": {"uv": [0, 0, 1, 1], "rotation": 270, "texture": "#1"}
			}
		},
		{
			"from": [8.216, 23.78, 3.924],
			"to": [9.296, 24.86, 5.004],
			"rotation": {"angle": 0, "axis": "y", "origin": [9.296, 23.78, 5.004]},
			"faces": {
				"north": {"uv": [2, 0, 1, 1], "texture": "#1"},
				"east": {"uv": [2, 0, 1, 1], "texture": "#1"},
				"south": {"uv": [2, 0, 1, 1], "texture": "#1"},
				"west": {"uv": [2, 0, 1, 1], "texture": "#1"},
				"up": {"uv": [2, 0, 1, 1], "rotation": 90, "texture": "#1"},
				"down": {"uv": [2, 0, 1, 1], "rotation": 270, "texture": "#1"}
			}
		},
		{
			"from": [9.512, 22.808, 3.168],
			"to": [10.592, 23.888, 4.248],
			"rotation": {"angle": 0, "axis": "y", "origin": [10.592, 22.808, 4.248]},
			"faces": {
				"north": {"uv": [3, 0, 2, 1], "texture": "#1"},
				"east": {"uv": [3, 0, 2, 1], "texture": "#1"},
				"south": {"uv": [3, 0, 2, 1], "texture": "#1"},
				"west": {"uv": [3, 0, 2, 1], "texture": "#1"},
				"up": {"uv": [3, 0, 2, 1], "rotation": 90, "texture": "#1"},
				"down": {"uv": [3, 0, 2, 1], "rotation": 270, "texture": "#1"}
			}
		},
		{
			"from": [10.052, 23.672, 4.572],
			"to": [11.132, 24.752, 5.652],
			"rotation": {"angle": 0, "axis": "y", "origin": [11.132, 23.672, 5.652]},
			"faces": {
				"north": {"uv": [0, 0, 1, 1], "texture": "#1"},
				"east": {"uv": [0, 0, 1, 1], "texture": "#1"},
				"south": {"uv": [0, 0, 1, 1], "texture": "#1"},
				"west": {"uv": [0, 0, 1, 1], "texture": "#1"},
				"up": {"uv": [0, 0, 1, 1], "rotation": 90, "texture": "#1"},
				"down": {"uv": [0, 0, 1, 1], "rotation": 270, "texture": "#1"}
			}
		},
		{
			"from": [1.52, 22.368, 8.224],
			"to": [2.6, 23.448, 9.304],
			"rotation": {"angle": 0, "axis": "y", "origin": [2.6, 22.368, 8.224]},
			"faces": {
				"north": {"uv": [1, 0, 0, 1], "texture": "#1"},
				"east": {"uv": [1, 0, 0, 1], "texture": "#1"},
				"south": {"uv": [1, 0, 0, 1], "texture": "#1"},
				"west": {"uv": [1, 0, 0, 1], "texture": "#1"},
				"up": {"uv": [1, 0, 0, 1], "texture": "#1"},
				"down": {"uv": [1, 0, 0, 1], "texture": "#1"}
			}
		},
		{
			"from": [1.52, 21.396, 6.928],
			"to": [2.6, 22.476, 8.008],
			"rotation": {"angle": 0, "axis": "y", "origin": [2.6, 21.396, 6.928]},
			"faces": {
				"north": {"uv": [3, 0, 2, 1], "texture": "#1"},
				"east": {"uv": [3, 0, 2, 1], "texture": "#1"},
				"south": {"uv": [3, 0, 2, 1], "texture": "#1"},
				"west": {"uv": [3, 0, 2, 1], "texture": "#1"},
				"up": {"uv": [3, 0, 2, 1], "texture": "#1"},
				"down": {"uv": [3, 0, 2, 1], "texture": "#1"}
			}
		},
		{
			"from": [2.6, 20.06, 13.48],
			"to": [3.68, 21.14, 14.56],
			"rotation": {"angle": 0, "axis": "y", "origin": [3.68, 20.06, 14.56]},
			"faces": {
				"north": {"uv": [0, 0, 1, 1], "texture": "#1"},
				"east": {"uv": [0, 0, 1, 1], "texture": "#1"},
				"south": {"uv": [0, 0, 1, 1], "texture": "#1"},
				"west": {"uv": [0, 0, 1, 1], "texture": "#1"},
				"up": {"uv": [1, 1, 0, 0], "texture": "#1"},
				"down": {"uv": [1, 1, 0, 0], "texture": "#1"}
			}
		},
		{
			"from": [1.52, 18.332, 12.94],
			"to": [2.6, 19.412, 14.02],
			"rotation": {"angle": 0, "axis": "y", "origin": [2.6, 18.332, 14.02]},
			"faces": {
				"north": {"uv": [1, 0, 2, 1], "texture": "#1"},
				"east": {"uv": [1, 0, 2, 1], "texture": "#1"},
				"south": {"uv": [1, 0, 2, 1], "texture": "#1"},
				"west": {"uv": [1, 0, 2, 1], "texture": "#1"},
				"up": {"uv": [2, 1, 1, 0], "texture": "#1"},
				"down": {"uv": [2, 1, 1, 0], "texture": "#1"}
			}
		},
		{
			"from": [0.872, 19.736, 11.752],
			"to": [1.952, 20.816, 12.832],
			"rotation": {"angle": 0, "axis": "y", "origin": [1.952, 19.736, 12.832]},
			"faces": {
				"north": {"uv": [2, 0, 3, 1], "texture": "#1"},
				"east": {"uv": [2, 0, 3, 1], "texture": "#1"},
				"south": {"uv": [2, 0, 3, 1], "texture": "#1"},
				"west": {"uv": [2, 0, 3, 1], "texture": "#1"},
				"up": {"uv": [3, 1, 2, 0], "texture": "#1"},
				"down": {"uv": [3, 1, 2, 0], "texture": "#1"}
			}
		},
		{
			"from": [2.6, 20.06, 1.44],
			"to": [3.68, 21.14, 2.52],
			"rotation": {"angle": 0, "axis": "y", "origin": [3.68, 20.06, 1.44]},
			"faces": {
				"north": {"uv": [1, 0, 0, 1], "texture": "#1"},
				"east": {"uv": [1, 0, 0, 1], "texture": "#1"},
				"south": {"uv": [1, 0, 0, 1], "texture": "#1"},
				"west": {"uv": [1, 0, 0, 1], "texture": "#1"},
				"up": {"uv": [1, 0, 0, 1], "texture": "#1"},
				"down": {"uv": [1, 0, 0, 1], "texture": "#1"}
			}
		},
		{
			"from": [1.52, 18.332, 1.98],
			"to": [2.6, 19.412, 3.06],
			"rotation": {"angle": 0, "axis": "y", "origin": [2.6, 18.332, 1.98]},
			"faces": {
				"north": {"uv": [2, 0, 1, 1], "texture": "#1"},
				"east": {"uv": [2, 0, 1, 1], "texture": "#1"},
				"south": {"uv": [2, 0, 1, 1], "texture": "#1"},
				"west": {"uv": [2, 0, 1, 1], "texture": "#1"},
				"up": {"uv": [2, 0, 1, 1], "texture": "#1"},
				"down": {"uv": [2, 0, 1, 1], "texture": "#1"}
			}
		},
		{
			"from": [0.872, 19.736, 3.168],
			"to": [1.952, 20.816, 4.248],
			"rotation": {"angle": 0, "axis": "y", "origin": [1.952, 19.736, 3.168]},
			"faces": {
				"north": {"uv": [3, 0, 2, 1], "texture": "#1"},
				"east": {"uv": [3, 0, 2, 1], "texture": "#1"},
				"south": {"uv": [3, 0, 2, 1], "texture": "#1"},
				"west": {"uv": [3, 0, 2, 1], "texture": "#1"},
				"up": {"uv": [3, 0, 2, 1], "texture": "#1"},
				"down": {"uv": [3, 0, 2, 1], "texture": "#1"}
			}
		},
		{
			"from": [13.4, 18.332, 1.98],
			"to": [14.48, 19.412, 3.06],
			"rotation": {"angle": 0, "axis": "y", "origin": [13.4, 18.332, 1.98]},
			"faces": {
				"north": {"uv": [1, 0, 2, 1], "texture": "#1"},
				"east": {"uv": [1, 0, 2, 1], "texture": "#1"},
				"south": {"uv": [1, 0, 2, 1], "texture": "#1"},
				"west": {"uv": [1, 0, 2, 1], "texture": "#1"},
				"up": {"uv": [1, 0, 2, 1], "texture": "#1"},
				"down": {"uv": [1, 0, 2, 1], "texture": "#1"}
			}
		}
	],
	"groups": [
		{
			"name": "stem",
			"origin": [8, 10.5, 8],
			"color": 0,
			"children": [0, 1, 2, 3, 4, 5, 6, 7, 8]
		},
		{
			"name": "leaf",
			"origin": [7.97857, 7.11883, 8.04762],
			"color": 0,
			"children": [9, 10, 11, 12, 13, 14, 15, 16, 17, 18, 19, 20, 21, 22, 23, 24, 25, 26, 27, 28, 29, 30, 31, 32, 33, 34, 35, 36, 37, 38, 39, 40, 41, 42, 43, 44, 45, 46, 47, 48, 49, 50, 51, 52, 53, 54, 55, 56, 57, 58, 59, 60, 61, 62, 63, 64]
		},
		{
			"name": "pot",
			"origin": [0, 0, 0],
			"color": 0,
			"children": [65, 66]
		},
		67,
		68,
		69,
		70,
		71,
		72,
		73,
		74,
		75,
		76,
		77,
		78,
		79,
		80,
		81,
		82,
		83,
		84,
		85,
		86,
		87,
		88,
		89,
		90,
		91,
		92,
		93,
		94,
		95
	]
}