{
	"credit": "Made with Blockbench",
	"ambientocclusion": false,
	"textures": {
		"5": "block/saplings/mangrove_pipe",
		"6": "block/saplings/water_flow",
		"7": "block/saplings/water_still",
		"8": "block/saplings/mangrove_planks",
		"1_1": "block/saplings/big_flower_pot_bottom_wood",
		"1_2": "block/saplings/big_flower_pot_side_wood",
		"1_3": "block/saplings/big_flower_pot_top_wood",
		"particle": "block/saplings/water_flow"
	},
	"elements": [
		{
			"from": [0, 0, 0],
			"to": [2, 8, 16],
			"rotation": {"angle": 0, "axis": "y", "origin": [0, 2, 0]},
			"faces": {
				"north": {"uv": [14, 8, 16, 16], "texture": "#1_2"},
				"east": {"uv": [0, 8, 16, 16], "texture": "#1_2"},
				"south": {"uv": [0, 8, 2, 16], "texture": "#1_2"},
				"west": {"uv": [0, 8, 16, 16], "texture": "#1_2"},
				"up": {"uv": [0, 0, 2, 16], "texture": "#1_3"},
				"down": {"uv": [0, 0, 2, 16], "texture": "#1_1", "cullface": "down"}
			}
		},
		{
			"from": [14, 0, 0],
			"to": [16, 8, 16],
			"rotation": {"angle": 0, "axis": "y", "origin": [0, 2, 0]},
			"faces": {
				"north": {"uv": [0, 8, 2, 16], "texture": "#1_2"},
				"east": {"uv": [0, 8, 16, 16], "texture": "#1_2"},
				"south": {"uv": [14, 8, 16, 16], "texture": "#1_2"},
				"west": {"uv": [0, 8, 16, 16], "texture": "#1_2"},
				"up": {"uv": [14, 0, 16, 16], "texture": "#1_3"},
				"down": {"uv": [14, 0, 16, 16], "texture": "#1_1", "cullface": "down"}
			}
		},
		{
			"from": [2, 0, 0],
			"to": [14, 8, 2],
			"rotation": {"angle": 0, "axis": "y", "origin": [0, 2, 0]},
			"faces": {
				"north": {"uv": [2, 8, 14, 16], "texture": "#1_2"},
				"south": {"uv": [2, 8, 14, 16], "texture": "#1_2"},
				"up": {"uv": [2, 0, 14, 2], "texture": "#1_3"},
				"down": {"uv": [2, 14, 14, 16], "texture": "#1_1", "cullface": "down"}
			}
		},
		{
			"from": [2, 0, 14],
			"to": [14, 8, 16],
			"rotation": {"angle": 0, "axis": "y", "origin": [0, 2, 0]},
			"faces": {
				"north": {"uv": [2, 8, 14, 16], "texture": "#1_2"},
				"south": {"uv": [2, 8, 14, 16], "texture": "#1_2"},
				"up": {"uv": [2, 14, 14, 16], "texture": "#1_3"},
				"down": {"uv": [2, 0, 14, 2], "texture": "#1_1", "cullface": "down"}
			}
		},
		{
			"from": [2, 0, 2],
			"to": [14, 2, 14],
			"rotation": {"angle": 0, "axis": "y", "origin": [0, 2, 0]},
			"faces": {
				"up": {"uv": [2, 2, 14, 14], "texture": "#1_1"},
				"down": {"uv": [2, 2, 14, 14], "texture": "#1_1", "cullface": "down"}
			}
		},
		{
			"from": [-1, 8, 1.75],
			"to": [11, 10, 7.75],
			"rotation": {"angle": 45, "axis": "y", "origin": [5, 10.5, 5]},
			"faces": {
				"north": {"uv": [7, 0, 9, 12], "rotation": 90, "texture": "#8"},
				"east": {"uv": [2, 0, 8, 2], "texture": "#8"},
				"south": {"uv": [3, 12, 1, 0], "rotation": 90, "texture": "#8"},
				"west": {"uv": [8, 10, 2, 12], "texture": "#8"},
				"up": {"uv": [8, 12, 2, 0], "rotation": 90, "texture": "#8"},
				"down": {"uv": [2, 12, 8, 0], "rotation": 90, "texture": "#8"}
			}
		},
		{
			"from": [3, 10, 0.75],
			"to": [7, 14, 9.75],
			"rotation": {"angle": 45, "axis": "y", "origin": [5, 10.5, 5]},
			"faces": {
				"north": {"uv": [5, 0, 9, 4], "rotation": 90, "texture": "#5"},
				"east": {"uv": [0, 15, 4, 6], "rotation": 90, "texture": "#5"},
				"south": {"uv": [0, 4, 4, 0], "rotation": 90, "texture": "#5"},
				"west": {"uv": [4, 6, 0, 15], "rotation": 90, "texture": "#5"},
				"up": {"uv": [4, 15, 0, 6], "texture": "#5"},
				"down": {"uv": [0, 6, 4, 15], "texture": "#5"}
			}
		},
		{
			"from": [2, 6, 2],
			"to": [14, 6, 14],
			"rotation": {"angle": 0, "axis": "y", "origin": [2, 5, 2]},
			"faces": {
				"up": {"uv": [12, 12, 0, 0], "texture": "#7"}
			}
		},
		{
			"from": [8.65165, 6, 7.46586],
			"to": [9.65165, 12, 9.46586],
			"rotation": {"angle": -45, "axis": "y", "origin": [8.65165, 10, 8.06586]},
			"faces": {
				"north": {"uv": [0.5, 6, 1, 9], "texture": "#6"},
				"east": {"uv": [0, 6, 1, 9], "texture": "#6"},
				"south": {"uv": [0, 6, 0.5, 9], "texture": "#6"},
				"west": {"uv": [1, 6, 0, 9], "texture": "#6"},
				"up": {"uv": [1, 6.5, 0, 6], "rotation": 90, "texture": "#6"}
			}
		}
	],
	"groups": [
		{
			"name": "flower_pot",
			"origin": [8, 8, 8],
			"color": 0,
			"children": [0, 1, 2, 3, 4]
		},
		5,
		6,
		7,
		8
	]
}