{
	"credit": "Made with Blockbench",
	"ambientocclusion": false,

	"textures": {
		"0": "block/saplings/big_pot",
		"1": "block/saplings/snake_grass",
		"particle": "block/saplings/big_pot"
	},
	"elements": [
		{
			"from": [3.2, 0, 3.2],
			"to": [12.8, 6.4, 12.8],
			"rotation": {"angle": 0, "axis": "y", "origin": [1.6, 0, 1.6]},
			"faces": {
				"north": {"uv": [4.66667, 6.66667, 8.66667, 9.33333], "texture": "#0"},
				"east": {"uv": [4.66667, 6.66667, 8.66667, 9.33333], "texture": "#0"},
				"south": {"uv": [4.66667, 6.66667, 8.66667, 9.33333], "texture": "#0"},
				"west": {"uv": [4.66667, 6.66667, 8.66667, 9.33333], "texture": "#0"},
				"down": {"uv": [4.33333, 4.66667, 0.33333, 8.66667], "texture": "#0"}
			}
		},
		{
			"from": [2.4, 6.4, 2.4],
			"to": [13.6, 9.6, 13.6],
			"rotation": {"angle": 0, "axis": "y", "origin": [1.6, 0, 1.6]},
			"faces": {
				"north": {"uv": [8.66667, 6.66667, 13.33333, 8], "texture": "#0"},
				"east": {"uv": [8.66667, 6.66667, 13.33333, 8], "texture": "#0"},
				"south": {"uv": [8.66667, 6.66667, 13.33333, 8], "texture": "#0"},
				"west": {"uv": [8.66667, 6.66667, 13.33333, 8], "texture": "#0"},
				"up": {"uv": [4.66667, 4.66667, 0, 0], "texture": "#0"},
				"down": {"uv": [4.66667, 4.66667, 0, 9.33333], "texture": "#0"}
			}
		},
		{
			"from": [11.2, 8.8, 4.8],
			"to": [12, 13.6, 8],
			"rotation": {"angle": -22.5, "axis": "z", "origin": [12.19707, 13.40167, 6.4]},
			"faces": {
				"north": {"uv": [4, 8, 5, 14], "texture": "#1"},
				"east": {"uv": [0, 0, 4, 6], "texture": "#1"},
				"south": {"uv": [5, 8, 6, 14], "texture": "#1"},
				"west": {"uv": [4, 0, 8, 6], "texture": "#1"}
			}
		},
		{
			"from": [4.8, 15.21745, 4.83427],
			"to": [8, 21.61745, 5.63427],
			"rotation": {"angle": -45, "axis": "x", "origin": [3.45131, 13.40167, 6.65131]},
			"faces": {
				"north": {"uv": [0, 8, 4, 16], "texture": "#1"},
				"east": {"uv": [7, 8, 8, 16], "texture": "#1"},
				"south": {"uv": [8, 0, 12, 8], "texture": "#1"},
				"west": {"uv": [6, 8, 7, 16], "texture": "#1"},
				"up": {"uv": [8, 8, 9, 12], "rotation": 90, "texture": "#1"}
			}
		},
		{
			"from": [8.4, 9.89003, 8.45682],
			"to": [11.6, 13.09003, 9.25682],
			"rotation": {"angle": 0, "axis": "x", "origin": [3.45131, 13.40167, 6.65131]},
			"faces": {
				"north": {"uv": [0, 0, 4, 4], "texture": "#1"},
				"east": {"uv": [5, 8, 6, 12], "texture": "#1"},
				"south": {"uv": [4, 0, 8, 4], "texture": "#1"},
				"west": {"uv": [4, 8, 5, 12], "texture": "#1"}
			}
		},
		{
			"from": [8.4, 15.49003, 4.29682],
			"to": [9.2, 21.89003, 7.49682],
			"rotation": {"angle": 0, "axis": "y", "origin": [8.56, 15.69003, 8.61682]},
			"faces": {
				"north": {"uv": [6, 8, 7, 16], "texture": "#1"},
				"east": {"uv": [0, 8, 4, 16], "texture": "#1"},
				"south": {"uv": [7, 8, 8, 16], "texture": "#1"},
				"west": {"uv": [8, 0, 12, 8], "texture": "#1"},
				"up": {"uv": [8, 8, 9, 12], "rotation": 180, "texture": "#1"}
			}
		},
		{
			"from": [8.4, 9.89003, 4.29682],
			"to": [9.2, 15.49003, 7.49682],
			"rotation": {"angle": 0, "axis": "y", "origin": [8.56, 15.69003, 8.61682]},
			"faces": {
				"north": {"uv": [4, 8, 5, 15], "texture": "#1"},
				"east": {"uv": [0, 0, 4, 7], "texture": "#1"},
				"south": {"uv": [5, 8, 6, 15], "texture": "#1"},
				"west": {"uv": [4, 0, 8, 7], "texture": "#1"}
			}
		},
		{
			"from": [8.4, 13.09003, 8.45682],
			"to": [11.6, 19.49003, 9.25682],
			"rotation": {"angle": 0, "axis": "x", "origin": [3.45131, 12.87425, 6.03386]},
			"faces": {
				"north": {"uv": [0, 8, 4, 16], "texture": "#1"},
				"east": {"uv": [7, 8, 8, 16], "texture": "#1"},
				"south": {"uv": [8, 0, 12, 8], "texture": "#1"},
				"west": {"uv": [6, 8, 7, 16], "texture": "#1"},
				"up": {"uv": [8, 8, 9, 12], "rotation": 90, "texture": "#1"}
			}
		},
		{
			"from": [6.8, 14.69003, 8.50318],
			"to": [7.6, 21.09003, 11.70318],
			"rotation": {"angle": 0, "axis": "y", "origin": [7.44, 15.69003, 7.38318]},
			"faces": {
				"north": {"uv": [7, 8, 8, 16], "texture": "#1"},
				"east": {"uv": [8, 0, 12, 8], "texture": "#1"},
				"south": {"uv": [6, 8, 7, 16], "texture": "#1"},
				"west": {"uv": [0, 8, 4, 16], "texture": "#1"},
				"up": {"uv": [9, 12, 8, 8], "rotation": 180, "texture": "#1"}
			}
		},
		{
			"from": [6.8, 9.89003, 8.50318],
			"to": [7.6, 14.69003, 11.70318],
			"rotation": {"angle": 0, "axis": "y", "origin": [7.44, 15.69003, 7.38318]},
			"faces": {
				"north": {"uv": [5, 8, 6, 14], "texture": "#1"},
				"east": {"uv": [4, 0, 8, 6], "texture": "#1"},
				"south": {"uv": [4, 8, 5, 14], "texture": "#1"},
				"west": {"uv": [0, 0, 4, 6], "texture": "#1"}
			}
		},
		{
			"from": [4.4, 9.89003, 6.74318],
			"to": [7.6, 13.89003, 7.54318],
			"rotation": {"angle": 0, "axis": "y", "origin": [12.54869, 13.40167, 9.34869]},
			"faces": {
				"north": {"uv": [4, 0, 8, 5], "texture": "#1"},
				"east": {"uv": [4, 8, 5, 13], "texture": "#1"},
				"south": {"uv": [0, 0, 4, 5], "texture": "#1"},
				"west": {"uv": [5, 8, 6, 13], "texture": "#1"}
			}
		},
		{
			"from": [4.4, 13.89003, 6.74318],
			"to": [7.6, 20.29003, 7.54318],
			"rotation": {"angle": 0, "axis": "y", "origin": [12.54869, 12.87425, 9.96614]},
			"faces": {
				"north": {"uv": [8, 0, 12, 8], "texture": "#1"},
				"east": {"uv": [6, 8, 7, 16], "texture": "#1"},
				"south": {"uv": [0, 8, 4, 16], "texture": "#1"},
				"west": {"uv": [7, 8, 8, 16], "texture": "#1"},
				"up": {"uv": [9, 12, 8, 8], "rotation": 90, "texture": "#1"}
			}
		},
		{
			"from": [4.8, 9.89003, 4.21682],
			"to": [8, 14.69003, 5.01682],
			"rotation": {"angle": -22.5, "axis": "x", "origin": [3.45131, 13.40167, 6.65131]},
			"faces": {
				"north": {"uv": [0, 0, 4, 6], "texture": "#1"},
				"east": {"uv": [5, 8, 6, 14], "texture": "#1"},
				"south": {"uv": [4, 0, 8, 6], "texture": "#1"},
				"west": {"uv": [4, 8, 5, 14], "texture": "#1"}
			}
		},
		{
			"from": [4.36564, 14.08608, 8],
			"to": [5.16564, 20.48608, 11.2],
			"rotation": {"angle": 45, "axis": "z", "origin": [5.05131, 13.40167, 5.05131]},
			"faces": {
				"north": {"uv": [7, 8, 8, 16], "texture": "#1"},
				"east": {"uv": [8, 0, 12, 8], "texture": "#1"},
				"south": {"uv": [6, 8, 7, 16], "texture": "#1"},
				"west": {"uv": [0, 8, 4, 16], "texture": "#1"},
				"up": {"uv": [8, 8, 9, 12], "texture": "#1"}
			}
		},
		{
			"from": [4.09503, 9.27773, 8],
			"to": [4.89503, 14.07773, 11.2],
			"rotation": {"angle": 22.5, "axis": "z", "origin": [5.05131, 13.40167, 5.05131]},
			"faces": {
				"north": {"uv": [5, 8, 6, 14], "texture": "#1"},
				"east": {"uv": [4, 0, 8, 6], "texture": "#1"},
				"south": {"uv": [4, 8, 5, 14], "texture": "#1"},
				"west": {"uv": [0, 0, 4, 6], "texture": "#1"}
			}
		},
		{
			"from": [11.2, 13.20334, 4.8],
			"to": [12, 19.60334, 8],
			"rotation": {"angle": -45, "axis": "z", "origin": [12.19707, 13.40167, 6.4]},
			"faces": {
				"north": {"uv": [6, 8, 7, 16], "texture": "#1"},
				"east": {"uv": [0, 8, 4, 16], "texture": "#1"},
				"south": {"uv": [7, 8, 8, 16], "texture": "#1"},
				"west": {"uv": [8, 0, 12, 8], "texture": "#1"},
				"up": {"uv": [9, 12, 8, 8], "texture": "#1"}
			}
		},
		{
			"from": [8, 13.20334, 11.2],
			"to": [11.2, 19.60334, 12],
			"rotation": {"angle": 45, "axis": "x", "origin": [9.6, 13.40167, 12.19707]},
			"faces": {
				"north": {"uv": [8, 0, 12, 8], "texture": "#1"},
				"east": {"uv": [6, 8, 7, 16], "texture": "#1"},
				"south": {"uv": [0, 8, 4, 16], "texture": "#1"},
				"west": {"uv": [7, 8, 8, 16], "texture": "#1"},
				"up": {"uv": [9, 12, 8, 8], "rotation": 90, "texture": "#1"}
			}
		},
		{
			"from": [8, 8.8, 11.2],
			"to": [11.2, 13.6, 12],
			"rotation": {"angle": 22.5, "axis": "x", "origin": [9.6, 13.40167, 12.19707]},
			"faces": {
				"north": {"uv": [4, 0, 8, 6], "texture": "#1"},
				"east": {"uv": [4, 8, 5, 14], "texture": "#1"},
				"south": {"uv": [0, 0, 4, 6], "texture": "#1"},
				"west": {"uv": [5, 8, 6, 14], "texture": "#1"}
			}
		}
	],
	"groups": [
		{
			"name": "pot",
			"origin": [0, 0, 0],
			"color": 0,
			"children": [0, 1]
		},
		2,
		3,
		4,
		5,
		6,
		7,
		8,
		9,
		10,
		11,
		12,
		13,
		14,
		15,
		16,
		17
	]
}