{
	"credit": "Made with Blockbench",
	"ambientocclusion": false,
	"texture_size": [32, 32],
	"textures": {
		"0": "block/saplings/big_pot",
		"4": "block/saplings/boxwood_top",
		"5": "block/saplings/boxwood",
		"particle": "block/saplings/big_pot"
	},
	"elements": [
		{
			"from": [3, 10.6, 3],
			"to": [13, 20.6, 13],
			"rotation": {"angle": 0, "axis": "y", "origin": [8, 15.6, 8]},
			"faces": {
				"north": {"uv": [0, 0, 3.33333, 3.33333], "texture": "#5"},
				"east": {"uv": [0, 3.33333, 3.33333, 6.66667], "texture": "#5"},
				"south": {"uv": [3.33333, 0, 6.66667, 3.33333], "texture": "#5"},
				"west": {"uv": [3.33333, 3.33333, 6.66667, 6.66667], "texture": "#5"},
				"up": {"uv": [3.33333, 10, 0, 6.66667], "texture": "#5"},
				"down": {"uv": [10, 0, 6.66667, 3.33333], "texture": "#5"}
			}
		},
		{
			"from": [4, 11.6, 2],
			"to": [12, 19.6, 3],
			"rotation": {"angle": 0, "axis": "y", "origin": [8, 15.6, 8]},
			"faces": {
				"north": {"uv": [3.33333, 6.66667, 6, 9.33333], "texture": "#5"},
				"east": {"uv": [3.33333, 9.33333, 3.66667, 12], "texture": "#5"},
				"west": {"uv": [9.33333, 3.33333, 9.66667, 6], "texture": "#5"},
				"up": {"uv": [6.33333, 9.66667, 3.66667, 9.33333], "texture": "#5"},
				"down": {"uv": [12.33333, 3.33333, 9.66667, 3.66667], "texture": "#5"}
			}
		},
		{
			"from": [5, 10.6, 13],
			"to": [11, 11.6, 14],
			"rotation": {"angle": 0, "axis": "y", "origin": [8, 15.6, 8]},
			"faces": {
				"east": {"uv": [6, 12, 6.33333, 12.33333], "texture": "#5"},
				"south": {"uv": [3.66667, 10.33333, 5.66667, 10.66667], "texture": "#5"},
				"west": {"uv": [6.33333, 12, 6.66667, 12.33333], "texture": "#5"},
				"down": {"uv": [12.66667, 0, 10.66667, 0.33333], "texture": "#5"}
			}
		},
		{
			"from": [12, 12.6, 13],
			"to": [13, 18.6, 14],
			"rotation": {"angle": 0, "axis": "y", "origin": [8, 15.6, 8]},
			"faces": {
				"east": {"uv": [1.66667, 10.33333, 2, 12.33333], "texture": "#5"},
				"south": {"uv": [2, 10.33333, 2.33333, 12.33333], "texture": "#5"},
				"up": {"uv": [3.66667, 12.33333, 3.33333, 12], "texture": "#5"},
				"down": {"uv": [6, 12, 5.66667, 12.33333], "texture": "#5"}
			}
		},
		{
			"from": [5, 19.6, 13],
			"to": [11, 20.6, 14],
			"rotation": {"angle": 0, "axis": "y", "origin": [8, 15.6, 8]},
			"faces": {
				"east": {"uv": [11.66667, 11.66667, 12, 12], "texture": "#5"},
				"south": {"uv": [10.33333, 2, 12.33333, 2.33333], "texture": "#5"},
				"west": {"uv": [12, 3, 12.33333, 3.33333], "texture": "#5"},
				"up": {"uv": [12.33333, 2.66667, 10.33333, 2.33333], "texture": "#5"}
			}
		},
		{
			"from": [3, 12.6, 13],
			"to": [4, 18.6, 14],
			"rotation": {"angle": 0, "axis": "y", "origin": [8, 15.6, 8]},
			"faces": {
				"south": {"uv": [1, 10.33333, 1.33333, 12.33333], "texture": "#5"},
				"west": {"uv": [1.33333, 10.33333, 1.66667, 12.33333], "texture": "#5"},
				"up": {"uv": [11, 12, 10.66667, 11.66667], "texture": "#5"},
				"down": {"uv": [11.66667, 11.66667, 11.33333, 12], "texture": "#5"}
			}
		},
		{
			"from": [4, 11.6, 13],
			"to": [12, 19.6, 14],
			"rotation": {"angle": 0, "axis": "y", "origin": [8, 15.6, 8]},
			"faces": {
				"east": {"uv": [6.33333, 9.33333, 6.66667, 12], "texture": "#5"},
				"south": {"uv": [6.66667, 3.33333, 9.33333, 6], "texture": "#5"},
				"west": {"uv": [6.66667, 9.33333, 7, 12], "texture": "#5"},
				"up": {"uv": [6.33333, 10, 3.66667, 9.66667], "texture": "#5"},
				"down": {"uv": [12.33333, 3.66667, 9.66667, 4], "texture": "#5"}
			}
		},
		{
			"from": [13, 10.6, 5],
			"to": [14, 11.6, 11],
			"rotation": {"angle": 0, "axis": "y", "origin": [8, 15.6, 8]},
			"faces": {
				"north": {"uv": [9.33333, 12, 9.66667, 12.33333], "texture": "#5"},
				"east": {"uv": [10.66667, 1.33333, 12.66667, 1.66667], "texture": "#5"},
				"south": {"uv": [12, 9.33333, 12.33333, 9.66667], "texture": "#5"},
				"down": {"uv": [9, 11.33333, 8.66667, 13.33333], "texture": "#5"}
			}
		},
		{
			"from": [4, 20.6, 4],
			"to": [12, 22.6, 12],
			"rotation": {"angle": 0, "axis": "y", "origin": [8, 15.6, 8]},
			"faces": {
				"north": {"uv": [4, 3, 8, 4], "texture": "#4"},
				"east": {"uv": [6, 4, 10, 5], "texture": "#4"},
				"south": {"uv": [6, 5, 10, 6], "texture": "#4"},
				"west": {"uv": [6, 6, 10, 7], "texture": "#4"},
				"up": {"uv": [4, 4, 0, 0], "texture": "#4"}
			}
		},
		{
			"from": [5, 22.6, 5],
			"to": [11, 25.6, 11],
			"rotation": {"angle": 0, "axis": "y", "origin": [8, 17.6, 8]},
			"faces": {
				"north": {"uv": [4, 0, 7, 1.5], "texture": "#4"},
				"east": {"uv": [4, 1.5, 7, 3], "texture": "#4"},
				"south": {"uv": [3, 4, 6, 5.5], "texture": "#4"},
				"west": {"uv": [3, 5.5, 6, 7], "texture": "#4"},
				"up": {"uv": [3, 7, 0, 4], "texture": "#4"}
			}
		},
		{
			"from": [6, 22.6, 11],
			"to": [10, 24.6, 12],
			"rotation": {"angle": 0, "axis": "y", "origin": [8, 17.6, 9]},
			"faces": {
				"east": {"uv": [0, 9.5, 0.5, 10.5], "texture": "#4"},
				"south": {"uv": [6, 7, 8, 8], "texture": "#4"},
				"west": {"uv": [0.5, 9.5, 1, 10.5], "texture": "#4"},
				"up": {"uv": [2, 9.5, 0, 9], "texture": "#4"}
			}
		},
		{
			"from": [6, 22.6, 4],
			"to": [10, 24.6, 5],
			"rotation": {"angle": 0, "axis": "y", "origin": [8, 17.6, 7]},
			"faces": {
				"north": {"uv": [8, 3, 10, 4], "texture": "#4"},
				"east": {"uv": [9.5, 0.5, 10, 1.5], "texture": "#4"},
				"west": {"uv": [1, 9.5, 1.5, 10.5], "texture": "#4"},
				"up": {"uv": [11, 0.5, 9, 0], "texture": "#4"}
			}
		},
		{
			"from": [4, 22.6, 6],
			"to": [5, 24.6, 10],
			"rotation": {"angle": 0, "axis": "y", "origin": [8, 23.6, 8]},
			"faces": {
				"north": {"uv": [2, 9.5, 2.5, 10.5], "texture": "#4"},
				"south": {"uv": [2.5, 9.5, 3, 10.5], "texture": "#4"},
				"west": {"uv": [8, 7, 10, 8], "texture": "#4"},
				"up": {"uv": [6.5, 11, 6, 9], "texture": "#4"}
			}
		},
		{
			"from": [5, 25.6, 7],
			"to": [6, 27.6, 9],
			"rotation": {"angle": 0, "axis": "y", "origin": [9, 26.6, 8]},
			"faces": {
				"north": {"uv": [3, 9.5, 3.5, 10.5], "texture": "#4"},
				"south": {"uv": [3.5, 9.5, 4, 10.5], "texture": "#4"},
				"west": {"uv": [6.5, 9, 7.5, 10], "texture": "#4"},
				"up": {"uv": [4.5, 10.5, 4, 9.5], "texture": "#4"}
			}
		},
		{
			"from": [10, 25.6, 7],
			"to": [11, 27.6, 9],
			"rotation": {"angle": 0, "axis": "y", "origin": [7, 26.6, 8]},
			"faces": {
				"north": {"uv": [4.5, 9.5, 5, 10.5], "texture": "#4"},
				"east": {"uv": [7.5, 9, 8.5, 10], "texture": "#4"},
				"south": {"uv": [5, 9.5, 5.5, 10.5], "texture": "#4"},
				"up": {"uv": [6, 10.5, 5.5, 9.5], "texture": "#4"}
			}
		},
		{
			"from": [7, 25.6, 5],
			"to": [9, 27.6, 6],
			"rotation": {"angle": 0, "axis": "y", "origin": [8, 26.6, 8]},
			"faces": {
				"north": {"uv": [8.5, 9, 9.5, 10], "texture": "#4"},
				"east": {"uv": [10, 1.5, 10.5, 2.5], "texture": "#4"},
				"west": {"uv": [10, 2.5, 10.5, 3.5], "texture": "#4"},
				"up": {"uv": [11, 4, 10, 3.5], "texture": "#4"}
			}
		},
		{
			"from": [7, 25.6, 10],
			"to": [9, 27.6, 11],
			"rotation": {"angle": 0, "axis": "y", "origin": [8, 26.6, 8]},
			"faces": {
				"east": {"uv": [9.5, 9, 10, 10], "texture": "#4"},
				"south": {"uv": [9, 8, 10, 9], "texture": "#4"},
				"west": {"uv": [10, 0.5, 10.5, 1.5], "texture": "#4"},
				"up": {"uv": [10, 3, 9, 2.5], "texture": "#4"}
			}
		},
		{
			"from": [11, 22.6, 6],
			"to": [12, 24.6, 10],
			"rotation": {"angle": 0, "axis": "y", "origin": [8, 23.6, 8]},
			"faces": {
				"north": {"uv": [1.5, 9.5, 2, 10.5], "texture": "#4"},
				"east": {"uv": [6, 8, 8, 9], "texture": "#4"},
				"south": {"uv": [9.5, 1.5, 10, 2.5], "texture": "#4"},
				"up": {"uv": [9.5, 2.5, 9, 0.5], "texture": "#4"}
			}
		},
		{
			"from": [6, 25.6, 6],
			"to": [10, 28.6, 10],
			"rotation": {"angle": 0, "axis": "y", "origin": [8, 20.6, 8]},
			"faces": {
				"north": {"uv": [7, 0, 9, 1.5], "texture": "#4"},
				"east": {"uv": [7, 1.5, 9, 3], "texture": "#4"},
				"south": {"uv": [2, 7, 4, 8.5], "texture": "#4"},
				"west": {"uv": [4, 7, 6, 8.5], "texture": "#4"},
				"up": {"uv": [2, 9, 0, 7], "texture": "#4"}
			}
		},
		{
			"from": [7, 28.6, 7],
			"to": [9, 30.6, 9],
			"rotation": {"angle": 0, "axis": "y", "origin": [8, 23.6, 8]},
			"faces": {
				"north": {"uv": [8, 8, 9, 9], "texture": "#4"},
				"east": {"uv": [2, 8.5, 3, 9.5], "texture": "#4"},
				"south": {"uv": [3, 8.5, 4, 9.5], "texture": "#4"},
				"west": {"uv": [4, 8.5, 5, 9.5], "texture": "#4"},
				"up": {"uv": [6, 9.5, 5, 8.5], "texture": "#4"}
			}
		},
		{
			"from": [5, 20.6, 3],
			"to": [11, 21.6, 4],
			"rotation": {"angle": 0, "axis": "y", "origin": [8, 15.6, 8]},
			"faces": {
				"north": {"uv": [11.66667, 8.33333, 13.66667, 8.66667], "texture": "#5"},
				"east": {"uv": [12.33333, 2, 12.66667, 2.33333], "texture": "#5"},
				"west": {"uv": [2.33333, 12.33333, 2.66667, 12.66667], "texture": "#5"},
				"up": {"uv": [13.66667, 9, 11.66667, 8.66667], "texture": "#5"}
			}
		},
		{
			"from": [3, 20.6, 5],
			"to": [4, 21.6, 11],
			"rotation": {"angle": 0, "axis": "y", "origin": [8, 15.6, 8]},
			"faces": {
				"north": {"uv": [1.66667, 12.33333, 2, 12.66667], "texture": "#5"},
				"south": {"uv": [2, 12.33333, 2.33333, 12.66667], "texture": "#5"},
				"west": {"uv": [11.66667, 6, 13.66667, 6.33333], "texture": "#5"},
				"up": {"uv": [12, 8.33333, 11.66667, 6.33333], "texture": "#5"}
			}
		},
		{
			"from": [5, 20.6, 12],
			"to": [11, 21.6, 13],
			"rotation": {"angle": 0, "axis": "y", "origin": [8, 15.6, 8]},
			"faces": {
				"east": {"uv": [1, 12.33333, 1.33333, 12.66667], "texture": "#5"},
				"south": {"uv": [11.33333, 11, 13.33333, 11.33333], "texture": "#5"},
				"west": {"uv": [1.33333, 12.33333, 1.66667, 12.66667], "texture": "#5"},
				"up": {"uv": [13.33333, 11.66667, 11.33333, 11.33333], "texture": "#5"}
			}
		},
		{
			"from": [12, 20.6, 5],
			"to": [13, 21.6, 11],
			"rotation": {"angle": 0, "axis": "y", "origin": [8, 15.6, 8]},
			"faces": {
				"north": {"uv": [12, 12, 12.33333, 12.33333], "texture": "#5"},
				"east": {"uv": [11.33333, 10.66667, 13.33333, 11], "texture": "#5"},
				"south": {"uv": [0.66667, 12.33333, 1, 12.66667], "texture": "#5"},
				"up": {"uv": [11.33333, 13.33333, 11, 11.33333], "texture": "#5"}
			}
		},
		{
			"from": [5, 9.6, 12],
			"to": [11, 10.6, 13],
			"rotation": {"angle": 0, "axis": "y", "origin": [8, 15.6, 8]},
			"faces": {
				"east": {"uv": [11.66667, 12, 12, 12.33333], "texture": "#5"},
				"south": {"uv": [11.33333, 10.33333, 13.33333, 10.66667], "texture": "#5"},
				"west": {"uv": [12, 11.66667, 12.33333, 12], "texture": "#5"}
			}
		},
		{
			"from": [4, 9.6, 4],
			"to": [12, 10.6, 12],
			"rotation": {"angle": 0, "axis": "y", "origin": [8, 15.6, 8]},
			"faces": {
				"north": {"uv": [9.66667, 4, 12.33333, 4.33333], "texture": "#5"},
				"east": {"uv": [9.66667, 4.33333, 12.33333, 4.66667], "texture": "#5"},
				"south": {"uv": [9.66667, 4.66667, 12.33333, 5], "texture": "#5"},
				"west": {"uv": [9.66667, 5, 12.33333, 5.33333], "texture": "#5"}
			}
		},
		{
			"from": [12, 9.6, 5],
			"to": [13, 10.6, 11],
			"rotation": {"angle": 0, "axis": "y", "origin": [8, 15.6, 8]},
			"faces": {
				"north": {"uv": [10.66667, 12, 11, 12.33333], "texture": "#5"},
				"east": {"uv": [11.33333, 10, 13.33333, 10.33333], "texture": "#5"},
				"south": {"uv": [11.33333, 12, 11.66667, 12.33333], "texture": "#5"}
			}
		},
		{
			"from": [5, 9.6, 3],
			"to": [11, 10.6, 4],
			"rotation": {"angle": 0, "axis": "y", "origin": [8, 15.6, 8]},
			"faces": {
				"north": {"uv": [9, 11.33333, 11, 11.66667], "texture": "#5"},
				"east": {"uv": [10, 12, 10.33333, 12.33333], "texture": "#5"},
				"west": {"uv": [10.33333, 12, 10.66667, 12.33333], "texture": "#5"}
			}
		},
		{
			"from": [3, 9.6, 5],
			"to": [4, 10.6, 11],
			"rotation": {"angle": 0, "axis": "y", "origin": [8, 15.6, 8]},
			"faces": {
				"north": {"uv": [9.66667, 12, 10, 12.33333], "texture": "#5"},
				"south": {"uv": [12, 9.66667, 12.33333, 10], "texture": "#5"},
				"west": {"uv": [10.66667, 1.66667, 12.66667, 2], "texture": "#5"}
			}
		},
		{
			"from": [13, 12.6, 3],
			"to": [14, 18.6, 4],
			"rotation": {"angle": 0, "axis": "y", "origin": [8, 15.6, 8]},
			"faces": {
				"north": {"uv": [11.33333, 6, 11.66667, 8], "texture": "#5"},
				"east": {"uv": [11.33333, 8, 11.66667, 10], "texture": "#5"},
				"up": {"uv": [9.33333, 12.33333, 9, 12], "texture": "#5"},
				"down": {"uv": [12.33333, 9, 12, 9.33333], "texture": "#5"}
			}
		},
		{
			"from": [13, 19.6, 5],
			"to": [14, 20.6, 11],
			"rotation": {"angle": 0, "axis": "y", "origin": [8, 15.6, 8]},
			"faces": {
				"north": {"uv": [12, 8, 12.33333, 8.33333], "texture": "#5"},
				"east": {"uv": [10.66667, 1, 12.66667, 1.33333], "texture": "#5"},
				"south": {"uv": [8.33333, 12, 8.66667, 12.33333], "texture": "#5"},
				"up": {"uv": [5.66667, 12.66667, 5.33333, 10.66667], "texture": "#5"}
			}
		},
		{
			"from": [13, 11.6, 4],
			"to": [14, 19.6, 12],
			"rotation": {"angle": 0, "axis": "y", "origin": [8, 15.6, 8]},
			"faces": {
				"north": {"uv": [8.33333, 9.33333, 8.66667, 12], "texture": "#5"},
				"east": {"uv": [8.66667, 6, 11.33333, 8.66667], "texture": "#5"},
				"south": {"uv": [0, 10, 0.33333, 12.66667], "texture": "#5"},
				"up": {"uv": [10.33333, 2.66667, 10, 0], "texture": "#5"},
				"down": {"uv": [0.66667, 10, 0.33333, 12.66667], "texture": "#5"}
			}
		},
		{
			"from": [13, 12.6, 12],
			"to": [14, 18.6, 13],
			"rotation": {"angle": 0, "axis": "y", "origin": [8, 15.6, 8]},
			"faces": {
				"east": {"uv": [4.66667, 10.66667, 5, 12.66667], "texture": "#5"},
				"south": {"uv": [5, 10.66667, 5.33333, 12.66667], "texture": "#5"},
				"up": {"uv": [12.33333, 8, 12, 7.66667], "texture": "#5"},
				"down": {"uv": [8.33333, 12, 8, 12.33333], "texture": "#5"}
			}
		},
		{
			"from": [2, 10.6, 5],
			"to": [3, 11.6, 11],
			"rotation": {"angle": 0, "axis": "y", "origin": [8, 15.6, 8]},
			"faces": {
				"north": {"uv": [12, 7.33333, 12.33333, 7.66667], "texture": "#5"},
				"south": {"uv": [7.66667, 12, 8, 12.33333], "texture": "#5"},
				"west": {"uv": [10.66667, 0.66667, 12.66667, 1], "texture": "#5"},
				"down": {"uv": [4.66667, 10.66667, 4.33333, 12.66667], "texture": "#5"}
			}
		},
		{
			"from": [2, 12.6, 3],
			"to": [3, 18.6, 4],
			"rotation": {"angle": 0, "axis": "y", "origin": [8, 15.6, 8]},
			"faces": {
				"north": {"uv": [3.66667, 10.66667, 4, 12.66667], "texture": "#5"},
				"west": {"uv": [4, 10.66667, 4.33333, 12.66667], "texture": "#5"},
				"up": {"uv": [12.33333, 7.33333, 12, 7], "texture": "#5"},
				"down": {"uv": [7.66667, 12, 7.33333, 12.33333], "texture": "#5"}
			}
		},
		{
			"from": [2, 19.6, 5],
			"to": [3, 20.6, 11],
			"rotation": {"angle": 0, "axis": "y", "origin": [8, 15.6, 8]},
			"faces": {
				"north": {"uv": [12, 6.66667, 12.33333, 7], "texture": "#5"},
				"south": {"uv": [7, 12, 7.33333, 12.33333], "texture": "#5"},
				"west": {"uv": [10.66667, 0.33333, 12.66667, 0.66667], "texture": "#5"},
				"up": {"uv": [3.33333, 12.33333, 3, 10.33333], "texture": "#5"}
			}
		},
		{
			"from": [2, 12.6, 12],
			"to": [3, 18.6, 13],
			"rotation": {"angle": 0, "axis": "y", "origin": [8, 15.6, 8]},
			"faces": {
				"south": {"uv": [2.33333, 10.33333, 2.66667, 12.33333], "texture": "#5"},
				"west": {"uv": [2.66667, 10.33333, 3, 12.33333], "texture": "#5"},
				"up": {"uv": [12.33333, 6.66667, 12, 6.33333], "texture": "#5"},
				"down": {"uv": [7, 12, 6.66667, 12.33333], "texture": "#5"}
			}
		},
		{
			"from": [2, 11.6, 4],
			"to": [3, 19.6, 12],
			"rotation": {"angle": 0, "axis": "y", "origin": [8, 15.6, 8]},
			"faces": {
				"north": {"uv": [7, 9.33333, 7.33333, 12], "texture": "#5"},
				"south": {"uv": [7.33333, 9.33333, 7.66667, 12], "texture": "#5"},
				"west": {"uv": [6, 6.66667, 8.66667, 9.33333], "texture": "#5"},
				"up": {"uv": [8, 12, 7.66667, 9.33333], "texture": "#5"},
				"down": {"uv": [8.33333, 9.33333, 8, 12], "texture": "#5"}
			}
		},
		{
			"from": [5, 19.6, 2],
			"to": [11, 20.6, 3],
			"rotation": {"angle": 0, "axis": "y", "origin": [8, 15.6, 8]},
			"faces": {
				"north": {"uv": [6.66667, 6, 8.66667, 6.33333], "texture": "#5"},
				"east": {"uv": [9, 11.66667, 9.33333, 12], "texture": "#5"},
				"west": {"uv": [11.66667, 9, 12, 9.33333], "texture": "#5"},
				"up": {"uv": [8.66667, 6.66667, 6.66667, 6.33333], "texture": "#5"}
			}
		},
		{
			"from": [3, 12.6, 2],
			"to": [4, 18.6, 3],
			"rotation": {"angle": 0, "axis": "y", "origin": [8, 15.6, 8]},
			"faces": {
				"north": {"uv": [10.33333, 0, 10.66667, 2], "texture": "#5"},
				"west": {"uv": [0.66667, 10.33333, 1, 12.33333], "texture": "#5"},
				"up": {"uv": [10.33333, 12, 10, 11.66667], "texture": "#5"},
				"down": {"uv": [10.66667, 11.66667, 10.33333, 12], "texture": "#5"}
			}
		},
		{
			"from": [12, 12.6, 2],
			"to": [13, 18.6, 3],
			"rotation": {"angle": 0, "axis": "y", "origin": [8, 15.6, 8]},
			"faces": {
				"north": {"uv": [5.66667, 10, 6, 12], "texture": "#5"},
				"east": {"uv": [6, 10, 6.33333, 12], "texture": "#5"},
				"up": {"uv": [10, 12, 9.66667, 11.66667], "texture": "#5"},
				"down": {"uv": [12, 9.66667, 11.66667, 10], "texture": "#5"}
			}
		},
		{
			"from": [5, 10.6, 2],
			"to": [11, 11.6, 3],
			"rotation": {"angle": 0, "axis": "y", "origin": [8, 15.6, 8]},
			"faces": {
				"north": {"uv": [10, 3, 12, 3.33333], "texture": "#5"},
				"east": {"uv": [9.33333, 11.66667, 9.66667, 12], "texture": "#5"},
				"west": {"uv": [11.66667, 9.33333, 12, 9.66667], "texture": "#5"},
				"down": {"uv": [5.66667, 10, 3.66667, 10.33333], "texture": "#5"}
			}
		},
		{
			"from": [3.2, 0, 3.2],
			"to": [12.8, 6.4, 12.8],
			"rotation": {"angle": 0, "axis": "y", "origin": [1.6, 0, 1.6]},
			"faces": {
				"north": {"uv": [4.66667, 6.66667, 8.66667, 9.33333], "texture": "#0"},
				"east": {"uv": [4.66667, 6.66667, 8.66667, 9.33333], "texture": "#0"},
				"south": {"uv": [4.66667, 6.66667, 8.66667, 9.33333], "texture": "#0"},
				"west": {"uv": [4.66667, 6.66667, 8.66667, 9.33333], "texture": "#0"},
				"down": {"uv": [4.33333, 4.66667, 0.33333, 8.66667], "texture": "#0"}
			}
		},
		{
			"from": [2.4, 6.4, 2.4],
			"to": [13.6, 9.6, 13.6],
			"rotation": {"angle": 0, "axis": "y", "origin": [1.6, 0, 1.6]},
			"faces": {
				"north": {"uv": [8.66667, 6.66667, 13.33333, 8], "texture": "#0"},
				"east": {"uv": [8.66667, 6.66667, 13.33333, 8], "texture": "#0"},
				"south": {"uv": [8.66667, 6.66667, 13.33333, 8], "texture": "#0"},
				"west": {"uv": [8.66667, 6.66667, 13.33333, 8], "texture": "#0"},
				"up": {"uv": [4.66667, 4.66667, 0, 0], "texture": "#0"},
				"down": {"uv": [4.66667, 4.66667, 0, 9.33333], "texture": "#0"}
			}
		}
	],
	"groups": [
		{
			"name": "pot",
			"origin": [2.5, 7.5, 2.5],
			"color": 0,
			"children": []
		},
		0,
		1,
		2,
		3,
		4,
		5,
		6,
		7,
		8,
		9,
		10,
		11,
		12,
		13,
		14,
		15,
		16,
		17,
		18,
		19,
		20,
		21,
		22,
		23,
		24,
		25,
		26,
		27,
		28,
		29,
		30,
		31,
		32,
		33,
		34,
		35,
		36,
		37,
		38,
		39,
		40,
		41,
		{
			"name": "pot",
			"origin": [0, 0, 0],
			"color": 0,
			"children": [42, 43]
		}
	]
}