{
	"credit": "Made with Blockbench",
	"textures": {
		"8": "block/barrel_bottom",
		"9": "block/barrel_side",
		"10": "block/barrel_top"
	},
	"elements": [
		{
			"from": [2, 1, 2],
			"to": [14, 3, 14],
			"faces": {
				"north": {"uv": [0, 1, 12, 15], "texture": "#9"},
				"east": {"uv": [2, 1, 14, 15], "texture": "#9"},
				"south": {"uv": [2, 1, 14, 15], "texture": "#9"},
				"west": {"uv": [2, 1, 14, 15], "texture": "#9"},
				"up": {"uv": [2, 2, 14, 14], "texture": "#8"},
				"down": {"uv": [2, 3, 14, 15], "texture": "#8"}
			}
		},
		{
			"from": [13.5, 14.5, 2],
			"to": [14.5, 26.5, 14],
			"rotation": {"angle": 22.5, "axis": "z", "origin": [14, 14.5, 8]},
			"faces": {
				"north": {"uv": [0, 1, 12, 2], "rotation": 270, "texture": "#9"},
				"east": {"uv": [2, 2, 14, 14], "rotation": 90, "texture": "#10"},
				"south": {"uv": [2, 1, 14, 2], "rotation": 90, "texture": "#9"},
				"west": {"uv": [2, 3, 14, 15], "rotation": 90, "texture": "#8"},
				"up": {"uv": [2, 1, 14, 2], "rotation": 90, "texture": "#9"},
				"down": {"uv": [2, 1, 14, 2], "rotation": 90, "texture": "#9"}
			}
		},
		{
			"from": [15, 0, 0],
			"to": [16, 16, 1],
			"faces": {
				"north": {"uv": [0, 12, 16, 11], "rotation": 90, "texture": "#9"},
				"east": {"uv": [0, 12, 16, 13], "rotation": 90, "texture": "#9"},
				"south": {"uv": [0, 4, 16, 5], "rotation": 90, "texture": "#9"},
				"west": {"uv": [0, 3, 16, 4], "rotation": 90, "texture": "#9"},
				"up": {"uv": [8, 3, 9, 4], "texture": "#9"},
				"down": {"uv": [9, 4, 10, 5], "texture": "#9"}
			}
		},
		{
			"from": [15, 0, 15],
			"to": [16, 16, 16],
			"faces": {
				"north": {"uv": [0, 12, 16, 11], "rotation": 90, "texture": "#9"},
				"east": {"uv": [0, 12, 16, 13], "rotation": 90, "texture": "#9"},
				"south": {"uv": [0, 4, 16, 5], "rotation": 90, "texture": "#9"},
				"west": {"uv": [0, 3, 16, 4], "rotation": 90, "texture": "#9"},
				"up": {"uv": [8, 3, 9, 4], "texture": "#9"},
				"down": {"uv": [9, 4, 10, 5], "texture": "#9"}
			}
		},
		{
			"from": [0, 0, 15],
			"to": [1, 16, 16],
			"faces": {
				"north": {"uv": [0, 12, 16, 11], "rotation": 90, "texture": "#9"},
				"east": {"uv": [0, 12, 16, 13], "rotation": 90, "texture": "#9"},
				"south": {"uv": [0, 4, 16, 5], "rotation": 90, "texture": "#9"},
				"west": {"uv": [0, 3, 16, 4], "rotation": 90, "texture": "#9"},
				"up": {"uv": [8, 3, 9, 4], "texture": "#9"},
				"down": {"uv": [9, 4, 10, 5], "texture": "#9"}
			}
		},
		{
			"from": [0, 0, 0],
			"to": [1, 16, 1],
			"faces": {
				"north": {"uv": [0, 12, 16, 11], "rotation": 90, "texture": "#9"},
				"east": {"uv": [0, 12, 16, 13], "rotation": 90, "texture": "#9"},
				"south": {"uv": [0, 4, 16, 5], "rotation": 90, "texture": "#9"},
				"west": {"uv": [0, 3, 16, 4], "rotation": 90, "texture": "#9"},
				"up": {"uv": [8, 3, 9, 4], "texture": "#9"},
				"down": {"uv": [9, 4, 10, 5], "texture": "#9"}
			}
		},
		{
			"from": [1, 0, 1],
			"to": [2, 16, 2],
			"faces": {
				"north": {"uv": [0, 12, 16, 11], "rotation": 90, "texture": "#9"},
				"east": {"uv": [0, 12, 16, 13], "rotation": 90, "texture": "#9"},
				"south": {"uv": [0, 4, 16, 5], "rotation": 90, "texture": "#9"},
				"west": {"uv": [0, 3, 16, 4], "rotation": 90, "texture": "#9"},
				"up": {"uv": [8, 3, 9, 4], "texture": "#9"},
				"down": {"uv": [9, 4, 10, 5], "texture": "#9"}
			}
		},
		{
			"from": [1, 0, 14],
			"to": [2, 16, 15],
			"faces": {
				"north": {"uv": [0, 12, 16, 11], "rotation": 90, "texture": "#9"},
				"east": {"uv": [0, 12, 16, 13], "rotation": 90, "texture": "#9"},
				"south": {"uv": [0, 4, 16, 5], "rotation": 90, "texture": "#9"},
				"west": {"uv": [0, 3, 16, 4], "rotation": 90, "texture": "#9"},
				"up": {"uv": [8, 3, 9, 4], "texture": "#9"},
				"down": {"uv": [9, 4, 10, 5], "texture": "#9"}
			}
		},
		{
			"from": [14, 0, 14],
			"to": [15, 16, 15],
			"faces": {
				"north": {"uv": [0, 12, 16, 11], "rotation": 90, "texture": "#9"},
				"east": {"uv": [0, 12, 16, 13], "rotation": 90, "texture": "#9"},
				"south": {"uv": [0, 4, 16, 5], "rotation": 90, "texture": "#9"},
				"west": {"uv": [0, 3, 16, 4], "rotation": 90, "texture": "#9"},
				"up": {"uv": [8, 3, 9, 4], "texture": "#9"},
				"down": {"uv": [9, 4, 10, 5], "texture": "#9"}
			}
		},
		{
			"from": [14, 0, 1],
			"to": [15, 16, 2],
			"faces": {
				"north": {"uv": [0, 12, 16, 11], "rotation": 90, "texture": "#9"},
				"east": {"uv": [0, 12, 16, 13], "rotation": 90, "texture": "#9"},
				"south": {"uv": [0, 4, 16, 5], "rotation": 90, "texture": "#9"},
				"west": {"uv": [0, 3, 16, 4], "rotation": 90, "texture": "#9"},
				"up": {"uv": [8, 3, 9, 4], "texture": "#9"},
				"down": {"uv": [9, 4, 10, 5], "texture": "#9"}
			}
		},
		{
			"from": [0, 0, 1],
			"to": [1, 1, 15],
			"rotation": {"angle": 0, "axis": "x", "origin": [0.5, 8, -3.5]},
			"faces": {
				"north": {"uv": [9, 3, 10, 4], "rotation": 180, "texture": "#9"},
				"east": {"uv": [1, 12, 15, 13], "rotation": 180, "texture": "#9"},
				"south": {"uv": [10, 4, 11, 5], "texture": "#9"},
				"west": {"uv": [1, 3, 15, 4], "texture": "#9"},
				"up": {"uv": [1, 4, 15, 5], "rotation": 90, "texture": "#9"},
				"down": {"uv": [1, 12, 15, 11], "rotation": 270, "texture": "#9"}
			}
		},
		{
			"from": [0, 15, 1],
			"to": [1, 16, 15],
			"rotation": {"angle": 0, "axis": "x", "origin": [0.5, 8, -3.5]},
			"faces": {
				"north": {"uv": [9, 3, 10, 4], "rotation": 180, "texture": "#9"},
				"east": {"uv": [1, 12, 15, 13], "rotation": 180, "texture": "#9"},
				"south": {"uv": [10, 4, 11, 5], "texture": "#9"},
				"west": {"uv": [1, 3, 15, 4], "texture": "#9"},
				"up": {"uv": [1, 4, 15, 5], "rotation": 90, "texture": "#9"},
				"down": {"uv": [1, 12, 15, 11], "rotation": 270, "texture": "#9"}
			}
		},
		{
			"from": [15, 15, 1],
			"to": [16, 16, 15],
			"rotation": {"angle": 0, "axis": "x", "origin": [0.5, 8, -3.5]},
			"faces": {
				"north": {"uv": [9, 3, 10, 4], "rotation": 180, "texture": "#9"},
				"east": {"uv": [1, 12, 15, 13], "rotation": 180, "texture": "#9"},
				"south": {"uv": [10, 4, 11, 5], "texture": "#9"},
				"west": {"uv": [1, 3, 15, 4], "texture": "#9"},
				"up": {"uv": [1, 4, 15, 5], "rotation": 90, "texture": "#9"},
				"down": {"uv": [1, 12, 15, 11], "rotation": 270, "texture": "#9"}
			}
		},
		{
			"from": [15, 0, 1],
			"to": [16, 1, 15],
			"rotation": {"angle": 0, "axis": "x", "origin": [0.5, 8, -3.5]},
			"faces": {
				"north": {"uv": [9, 3, 10, 4], "rotation": 180, "texture": "#9"},
				"east": {"uv": [1, 12, 15, 13], "rotation": 180, "texture": "#9"},
				"south": {"uv": [10, 4, 11, 5], "texture": "#9"},
				"west": {"uv": [1, 3, 15, 4], "texture": "#9"},
				"up": {"uv": [1, 4, 15, 5], "rotation": 90, "texture": "#9"},
				"down": {"uv": [1, 12, 15, 11], "rotation": 270, "texture": "#9"}
			}
		},
		{
			"from": [1, 15, 15],
			"to": [15, 16, 16],
			"rotation": {"angle": 0, "axis": "y", "origin": [15.5, 8, 20]},
			"faces": {
				"north": {"uv": [1, 3, 15, 4], "texture": "#9"},
				"east": {"uv": [9, 3, 10, 4], "rotation": 180, "texture": "#9"},
				"south": {"uv": [1, 12, 15, 13], "rotation": 180, "texture": "#9"},
				"west": {"uv": [10, 4, 11, 5], "texture": "#9"},
				"up": {"uv": [1, 4, 15, 5], "rotation": 180, "texture": "#9"},
				"down": {"uv": [1, 12, 15, 11], "rotation": 180, "texture": "#9"}
			}
		},
		{
			"from": [1, 0, 15],
			"to": [15, 1, 16],
			"rotation": {"angle": 0, "axis": "y", "origin": [15.5, 8, 20]},
			"faces": {
				"north": {"uv": [1, 3, 15, 4], "texture": "#9"},
				"east": {"uv": [9, 3, 10, 4], "rotation": 180, "texture": "#9"},
				"south": {"uv": [1, 12, 15, 13], "rotation": 180, "texture": "#9"},
				"west": {"uv": [10, 4, 11, 5], "texture": "#9"},
				"up": {"uv": [1, 4, 15, 5], "rotation": 180, "texture": "#9"},
				"down": {"uv": [1, 12, 15, 11], "rotation": 180, "texture": "#9"}
			}
		},
		{
			"from": [1, 0, 0],
			"to": [15, 1, 1],
			"rotation": {"angle": 0, "axis": "y", "origin": [15.5, 8, 20]},
			"faces": {
				"north": {"uv": [1, 3, 15, 4], "texture": "#9"},
				"east": {"uv": [9, 3, 10, 4], "rotation": 180, "texture": "#9"},
				"south": {"uv": [1, 12, 15, 13], "rotation": 180, "texture": "#9"},
				"west": {"uv": [10, 4, 11, 5], "texture": "#9"},
				"up": {"uv": [1, 4, 15, 5], "rotation": 180, "texture": "#9"},
				"down": {"uv": [1, 12, 15, 11], "rotation": 180, "texture": "#9"}
			}
		},
		{
			"from": [15, 11, 3],
			"to": [15.5, 13, 13],
			"rotation": {"angle": 0, "axis": "x", "origin": [0.5, 8, -3.5]},
			"faces": {
				"north": {"uv": [11, 3, 11.5, 5], "rotation": 180, "texture": "#9"},
				"east": {"uv": [6, 11, 16, 13], "rotation": 180, "texture": "#9"},
				"south": {"uv": [13, 3, 13.5, 5], "texture": "#9"},
				"west": {"uv": [3, 3, 13, 5], "texture": "#9"},
				"up": {"uv": [3, 4, 13, 4.5], "rotation": 90, "texture": "#9"},
				"down": {"uv": [6, 12.5, 16, 12], "rotation": 270, "texture": "#9"}
			}
		},
		{
			"from": [15, 3, 3],
			"to": [15.5, 5, 13],
			"rotation": {"angle": 0, "axis": "x", "origin": [0.5, 8, -3.5]},
			"faces": {
				"north": {"uv": [11, 3, 11.5, 5], "rotation": 180, "texture": "#9"},
				"east": {"uv": [1, 11, 11, 13], "rotation": 180, "texture": "#9"},
				"south": {"uv": [13, 3, 13.5, 5], "texture": "#9"},
				"west": {"uv": [3, 3, 13, 5], "texture": "#9"},
				"up": {"uv": [3, 4, 13, 4.5], "rotation": 90, "texture": "#9"},
				"down": {"uv": [6, 12.5, 16, 12], "rotation": 270, "texture": "#9"}
			}
		},
		{
			"from": [0.5, 11, 3],
			"to": [1, 13, 13],
			"rotation": {"angle": 0, "axis": "x", "origin": [0.5, 8, -3.5]},
			"faces": {
				"north": {"uv": [11, 3, 11.5, 5], "rotation": 180, "texture": "#9"},
				"east": {"uv": [6, 11, 16, 13], "rotation": 180, "texture": "#9"},
				"south": {"uv": [13, 3, 13.5, 5], "texture": "#9"},
				"west": {"uv": [3, 3, 13, 5], "texture": "#9"},
				"up": {"uv": [3, 4, 13, 4.5], "rotation": 90, "texture": "#9"},
				"down": {"uv": [6, 12.5, 16, 12], "rotation": 270, "texture": "#9"}
			}
		},
		{
			"from": [3, 11, 15],
			"to": [13, 13, 15.5],
			"rotation": {"angle": 0, "axis": "y", "origin": [0.75, 12, 18]},
			"faces": {
				"north": {"uv": [6, 11, 16, 13], "rotation": 180, "texture": "#9"},
				"east": {"uv": [13, 3, 13.5, 5], "texture": "#9"},
				"south": {"uv": [2, 11, 12, 13], "texture": "#9"},
				"west": {"uv": [11, 3, 11.5, 5], "rotation": 180, "texture": "#9"},
				"up": {"uv": [3, 4, 13, 4.5], "texture": "#9"},
				"down": {"uv": [6, 12.5, 16, 12], "texture": "#9"}
			}
		},
		{
			"from": [3, 3, 15],
			"to": [13, 5, 15.5],
			"rotation": {"angle": 0, "axis": "y", "origin": [0.75, 12, 18]},
			"faces": {
				"north": {"uv": [6, 11, 16, 13], "rotation": 180, "texture": "#9"},
				"east": {"uv": [13, 3, 13.5, 5], "texture": "#9"},
				"south": {"uv": [0, 11, 10, 13], "texture": "#9"},
				"west": {"uv": [11, 3, 11.5, 5], "rotation": 180, "texture": "#9"},
				"up": {"uv": [3, 4, 13, 4.5], "texture": "#9"},
				"down": {"uv": [6, 12.5, 16, 12], "texture": "#9"}
			}
		},
		{
			"from": [3, 3, 0.5],
			"to": [13, 5, 1],
			"rotation": {"angle": 0, "axis": "y", "origin": [0.75, 12, 18]},
			"faces": {
				"north": {"uv": [6, 11, 16, 13], "rotation": 180, "texture": "#9"},
				"east": {"uv": [13, 3, 13.5, 5], "texture": "#9"},
				"south": {"uv": [0, 11, 10, 13], "texture": "#9"},
				"west": {"uv": [11, 3, 11.5, 5], "rotation": 180, "texture": "#9"},
				"up": {"uv": [3, 4, 13, 4.5], "texture": "#9"},
				"down": {"uv": [6, 12.5, 16, 12], "texture": "#9"}
			}
		},
		{
			"from": [3, 11, 0.5],
			"to": [13, 13, 1],
			"rotation": {"angle": 0, "axis": "y", "origin": [0.75, 12, 18]},
			"faces": {
				"north": {"uv": [6, 11, 16, 13], "rotation": 180, "texture": "#9"},
				"east": {"uv": [13, 3, 13.5, 5], "texture": "#9"},
				"south": {"uv": [2, 11, 12, 13], "texture": "#9"},
				"west": {"uv": [11, 3, 11.5, 5], "rotation": 180, "texture": "#9"},
				"up": {"uv": [3, 4, 13, 4.5], "texture": "#9"},
				"down": {"uv": [6, 12.5, 16, 12], "texture": "#9"}
			}
		},
		{
			"from": [0.5, 3, 3],
			"to": [1, 5, 13],
			"rotation": {"angle": 0, "axis": "x", "origin": [0.5, 8, -3.5]},
			"faces": {
				"north": {"uv": [11, 3, 11.5, 5], "rotation": 180, "texture": "#9"},
				"east": {"uv": [1, 11, 11, 13], "rotation": 180, "texture": "#9"},
				"south": {"uv": [13, 3, 13.5, 5], "texture": "#9"},
				"west": {"uv": [3, 3, 13, 5], "texture": "#9"},
				"up": {"uv": [3, 4, 13, 4.5], "rotation": 90, "texture": "#9"},
				"down": {"uv": [6, 12.5, 16, 12], "rotation": 270, "texture": "#9"}
			}
		},
		{
			"from": [1, 15, 0],
			"to": [15, 16, 1],
			"rotation": {"angle": 0, "axis": "y", "origin": [15.5, 8, 20]},
			"faces": {
				"north": {"uv": [1, 3, 15, 4], "texture": "#9"},
				"east": {"uv": [9, 3, 10, 4], "rotation": 180, "texture": "#9"},
				"south": {"uv": [1, 12, 15, 13], "rotation": 180, "texture": "#9"},
				"west": {"uv": [10, 4, 11, 5], "texture": "#9"},
				"up": {"uv": [1, 4, 15, 5], "rotation": 180, "texture": "#9"},
				"down": {"uv": [1, 12, 15, 11], "rotation": 180, "texture": "#9"}
			}
		},
		{
			"from": [3, 0, 1],
			"to": [13, 16, 2],
			"faces": {
				"north": {"uv": [3, 0, 13, 16], "texture": "#9"},
				"east": {"uv": [0, 0, 1, 16], "texture": "#9"},
				"south": {"uv": [3, 0, 13, 16], "texture": "#8"},
				"west": {"uv": [15, 0, 16, 16], "texture": "#9"},
				"up": {"uv": [3, 0, 13, 1], "texture": "#10"},
				"down": {"uv": [3, 0, 13, 1], "texture": "#8"}
			}
		},
		{
			"from": [3, 0, 14],
			"to": [13, 16, 15],
			"faces": {
				"north": {"uv": [3, 0, 13, 16], "texture": "#8"},
				"east": {"uv": [0, 0, 1, 16], "texture": "#9"},
				"south": {"uv": [3, 0, 13, 16], "texture": "#9"},
				"west": {"uv": [15, 0, 16, 16], "texture": "#9"},
				"up": {"uv": [4, 15, 14, 16], "texture": "#10"},
				"down": {"uv": [3, 1, 13, 1], "texture": "#8"}
			}
		},
		{
			"from": [14, 0, 3],
			"to": [15, 16, 13],
			"rotation": {"angle": 0, "axis": "y", "origin": [-6, 8, 1.5]},
			"faces": {
				"north": {"uv": [12, 0, 13, 16], "texture": "#9"},
				"east": {"uv": [3, 0, 13, 16], "texture": "#9"},
				"south": {"uv": [3, 0, 4, 16], "texture": "#9"},
				"west": {"uv": [3, 0, 13, 16], "texture": "#8"},
				"up": {"uv": [3, 15, 13, 16], "rotation": 270, "texture": "#10"},
				"down": {"uv": [3, 0, 13, 1], "rotation": 90, "texture": "#8"}
			}
		},
		{
			"from": [1, 0, 3],
			"to": [2, 16, 13],
			"rotation": {"angle": 0, "axis": "y", "origin": [-6, 8, 1.5]},
			"faces": {
				"north": {"uv": [12, 0, 13, 16], "texture": "#9"},
				"east": {"uv": [3, 0, 13, 16], "texture": "#8"},
				"south": {"uv": [3, 0, 4, 16], "texture": "#9"},
				"west": {"uv": [3, 0, 13, 16], "texture": "#9"},
				"up": {"uv": [3, 0, 13, 1], "rotation": 270, "texture": "#10"},
				"down": {"uv": [3, 0, 13, 1], "rotation": 90, "texture": "#8"}
			}
		},
		{
			"from": [13, 3, 14],
			"to": [14, 5, 15],
			"faces": {
				"north": {"uv": [10, 3, 11, 5], "texture": "#9"},
				"east": {"uv": [10, 3, 11, 5], "texture": "#9"},
				"south": {"uv": [10, 3, 11, 5], "texture": "#9"},
				"west": {"uv": [10, 3, 11, 5], "texture": "#9"},
				"up": {"uv": [10, 3, 11, 4], "texture": "#9"},
				"down": {"uv": [10, 3, 11, 4], "texture": "#9"}
			}
		},
		{
			"from": [13, 11, 14],
			"to": [14, 13, 15],
			"faces": {
				"north": {"uv": [10, 3, 11, 5], "texture": "#9"},
				"east": {"uv": [10, 3, 11, 5], "texture": "#9"},
				"south": {"uv": [10, 3, 11, 5], "texture": "#9"},
				"west": {"uv": [10, 3, 11, 5], "texture": "#9"},
				"up": {"uv": [10, 3, 11, 4], "texture": "#9"},
				"down": {"uv": [10, 3, 11, 4], "texture": "#9"}
			}
		},
		{
			"from": [2, 11, 14],
			"to": [3, 13, 15],
			"faces": {
				"north": {"uv": [10, 3, 11, 5], "texture": "#9"},
				"east": {"uv": [10, 3, 11, 5], "texture": "#9"},
				"south": {"uv": [10, 3, 11, 5], "texture": "#9"},
				"west": {"uv": [10, 3, 11, 5], "texture": "#9"},
				"up": {"uv": [10, 3, 11, 4], "texture": "#9"},
				"down": {"uv": [10, 3, 11, 4], "texture": "#9"}
			}
		},
		{
			"from": [2, 3, 14],
			"to": [3, 5, 15],
			"faces": {
				"north": {"uv": [10, 3, 11, 5], "texture": "#9"},
				"east": {"uv": [10, 3, 11, 5], "texture": "#9"},
				"south": {"uv": [10, 3, 11, 5], "texture": "#9"},
				"west": {"uv": [10, 3, 11, 5], "texture": "#9"},
				"up": {"uv": [10, 3, 11, 4], "texture": "#9"},
				"down": {"uv": [10, 3, 11, 4], "texture": "#9"}
			}
		},
		{
			"from": [2, 11, 1],
			"to": [3, 13, 2],
			"faces": {
				"north": {"uv": [10, 3, 11, 5], "texture": "#9"},
				"east": {"uv": [10, 3, 11, 5], "texture": "#9"},
				"south": {"uv": [10, 3, 11, 5], "texture": "#9"},
				"west": {"uv": [10, 3, 11, 5], "texture": "#9"},
				"up": {"uv": [10, 3, 11, 4], "texture": "#9"},
				"down": {"uv": [10, 3, 11, 4], "texture": "#9"}
			}
		},
		{
			"from": [2, 3, 1],
			"to": [3, 5, 2],
			"faces": {
				"north": {"uv": [10, 3, 11, 5], "texture": "#9"},
				"east": {"uv": [10, 3, 11, 5], "texture": "#9"},
				"south": {"uv": [10, 3, 11, 5], "texture": "#9"},
				"west": {"uv": [10, 3, 11, 5], "texture": "#9"},
				"up": {"uv": [10, 3, 11, 4], "texture": "#9"},
				"down": {"uv": [10, 3, 11, 4], "texture": "#9"}
			}
		},
		{
			"from": [1, 3, 2],
			"to": [2, 5, 3],
			"faces": {
				"north": {"uv": [10, 3, 11, 5], "texture": "#9"},
				"east": {"uv": [10, 3, 11, 5], "texture": "#9"},
				"south": {"uv": [10, 3, 11, 5], "texture": "#9"},
				"west": {"uv": [10, 3, 11, 5], "texture": "#9"},
				"up": {"uv": [10, 3, 11, 4], "texture": "#9"},
				"down": {"uv": [10, 3, 11, 4], "texture": "#9"}
			}
		},
		{
			"from": [1, 11, 2],
			"to": [2, 13, 3],
			"faces": {
				"north": {"uv": [10, 3, 11, 5], "texture": "#9"},
				"east": {"uv": [10, 3, 11, 5], "texture": "#9"},
				"south": {"uv": [10, 3, 11, 5], "texture": "#9"},
				"west": {"uv": [10, 3, 11, 5], "texture": "#9"},
				"up": {"uv": [10, 3, 11, 4], "texture": "#9"},
				"down": {"uv": [10, 3, 11, 4], "texture": "#9"}
			}
		},
		{
			"from": [1, 3, 13],
			"to": [2, 5, 14],
			"faces": {
				"north": {"uv": [10, 3, 11, 5], "texture": "#9"},
				"east": {"uv": [10, 3, 11, 5], "texture": "#9"},
				"south": {"uv": [10, 3, 11, 5], "texture": "#9"},
				"west": {"uv": [10, 3, 11, 5], "texture": "#9"},
				"up": {"uv": [10, 3, 11, 4], "texture": "#9"},
				"down": {"uv": [10, 3, 11, 4], "texture": "#9"}
			}
		},
		{
			"from": [1, 11, 13],
			"to": [2, 13, 14],
			"faces": {
				"north": {"uv": [10, 3, 11, 5], "texture": "#9"},
				"east": {"uv": [10, 3, 11, 5], "texture": "#9"},
				"south": {"uv": [10, 3, 11, 5], "texture": "#9"},
				"west": {"uv": [10, 3, 11, 5], "texture": "#9"},
				"up": {"uv": [10, 3, 11, 4], "texture": "#9"},
				"down": {"uv": [10, 3, 11, 4], "texture": "#9"}
			}
		},
		{
			"from": [14, 3, 13],
			"to": [15, 5, 14],
			"faces": {
				"north": {"uv": [10, 3, 11, 5], "texture": "#9"},
				"east": {"uv": [10, 3, 11, 5], "texture": "#9"},
				"south": {"uv": [10, 3, 11, 5], "texture": "#9"},
				"west": {"uv": [10, 3, 11, 5], "texture": "#9"},
				"up": {"uv": [10, 3, 11, 4], "texture": "#9"},
				"down": {"uv": [10, 3, 11, 4], "texture": "#9"}
			}
		},
		{
			"from": [14, 11, 13],
			"to": [15, 13, 14],
			"faces": {
				"north": {"uv": [10, 3, 11, 5], "texture": "#9"},
				"east": {"uv": [10, 3, 11, 5], "texture": "#9"},
				"south": {"uv": [10, 3, 11, 5], "texture": "#9"},
				"west": {"uv": [10, 3, 11, 5], "texture": "#9"},
				"up": {"uv": [10, 3, 11, 4], "texture": "#9"},
				"down": {"uv": [10, 3, 11, 4], "texture": "#9"}
			}
		},
		{
			"from": [14, 3, 2],
			"to": [15, 5, 3],
			"faces": {
				"north": {"uv": [10, 3, 11, 5], "texture": "#9"},
				"east": {"uv": [10, 3, 11, 5], "texture": "#9"},
				"south": {"uv": [10, 3, 11, 5], "texture": "#9"},
				"west": {"uv": [10, 3, 11, 5], "texture": "#9"},
				"up": {"uv": [10, 3, 11, 4], "texture": "#9"},
				"down": {"uv": [10, 3, 11, 4], "texture": "#9"}
			}
		},
		{
			"from": [14, 11, 2],
			"to": [15, 13, 3],
			"faces": {
				"north": {"uv": [10, 3, 11, 5], "texture": "#9"},
				"east": {"uv": [10, 3, 11, 5], "texture": "#9"},
				"south": {"uv": [10, 3, 11, 5], "texture": "#9"},
				"west": {"uv": [10, 3, 11, 5], "texture": "#9"},
				"up": {"uv": [10, 3, 11, 4], "texture": "#9"},
				"down": {"uv": [10, 3, 11, 4], "texture": "#9"}
			}
		},
		{
			"from": [13, 3, 1],
			"to": [14, 5, 2],
			"faces": {
				"north": {"uv": [10, 3, 11, 5], "texture": "#9"},
				"east": {"uv": [10, 3, 11, 5], "texture": "#9"},
				"south": {"uv": [10, 3, 11, 5], "texture": "#9"},
				"west": {"uv": [10, 3, 11, 5], "texture": "#9"},
				"up": {"uv": [10, 3, 11, 4], "texture": "#9"},
				"down": {"uv": [10, 3, 11, 4], "texture": "#9"}
			}
		},
		{
			"from": [14, 0, 2],
			"to": [15, 1, 3],
			"faces": {
				"north": {"uv": [10, 3, 11, 4], "texture": "#9"},
				"east": {"uv": [10, 3, 11, 4], "texture": "#9"},
				"south": {"uv": [10, 3, 11, 4], "texture": "#9"},
				"west": {"uv": [10, 3, 11, 4], "texture": "#9"},
				"up": {"uv": [10, 3, 11, 4], "texture": "#9"},
				"down": {"uv": [10, 3, 11, 4], "texture": "#9"}
			}
		},
		{
			"from": [14, 0, 13],
			"to": [15, 1, 14],
			"faces": {
				"north": {"uv": [10, 3, 11, 4], "texture": "#9"},
				"east": {"uv": [10, 3, 11, 4], "texture": "#9"},
				"south": {"uv": [10, 3, 11, 4], "texture": "#9"},
				"west": {"uv": [10, 3, 11, 4], "texture": "#9"},
				"up": {"uv": [10, 3, 11, 4], "texture": "#9"},
				"down": {"uv": [10, 3, 11, 4], "texture": "#9"}
			}
		},
		{
			"from": [13, 0, 14],
			"to": [14, 1, 15],
			"faces": {
				"north": {"uv": [10, 3, 11, 4], "texture": "#9"},
				"east": {"uv": [10, 3, 11, 4], "texture": "#9"},
				"south": {"uv": [10, 3, 11, 4], "texture": "#9"},
				"west": {"uv": [10, 3, 11, 4], "texture": "#9"},
				"up": {"uv": [10, 3, 11, 4], "texture": "#9"},
				"down": {"uv": [10, 3, 11, 4], "texture": "#9"}
			}
		},
		{
			"from": [2, 0, 14],
			"to": [3, 1, 15],
			"faces": {
				"north": {"uv": [10, 3, 11, 4], "texture": "#9"},
				"east": {"uv": [10, 3, 11, 4], "texture": "#9"},
				"south": {"uv": [10, 3, 11, 4], "texture": "#9"},
				"west": {"uv": [10, 3, 11, 4], "texture": "#9"},
				"up": {"uv": [10, 3, 11, 4], "texture": "#9"},
				"down": {"uv": [10, 3, 11, 4], "texture": "#9"}
			}
		},
		{
			"from": [1, 0, 13],
			"to": [2, 1, 14],
			"faces": {
				"north": {"uv": [10, 3, 11, 4], "texture": "#9"},
				"east": {"uv": [10, 3, 11, 4], "texture": "#9"},
				"south": {"uv": [10, 3, 11, 4], "texture": "#9"},
				"west": {"uv": [10, 3, 11, 4], "texture": "#9"},
				"up": {"uv": [10, 3, 11, 4], "texture": "#9"},
				"down": {"uv": [10, 3, 11, 4], "texture": "#9"}
			}
		},
		{
			"from": [1, 0, 2],
			"to": [2, 1, 3],
			"faces": {
				"north": {"uv": [10, 3, 11, 4], "texture": "#9"},
				"east": {"uv": [10, 3, 11, 4], "texture": "#9"},
				"south": {"uv": [10, 3, 11, 4], "texture": "#9"},
				"west": {"uv": [10, 3, 11, 4], "texture": "#9"},
				"up": {"uv": [10, 3, 11, 4], "texture": "#9"},
				"down": {"uv": [10, 3, 11, 4], "texture": "#9"}
			}
		},
		{
			"from": [2, 15, 1],
			"to": [3, 16, 2],
			"faces": {
				"north": {"uv": [10, 3, 11, 4], "texture": "#9"},
				"east": {"uv": [10, 3, 11, 4], "texture": "#9"},
				"south": {"uv": [10, 3, 11, 4], "texture": "#9"},
				"west": {"uv": [10, 3, 11, 4], "texture": "#9"},
				"up": {"uv": [10, 3, 11, 4], "texture": "#9"},
				"down": {"uv": [10, 3, 11, 4], "texture": "#9"}
			}
		},
		{
			"from": [1, 15, 2],
			"to": [2, 16, 3],
			"faces": {
				"north": {"uv": [10, 3, 11, 4], "texture": "#9"},
				"east": {"uv": [10, 3, 11, 4], "texture": "#9"},
				"south": {"uv": [10, 3, 11, 4], "texture": "#9"},
				"west": {"uv": [10, 3, 11, 4], "texture": "#9"},
				"up": {"uv": [10, 3, 11, 4], "texture": "#9"},
				"down": {"uv": [10, 3, 11, 4], "texture": "#9"}
			}
		},
		{
			"from": [1, 15, 13],
			"to": [2, 16, 14],
			"faces": {
				"north": {"uv": [10, 3, 11, 4], "texture": "#9"},
				"east": {"uv": [10, 3, 11, 4], "texture": "#9"},
				"south": {"uv": [10, 3, 11, 4], "texture": "#9"},
				"west": {"uv": [10, 3, 11, 4], "texture": "#9"},
				"up": {"uv": [10, 3, 11, 4], "texture": "#9"},
				"down": {"uv": [10, 3, 11, 4], "texture": "#9"}
			}
		},
		{
			"from": [2, 15, 14],
			"to": [3, 16, 15],
			"faces": {
				"north": {"uv": [10, 3, 11, 4], "texture": "#9"},
				"east": {"uv": [10, 3, 11, 4], "texture": "#9"},
				"south": {"uv": [10, 3, 11, 4], "texture": "#9"},
				"west": {"uv": [10, 3, 11, 4], "texture": "#9"},
				"up": {"uv": [10, 3, 11, 4], "texture": "#9"},
				"down": {"uv": [10, 3, 11, 4], "texture": "#9"}
			}
		},
		{
			"from": [13, 15, 14],
			"to": [14, 16, 15],
			"faces": {
				"north": {"uv": [10, 3, 11, 4], "texture": "#9"},
				"east": {"uv": [10, 3, 11, 4], "texture": "#9"},
				"south": {"uv": [10, 3, 11, 4], "texture": "#9"},
				"west": {"uv": [10, 3, 11, 4], "texture": "#9"},
				"up": {"uv": [10, 3, 11, 4], "texture": "#9"},
				"down": {"uv": [10, 3, 11, 4], "texture": "#9"}
			}
		},
		{
			"from": [14, 15, 13],
			"to": [15, 16, 14],
			"faces": {
				"north": {"uv": [10, 3, 11, 4], "texture": "#9"},
				"east": {"uv": [10, 3, 11, 4], "texture": "#9"},
				"south": {"uv": [10, 3, 11, 4], "texture": "#9"},
				"west": {"uv": [10, 3, 11, 4], "texture": "#9"},
				"up": {"uv": [10, 3, 11, 4], "texture": "#9"},
				"down": {"uv": [10, 3, 11, 4], "texture": "#9"}
			}
		},
		{
			"from": [14, 15, 2],
			"to": [15, 16, 3],
			"faces": {
				"north": {"uv": [10, 3, 11, 4], "texture": "#9"},
				"east": {"uv": [10, 3, 11, 4], "texture": "#9"},
				"south": {"uv": [10, 3, 11, 4], "texture": "#9"},
				"west": {"uv": [10, 3, 11, 4], "texture": "#9"},
				"up": {"uv": [10, 3, 11, 4], "texture": "#9"},
				"down": {"uv": [10, 3, 11, 4], "texture": "#9"}
			}
		},
		{
			"from": [13, 15, 1],
			"to": [14, 16, 2],
			"faces": {
				"north": {"uv": [10, 3, 11, 4], "texture": "#9"},
				"east": {"uv": [10, 3, 11, 4], "texture": "#9"},
				"south": {"uv": [10, 3, 11, 4], "texture": "#9"},
				"west": {"uv": [10, 3, 11, 4], "texture": "#9"},
				"up": {"uv": [10, 3, 11, 4], "texture": "#9"},
				"down": {"uv": [10, 3, 11, 4], "texture": "#9"}
			}
		},
		{
			"from": [13, 3, 2],
			"to": [14, 16, 3],
			"faces": {
				"north": {"uv": [15, 2, 16, 15], "texture": "#8"},
				"east": {"uv": [15, 2, 16, 15], "texture": "#8"},
				"south": {"uv": [15, 2, 16, 15], "texture": "#8"},
				"west": {"uv": [15, 2, 16, 15], "texture": "#8"},
				"up": {"uv": [15, 2, 16, 3], "texture": "#8"},
				"down": {"uv": [15, 2, 16, 3], "texture": "#8"}
			}
		},
		{
			"from": [13, 3, 13],
			"to": [14, 16, 14],
			"faces": {
				"north": {"uv": [15, 2, 16, 15], "texture": "#8"},
				"east": {"uv": [15, 2, 16, 15], "texture": "#8"},
				"south": {"uv": [15, 2, 16, 15], "texture": "#8"},
				"west": {"uv": [15, 2, 16, 15], "texture": "#8"},
				"up": {"uv": [15, 2, 16, 3], "texture": "#8"},
				"down": {"uv": [15, 2, 16, 3], "texture": "#8"}
			}
		},
		{
			"from": [2, 3, 13],
			"to": [3, 16, 14],
			"faces": {
				"north": {"uv": [15, 2, 16, 15], "texture": "#8"},
				"east": {"uv": [15, 2, 16, 15], "texture": "#8"},
				"south": {"uv": [15, 2, 16, 15], "texture": "#8"},
				"west": {"uv": [15, 2, 16, 15], "texture": "#8"},
				"up": {"uv": [15, 2, 16, 3], "texture": "#8"},
				"down": {"uv": [15, 2, 16, 3], "texture": "#8"}
			}
		},
		{
			"from": [2, 3, 2],
			"to": [3, 16, 3],
			"faces": {
				"north": {"uv": [15, 2, 16, 15], "texture": "#8"},
				"east": {"uv": [15, 2, 16, 15], "texture": "#8"},
				"south": {"uv": [15, 2, 16, 15], "texture": "#8"},
				"west": {"uv": [15, 2, 16, 15], "texture": "#8"},
				"up": {"uv": [15, 2, 16, 3], "texture": "#8"},
				"down": {"uv": [15, 2, 16, 3], "texture": "#8"}
			}
		},
		{
			"from": [2, 0, 1],
			"to": [3, 1, 2],
			"faces": {
				"north": {"uv": [10, 3, 11, 4], "texture": "#9"},
				"east": {"uv": [10, 3, 11, 4], "texture": "#9"},
				"south": {"uv": [10, 3, 11, 4], "texture": "#9"},
				"west": {"uv": [10, 3, 11, 4], "texture": "#9"},
				"up": {"uv": [10, 3, 11, 4], "texture": "#9"},
				"down": {"uv": [10, 3, 11, 4], "texture": "#9"}
			}
		},
		{
			"from": [13, 0, 1],
			"to": [14, 1, 2],
			"faces": {
				"north": {"uv": [10, 3, 11, 4], "texture": "#9"},
				"east": {"uv": [10, 3, 11, 4], "texture": "#9"},
				"south": {"uv": [10, 3, 11, 4], "texture": "#9"},
				"west": {"uv": [10, 3, 11, 4], "texture": "#9"},
				"up": {"uv": [10, 3, 11, 4], "texture": "#9"},
				"down": {"uv": [10, 3, 11, 4], "texture": "#9"}
			}
		},
		{
			"from": [13, 11, 1],
			"to": [14, 13, 2],
			"faces": {
				"north": {"uv": [10, 3, 11, 5], "texture": "#9"},
				"east": {"uv": [10, 3, 11, 5], "texture": "#9"},
				"south": {"uv": [10, 3, 11, 5], "texture": "#9"},
				"west": {"uv": [10, 3, 11, 5], "texture": "#9"},
				"up": {"uv": [10, 3, 11, 4], "texture": "#9"},
				"down": {"uv": [10, 3, 11, 4], "texture": "#9"}
			}
		},
		{
			"from": [10.3566, 22.83452, 6],
			"to": [11.3566, 24.83452, 10],
			"rotation": {"angle": 22.5, "axis": "z", "origin": [10.6066, 23.33452, 8]},
			"faces": {
				"north": {"uv": [1, 3, 3, 4], "texture": "#9"},
				"east": {"uv": [9, 3, 13, 5], "rotation": 180, "texture": "#9"},
				"south": {"uv": [0, 4, 2, 5], "rotation": 180, "texture": "#9"},
				"west": {"uv": [0, 6, 2, 10], "rotation": 180, "texture": "#9"},
				"up": {"uv": [2, 3, 6, 4], "rotation": 180, "texture": "#9"},
				"down": {"uv": [3, 4, 7, 5], "rotation": 180, "texture": "#9"}
			}
		}
	]
}