{
	"credit": "Made with Blockbench",
	"parent": "minecraft:block/cube",
	"textures": {
		"7": "block/white_shulker_box",
		"8": "block/mpp",
		"10": "block/stripped_oak_log",
		"particle": "block/cartography_table_side3",
		"north": "block/cartography_table_side3",
		"south": "block/cartography_table_side1",
		"west": "block/cartography_table_side2",
		"up": "block/cartography_table_top"
	},
	"elements": [
		{
			"from": [0, 0, 0],
			"to": [16, 1, 16],
			"faces": {
				"north": {"uv": [0, 15, 16, 16], "texture": "#north"},
				"east": {"uv": [0, 15, 16, 16], "texture": "#north"},
				"south": {"uv": [0, 15, 16, 16], "texture": "#north"},
				"west": {"uv": [0, 15, 16, 16], "texture": "#north"},
				"up": {"uv": [0, 0, 16, 16], "texture": "#north"},
				"down": {"uv": [0, 0, 16, 16], "texture": "#north"}
			}
		},
		{
			"from": [15, 1, 0],
			"to": [16, 7, 16],
			"rotation": {"angle": 0, "axis": "y", "origin": [0, 1, 0]},
			"faces": {
				"north": {"uv": [0, 10, 1, 16], "texture": "#north"},
				"east": {"uv": [0, 9, 16, 15], "texture": "#north"},
				"south": {"uv": [4, 10, 5, 16], "texture": "#north"},
				"west": {"uv": [0, 10, 16, 16], "texture": "#north"},
				"up": {"uv": [0, 0, 1, 16], "texture": "#north"},
				"down": {"uv": [0, 0, 1, 16], "texture": "#north"}
			}
		},
		{
			"from": [15, 8, 0],
			"to": [16, 14, 16],
			"rotation": {"angle": 0, "axis": "y", "origin": [0, 8, 0]},
			"faces": {
				"north": {"uv": [0, 10, 1, 16], "texture": "#north"},
				"east": {"uv": [0, 1, 16, 7], "texture": "#north"},
				"south": {"uv": [4, 10, 5, 16], "texture": "#north"},
				"west": {"uv": [0, 10, 16, 16], "texture": "#north"},
				"up": {"uv": [0, 0, 1, 16], "texture": "#north"},
				"down": {"uv": [0, 0, 1, 16], "texture": "#north"}
			}
		},
		{
			"from": [0, 8, 0],
			"to": [1, 14, 16],
			"rotation": {"angle": 0, "axis": "y", "origin": [-15, 8, 0]},
			"faces": {
				"north": {"uv": [4, 10, 5, 16], "texture": "#north"},
				"east": {"uv": [0, 10, 16, 16], "texture": "#north"},
				"south": {"uv": [0, 10, 1, 16], "texture": "#north"},
				"west": {"uv": [0, 1, 16, 7], "texture": "#north"},
				"up": {"uv": [0, 0, 1, 16], "texture": "#north"},
				"down": {"uv": [0, 0, 1, 16], "texture": "#north"}
			}
		},
		{
			"from": [0, 1, 0],
			"to": [1, 7, 16],
			"rotation": {"angle": 0, "axis": "y", "origin": [-15, 1, 0]},
			"faces": {
				"north": {"uv": [0, 10, 1, 16], "texture": "#north"},
				"east": {"uv": [0, 10, 16, 16], "texture": "#north"},
				"south": {"uv": [0, 10, 1, 16], "texture": "#north"},
				"west": {"uv": [0, 9, 16, 15], "texture": "#north"},
				"up": {"uv": [0, 0, 1, 16], "texture": "#north"},
				"down": {"uv": [0, 0, 1, 16], "texture": "#north"}
			}
		},
		{
			"from": [0, 7, 0],
			"to": [16, 8, 16],
			"rotation": {"angle": 0, "axis": "y", "origin": [0, 7, 0]},
			"faces": {
				"north": {"uv": [0, 15, 16, 16], "texture": "#north"},
				"east": {"uv": [0, 15, 16, 16], "texture": "#north"},
				"south": {"uv": [0, 15, 16, 16], "texture": "#north"},
				"west": {"uv": [0, 15, 16, 16], "texture": "#north"},
				"up": {"uv": [0, 0, 16, 16], "texture": "#north"},
				"down": {"uv": [0, 0, 16, 16], "texture": "#north"}
			}
		},
		{
			"from": [0, 14, 0],
			"to": [16, 15, 16],
			"faces": {
				"north": {"uv": [0, 15, 16, 16], "texture": "#north"},
				"east": {"uv": [0, 15, 16, 16], "texture": "#north"},
				"south": {"uv": [0, 15, 16, 16], "texture": "#north"},
				"west": {"uv": [0, 15, 16, 16], "texture": "#north"},
				"up": {"uv": [0, 0, 16, 16], "texture": "#north"},
				"down": {"uv": [0, 0, 16, 16], "texture": "#north"}
			}
		},
		{
			"from": [11, 1, 1],
			"to": [14, 4, 14],
			"rotation": {"angle": 0, "axis": "y", "origin": [0, -13, 1]},
			"faces": {
				"north": {"uv": [0, 13, 3, 16], "texture": "#8"},
				"east": {"uv": [0, 0, 13, 3], "texture": "#8"},
				"south": {"uv": [0, 13, 3, 16], "texture": "#8"},
				"west": {"uv": [3, 0, 16, 3], "texture": "#8"},
				"up": {"uv": [12, 0, 16, 13], "texture": "#8"},
				"down": {"uv": [4, 2, 8, 15], "texture": "#7"}
			}
		},
		{
			"from": [7, 1, 1],
			"to": [10, 4, 14],
			"rotation": {"angle": 0, "axis": "y", "origin": [-4, -13, 1]},
			"faces": {
				"north": {"uv": [0, 13, 3, 16], "texture": "#8"},
				"east": {"uv": [0, 0, 13, 3], "texture": "#8"},
				"south": {"uv": [0, 13, 3, 16], "texture": "#8"},
				"west": {"uv": [3, 0, 16, 3], "texture": "#8"},
				"up": {"uv": [12, 0, 16, 13], "texture": "#8"},
				"down": {"uv": [4, 2, 8, 15], "texture": "#7"}
			}
		},
		{
			"from": [9, 4, 2],
			"to": [12, 7, 15],
			"rotation": {"angle": 0, "axis": "y", "origin": [-2, -10, 2]},
			"faces": {
				"north": {"uv": [0, 13, 3, 16], "texture": "#8"},
				"east": {"uv": [0, 0, 13, 3], "texture": "#8"},
				"south": {"uv": [0, 13, 3, 16], "texture": "#8"},
				"west": {"uv": [3, 0, 16, 3], "texture": "#8"},
				"up": {"uv": [5, 2, 9, 15], "texture": "#7"},
				"down": {"uv": [12, 0, 16, 13], "texture": "#8"}
			}
		},
		{
			"from": [1, 1, 0],
			"to": [6, 7, 1],
			"rotation": {"angle": 45, "axis": "y", "origin": [1, 1, 0]},
			"faces": {
				"north": {"uv": [0, 0, 5, 6], "texture": "#10"},
				"east": {"uv": [0, 0, 1, 6], "texture": "#10"},
				"south": {"uv": [0, 0, 5, 6], "texture": "#10"},
				"west": {"uv": [0, 0, 1, 6], "texture": "#10"},
				"up": {"uv": [0, 0, 5, 1], "texture": "#10"},
				"down": {"uv": [0, 0, 5, 1], "texture": "#10"}
			}
		},
		{
			"from": [4, 3, -0.5],
			"to": [5, 6, 0.5],
			"rotation": {"angle": 45, "axis": "y", "origin": [1, 1, 0]},
			"faces": {
				"north": {"uv": [0, 0, 1, 3], "texture": "#north"},
				"east": {"uv": [0, 0, 1, 3], "texture": "#north"},
				"south": {"uv": [0, 0, 1, 3], "texture": "#north"},
				"west": {"uv": [0, 0, 1, 3], "texture": "#north"},
				"up": {"uv": [0, 0, 1, 1], "texture": "#north"},
				"down": {"uv": [0, 0, 1, 1], "texture": "#north"}
			}
		},
		{
			"from": [1, 1, 14],
			"to": [6, 7, 15],
			"rotation": {"angle": 0, "axis": "y", "origin": [1, 1, 14]},
			"faces": {
				"north": {"uv": [0, 0, 5, 6], "texture": "#10"},
				"east": {"uv": [0, 0, 1, 6], "texture": "#10"},
				"south": {"uv": [0, 0, 5, 6], "texture": "#10"},
				"west": {"uv": [0, 0, 1, 6], "texture": "#10"},
				"up": {"uv": [0, 0, 5, 1], "texture": "#10"},
				"down": {"uv": [0, 0, 5, 1], "texture": "#10"}
			}
		},
		{
			"from": [4, 3, 14.5],
			"to": [5, 6, 15.5],
			"rotation": {"angle": 0, "axis": "y", "origin": [1, 1, 14]},
			"faces": {
				"north": {"uv": [0, 0, 1, 3], "texture": "#north"},
				"east": {"uv": [0, 0, 1, 3], "texture": "#north"},
				"south": {"uv": [0, 0, 1, 3], "texture": "#north"},
				"west": {"uv": [0, 0, 1, 3], "texture": "#north"},
				"up": {"uv": [0, 0, 1, 1], "texture": "#north"},
				"down": {"uv": [0, 0, 1, 1], "texture": "#north"}
			}
		},
		{
			"from": [10, 8, 0],
			"to": [15, 14, 1],
			"rotation": {"angle": 0, "axis": "y", "origin": [10, 8, 0]},
			"faces": {
				"north": {"uv": [2, 2, 7, 8], "texture": "#10"},
				"east": {"uv": [0, 0, 1, 6], "texture": "#10"},
				"south": {"uv": [0, 0, 5, 6], "texture": "#10"},
				"west": {"uv": [0, 0, 1, 6], "texture": "#10"},
				"up": {"uv": [0, 0, 5, 1], "texture": "#10"},
				"down": {"uv": [0, 0, 5, 1], "texture": "#10"}
			}
		},
		{
			"from": [11, 10, -0.5],
			"to": [12, 13, 0.5],
			"rotation": {"angle": 0, "axis": "y", "origin": [10, 8, 0]},
			"faces": {
				"north": {"uv": [2, 2, 3, 5], "texture": "#north"},
				"east": {"uv": [0, 0, 1, 3], "texture": "#north"},
				"south": {"uv": [0, 0, 1, 3], "texture": "#north"},
				"west": {"uv": [0, 0, 1, 3], "texture": "#north"},
				"up": {"uv": [0, 0, 5, 1], "texture": "#north"},
				"down": {"uv": [0, 0, 5, 1], "texture": "#north"}
			}
		},
		{
			"from": [10, 8, 15],
			"to": [15, 14, 16],
			"rotation": {"angle": 45, "axis": "y", "origin": [15, 8, 15]},
			"faces": {
				"north": {"uv": [0, 0, 5, 6], "texture": "#10"},
				"east": {"uv": [0, 0, 1, 6], "texture": "#10"},
				"south": {"uv": [0, 0, 5, 6], "texture": "#10"},
				"west": {"uv": [0, 0, 1, 6], "texture": "#10"},
				"up": {"uv": [0, 0, 5, 1], "texture": "#10"},
				"down": {"uv": [0, 0, 5, 1], "texture": "#10"}
			}
		},
		{
			"from": [13, 10, 15.5],
			"to": [14, 13, 16.5],
			"rotation": {"angle": 45, "axis": "y", "origin": [15, 8, 15]},
			"faces": {
				"north": {"uv": [0, 0, 1, 3], "texture": "#north"},
				"east": {"uv": [0, 0, 1, 3], "texture": "#north"},
				"south": {"uv": [0, 0, 1, 3], "texture": "#north"},
				"west": {"uv": [0, 0, 1, 3], "texture": "#north"},
				"up": {"uv": [0, 0, 1, 1], "texture": "#north"},
				"down": {"uv": [0, 0, 1, 1], "texture": "#north"}
			}
		},
		{
			"from": [1, 8, 7],
			"to": [9, 14, 8],
			"rotation": {"angle": 0, "axis": "y", "origin": [4, 8, 7]},
			"faces": {
				"north": {"uv": [0, 10, 8, 16], "texture": "#north"},
				"east": {"uv": [0, 0, 1, 6], "texture": "#north"},
				"south": {"uv": [0, 10, 8, 16], "texture": "#north"},
				"west": {"uv": [0, 0, 1, 6], "texture": "#north"},
				"up": {"uv": [0, 0, 8, 1], "texture": "#north"},
				"down": {"uv": [0, 0, 8, 1], "texture": "#north"}
			}
		},
		{
			"from": [6, 1, 0],
			"to": [7, 7, 16],
			"rotation": {"angle": 0, "axis": "y", "origin": [2, 1, 0]},
			"faces": {
				"north": {"uv": [0, 10, 1, 16], "texture": "#north"},
				"east": {"uv": [0, 10, 16, 16], "texture": "#north"},
				"south": {"uv": [0, 10, 1, 16], "texture": "#north"},
				"west": {"uv": [0, 10, 16, 16], "texture": "#north"},
				"up": {"uv": [4, 0, 5, 16], "texture": "#north"},
				"down": {"uv": [4, 0, 5, 16], "texture": "#north"}
			}
		},
		{
			"from": [9, 8, 0],
			"to": [10, 14, 16],
			"rotation": {"angle": 0, "axis": "y", "origin": [5, 8, 0]},
			"faces": {
				"north": {"uv": [0, 10, 1, 16], "texture": "#north"},
				"east": {"uv": [0, 0, 16, 6], "texture": "#north"},
				"south": {"uv": [0, 10, 1, 16], "texture": "#north"},
				"west": {"uv": [0, 10, 16, 16], "texture": "#north"},
				"up": {"uv": [0, 0, 1, 16], "texture": "#north"},
				"down": {"uv": [0, 0, 1, 16], "texture": "#north"}
			}
		},
		{
			"from": [5, 8.5, 0],
			"to": [9, 9.5, 4],
			"faces": {
				"north": {"uv": [2, 5, 6, 6], "texture": "#up"},
				"east": {"uv": [2, 5, 6, 6], "texture": "#up"},
				"south": {"uv": [2, 5, 6, 6], "texture": "#up"},
				"west": {"uv": [2, 5, 6, 6], "texture": "#up"},
				"up": {"uv": [2, 2, 6, 6], "texture": "#up"},
				"down": {"uv": [2, 2, 6, 6], "texture": "#up"}
			}
		},
		{
			"from": [11, 8, 11],
			"to": [15, 9, 15],
			"faces": {
				"north": {"uv": [2, 5, 6, 6], "texture": "#up"},
				"east": {"uv": [2, 5, 6, 6], "texture": "#up"},
				"south": {"uv": [2, 5, 6, 6], "texture": "#up"},
				"west": {"uv": [2, 5, 6, 6], "texture": "#up"},
				"up": {"uv": [2, 2, 6, 6], "texture": "#up"},
				"down": {"uv": [2, 2, 6, 6], "texture": "#up"}
			}
		},
		{
			"from": [1, 8, 1],
			"to": [8, 8.5, 7],
			"faces": {
				"north": {"uv": [8, 9, 15, 10], "texture": "#up"},
				"east": {"uv": [8, 10, 14, 11], "texture": "#up"},
				"south": {"uv": [8, 10, 15, 11], "texture": "#up"},
				"west": {"uv": [8, 10, 14, 11], "texture": "#up"},
				"up": {"uv": [8, 4, 15, 10], "texture": "#up"},
				"down": {"uv": [8, 4, 15, 10], "texture": "#up"}
			}
		},
		{
			"from": [1, 8, 9],
			"to": [8, 8.5, 15],
			"faces": {
				"north": {"uv": [8, 9, 15, 10], "texture": "#up"},
				"east": {"uv": [8, 10, 14, 11], "texture": "#up"},
				"south": {"uv": [8, 10, 15, 11], "texture": "#up"},
				"west": {"uv": [8, 10, 14, 11], "texture": "#up"},
				"up": {"uv": [8, 4, 15, 10], "texture": "#up"},
				"down": {"uv": [8, 4, 15, 10], "texture": "#up"}
			}
		},
		{
			"from": [1, 9, 9],
			"to": [8, 9.5, 15],
			"faces": {
				"north": {"uv": [8, 9, 15, 10], "texture": "#up"},
				"east": {"uv": [8, 10, 14, 11], "texture": "#up"},
				"south": {"uv": [8, 9, 15, 10], "texture": "#up"},
				"west": {"uv": [8, 10, 14, 11], "texture": "#up"},
				"up": {"uv": [15, 4, 8, 10], "texture": "#up"},
				"down": {"uv": [8, 4, 15, 10], "texture": "#up"}
			}
		},
		{
			"from": [2, 8.5, 8],
			"to": [9, 9, 14],
			"faces": {
				"north": {"uv": [8, 9, 15, 10], "texture": "#up"},
				"east": {"uv": [8, 10, 14, 11], "texture": "#up"},
				"south": {"uv": [8, 8, 15, 9], "texture": "#up"},
				"west": {"uv": [8, 10, 14, 11], "texture": "#up"},
				"up": {"uv": [8, 4, 15, 10], "texture": "#up"},
				"down": {"uv": [8, 4, 15, 10], "texture": "#up"}
			}
		},
		{
			"from": [2, 15, 2],
			"to": [6, 16, 6],
			"faces": {
				"north": {"uv": [10, 9, 14, 10], "texture": "#up"},
				"east": {"uv": [9, 9, 13, 10], "texture": "#up"},
				"south": {"uv": [9, 9, 13, 10], "texture": "#up"},
				"west": {"uv": [10, 9, 14, 10], "texture": "#up"},
				"up": {"uv": [10, 5, 14, 9], "texture": "#up"},
				"down": {"uv": [10, 6, 14, 10], "texture": "#up"}
			}
		},
		{
			"from": [6, 15, 2],
			"to": [10, 16, 6],
			"faces": {
				"north": {"uv": [10, 9, 14, 10], "texture": "#up"},
				"east": {"uv": [10, 9, 14, 10], "texture": "#up"},
				"south": {"uv": [10, 9, 14, 10], "texture": "#up"},
				"west": {"uv": [10, 9, 14, 10], "texture": "#up"},
				"up": {"uv": [14, 6, 10, 10], "texture": "#up"},
				"down": {"uv": [10, 6, 14, 10], "texture": "#up"}
			}
		},
		{
			"from": [6, 15, 6],
			"to": [10, 16, 10],
			"faces": {
				"north": {"uv": [9, 6, 13, 7], "texture": "#up"},
				"east": {"uv": [9, 6, 13, 7], "texture": "#up"},
				"south": {"uv": [9, 6, 13, 7], "texture": "#up"},
				"west": {"uv": [9, 6, 13, 7], "texture": "#up"},
				"up": {"uv": [9, 10, 13, 6], "texture": "#up"},
				"down": {"uv": [9, 6, 13, 10], "texture": "#up"}
			}
		},
		{
			"from": [2, 15, 6],
			"to": [6, 16, 10],
			"faces": {
				"north": {"uv": [9, 6, 13, 7], "texture": "#up"},
				"east": {"uv": [9, 6, 13, 7], "texture": "#up"},
				"south": {"uv": [9, 6, 13, 7], "texture": "#up"},
				"west": {"uv": [9, 6, 13, 7], "texture": "#up"},
				"up": {"uv": [10, 10, 14, 6], "texture": "#up"},
				"down": {"uv": [9, 6, 13, 10], "texture": "#up"}
			}
		},
		{
			"from": [10, 15, 1],
			"to": [11, 15.75, 11],
			"faces": {
				"north": {"uv": [0, 0, 1, 0.75], "texture": "#8"},
				"east": {"uv": [0, 0, 10, 0.75], "texture": "#8"},
				"south": {"uv": [0, 0, 1, 0.75], "texture": "#8"},
				"west": {"uv": [0, 0, 10, 0.75], "texture": "#8"},
				"up": {"uv": [0, 0, 1, 10], "texture": "#8"},
				"down": {"uv": [0, 0, 1, 10], "texture": "#8"}
			}
		},
		{
			"from": [11, 15, 11],
			"to": [14, 15.75, 14],
			"faces": {
				"north": {"uv": [4, 13, 7, 13.75], "texture": "#west"},
				"east": {"uv": [4, 13, 7, 13.75], "texture": "#west"},
				"south": {"uv": [4, 11, 7, 11.75], "texture": "#west"},
				"west": {"uv": [4, 11, 7, 11.75], "texture": "#west"},
				"up": {"uv": [8, 11, 11, 14], "texture": "#west"},
				"down": {"uv": [8, 8, 11, 11], "texture": "#west"}
			}
		},
		{
			"from": [1, 15, 1],
			"to": [2, 15.75, 11],
			"faces": {
				"north": {"uv": [0, 0, 1, 0.75], "texture": "#8"},
				"east": {"uv": [0, 0, 10, 0.75], "texture": "#8"},
				"south": {"uv": [0, 0, 1, 0.75], "texture": "#8"},
				"west": {"uv": [0, 0, 10, 0.75], "texture": "#8"},
				"up": {"uv": [0, 0, 1, 10], "texture": "#8"},
				"down": {"uv": [0, 0, 1, 10], "texture": "#8"}
			}
		},
		{
			"from": [2, 15, 1],
			"to": [10, 15.75, 2],
			"faces": {
				"north": {"uv": [0, 0, 8, 0.75], "texture": "#8"},
				"east": {"uv": [0, 0, 1, 0.75], "texture": "#8"},
				"south": {"uv": [0, 0, 8, 0.75], "texture": "#8"},
				"west": {"uv": [0, 0, 1, 0.75], "texture": "#8"},
				"up": {"uv": [0, 0, 8, 1], "texture": "#8"},
				"down": {"uv": [0, 0, 8, 1], "texture": "#8"}
			}
		},
		{
			"from": [2, 15, 10],
			"to": [10, 15.75, 11],
			"faces": {
				"north": {"uv": [0, 0, 8, 0.75], "texture": "#8"},
				"east": {"uv": [0, 0, 1, 0.75], "texture": "#8"},
				"south": {"uv": [0, 0, 8, 0.75], "texture": "#8"},
				"west": {"uv": [0, 0, 1, 0.75], "texture": "#8"},
				"up": {"uv": [0, 0, 8, 1], "texture": "#8"},
				"down": {"uv": [0, 0, 8, 1], "texture": "#8"}
			}
		},
		{
			"from": [0, 15, 0],
			"to": [16, 16, 1],
			"faces": {
				"north": {"uv": [0, 4, 16, 5], "texture": "#north"},
				"east": {"uv": [0, 0, 1, 1], "texture": "#north"},
				"south": {"uv": [0, 2, 16, 3], "texture": "#north"},
				"west": {"uv": [0, 0, 1, 1], "texture": "#north"},
				"up": {"uv": [0, 1, 16, 2], "texture": "#north"},
				"down": {"uv": [0, 1, 16, 2], "texture": "#north"}
			}
		},
		{
			"from": [0, 15, 15],
			"to": [16, 16, 16],
			"faces": {
				"north": {"uv": [16, 2, 0, 3], "texture": "#north"},
				"east": {"uv": [0, 0, 1, 1], "texture": "#north"},
				"south": {"uv": [0, 3, 16, 4], "texture": "#north"},
				"west": {"uv": [0, 0, 1, 1], "texture": "#north"},
				"up": {"uv": [0, 4, 16, 5], "texture": "#north"},
				"down": {"uv": [0, 2, 16, 3], "texture": "#north"}
			}
		},
		{
			"from": [15, 15, 1],
			"to": [16, 16, 15],
			"faces": {
				"north": {"uv": [0, 0, 1, 1], "texture": "#north"},
				"east": {"uv": [1, 3, 15, 4], "texture": "#north"},
				"south": {"uv": [0, 0, 1, 1], "texture": "#north"},
				"west": {"uv": [1, 3, 15, 4], "texture": "#north"},
				"up": {"uv": [2, 1, 3, 15], "texture": "#north"},
				"down": {"uv": [0, 0, 1, 14], "texture": "#north"}
			}
		},
		{
			"from": [0, 15, 1],
			"to": [1, 16, 15],
			"faces": {
				"north": {"uv": [0, 0, 1, 1], "texture": "#north"},
				"east": {"uv": [1, 2, 15, 3], "texture": "#north"},
				"south": {"uv": [0, 0, 1, 1], "texture": "#north"},
				"west": {"uv": [1, 2, 15, 3], "texture": "#north"},
				"up": {"uv": [1, 0, 2, 14], "texture": "#north"},
				"down": {"uv": [0, 0, 1, 14], "texture": "#north"}
			}
		},
		{
			"from": [12, 15.75, 12],
			"to": [13, 17.75, 13],
			"faces": {
				"north": {"uv": [15, 5, 16, 7], "texture": "#west"},
				"east": {"uv": [15, 5, 16, 7], "texture": "#west"},
				"south": {"uv": [15, 5, 16, 7], "texture": "#west"},
				"west": {"uv": [15, 5, 16, 7], "texture": "#west"},
				"up": {"uv": [15, 5, 16, 6], "texture": "#west"},
				"down": {"uv": [15, 5, 16, 6], "texture": "#west"}
			}
		},
		{
			"from": [10, 17.75, 10],
			"to": [15, 22.75, 15],
			"faces": {
				"north": {"uv": [0, 0, 5, 5], "texture": "#south"},
				"east": {"uv": [16, 0, 11, 5], "texture": "#west"},
				"south": {"uv": [5, 0, 0, 5], "texture": "#south"},
				"west": {"uv": [11, 0, 16, 5], "texture": "#west"},
				"up": {"uv": [0, 11, 5, 16], "texture": "#up"},
				"down": {"uv": [0, 11, 5, 16], "texture": "#up"}
			}
		}
	]
}