{
	"credit": "Made with Blockbench",
	"parent": "block/block",
	"textures": {
		"4": "block/crying_obsidian",
		"5": "block/enchanting_table_top",
		"7": "block/red_shulker_box",
		"9": "block/nether_portal",
		"particle": "block/enchanting_table_bottom",
		"bottom": "block/enchanting_table_bottom"
	},
	"elements": [
		{
			"from": [13, 6, 0],
			"to": [16, 9, 3],
			"rotation": {"angle": 0, "axis": "y", "origin": [14, 6, 1]},
			"faces": {
				"north": {"uv": [0, 0, 3, 3], "texture": "#5"},
				"east": {"uv": [0, 0, 3, 3], "texture": "#5"},
				"south": {"uv": [0, 0, 3, 3], "texture": "#5"},
				"west": {"uv": [0, 0, 3, 3], "texture": "#5"},
				"up": {"uv": [0, 13, 3, 16], "texture": "#5"},
				"down": {"uv": [0, 0, 3, 3], "texture": "#5"}
			}
		},
		{
			"from": [13, 6, 13],
			"to": [16, 9, 16],
			"rotation": {"angle": 0, "axis": "y", "origin": [14, 6, 14]},
			"faces": {
				"north": {"uv": [0, 0, 3, 3], "texture": "#5"},
				"east": {"uv": [0, 0, 3, 3], "texture": "#5"},
				"south": {"uv": [0, 0, 3, 3], "texture": "#5"},
				"west": {"uv": [0, 0, 3, 3], "texture": "#5"},
				"up": {"uv": [0, 0, 3, 3], "texture": "#5"},
				"down": {"uv": [0, 0, 3, 3], "texture": "#5"}
			}
		},
		{
			"from": [0, 6, 13],
			"to": [3, 9, 16],
			"rotation": {"angle": 0, "axis": "y", "origin": [1, 6, 14]},
			"faces": {
				"north": {"uv": [0, 0, 3, 3], "texture": "#5"},
				"east": {"uv": [0, 0, 3, 3], "texture": "#5"},
				"south": {"uv": [0, 0, 3, 3], "texture": "#5"},
				"west": {"uv": [0, 0, 3, 3], "texture": "#5"},
				"up": {"uv": [13, 0, 16, 3], "texture": "#5"},
				"down": {"uv": [0, 0, 3, 3], "texture": "#5"}
			}
		},
		{
			"from": [0, 6, 0],
			"to": [3, 9, 3],
			"rotation": {"angle": 0, "axis": "y", "origin": [1, 6, 1]},
			"faces": {
				"north": {"uv": [0, 0, 3, 3], "texture": "#5"},
				"east": {"uv": [0, 0, 3, 3], "texture": "#5"},
				"south": {"uv": [0, 0, 3, 3], "texture": "#5"},
				"west": {"uv": [0, 0, 3, 3], "texture": "#5"},
				"up": {"uv": [13, 13, 16, 16], "texture": "#5"},
				"down": {"uv": [0, 0, 3, 3], "texture": "#5"}
			}
		},
		{
			"from": [0, 9, 0],
			"to": [16, 12, 16],
			"rotation": {"angle": 0, "axis": "y", "origin": [3, 11, 1]},
			"faces": {
				"north": {"uv": [0, 13, 16, 16], "texture": "#7"},
				"east": {"uv": [0, 13, 16, 16], "texture": "#7"},
				"south": {"uv": [0, 13, 16, 16], "texture": "#7"},
				"west": {"uv": [0, 13, 16, 16], "texture": "#7"},
				"up": {"uv": [0, 0, 16, 16], "texture": "#7"},
				"down": {"uv": [0, 0, 16, 16], "texture": "#7"}
			}
		},
		{
			"from": [0, 3, 0],
			"to": [16, 4, 16],
			"rotation": {"angle": 0, "axis": "y", "origin": [8, 3.5, 8]},
			"faces": {
				"north": {"uv": [0, 15, 16, 16], "texture": "#bottom"},
				"east": {"uv": [0, 1, 16, 2], "texture": "#bottom"},
				"south": {"uv": [0, 7, 16, 8], "texture": "#bottom"},
				"west": {"uv": [0, 4, 16, 5], "texture": "#bottom"},
				"up": {"uv": [0, 0, 16, 16], "rotation": 180, "texture": "#bottom"},
				"down": {"uv": [0, 0, 16, 16], "rotation": 180, "texture": "#bottom"}
			}
		},
		{
			"from": [0, 0, 0],
			"to": [16, 1, 16],
			"rotation": {"angle": 0, "axis": "y", "origin": [3, 0, 1]},
			"faces": {
				"north": {"uv": [0, 0, 16, 1], "texture": "#bottom"},
				"east": {"uv": [0, 5, 16, 6], "texture": "#bottom"},
				"south": {"uv": [0, 13, 16, 14], "texture": "#bottom"},
				"west": {"uv": [0, 2, 16, 3], "texture": "#bottom"},
				"up": {"uv": [0, 0, 16, 16], "texture": "#bottom"},
				"down": {"uv": [0, 0, 16, 16], "texture": "#bottom"}
			}
		},
		{
			"from": [1, 6, 3],
			"to": [2, 9, 13],
			"rotation": {"angle": 0, "axis": "y", "origin": [1, 8, 3]},
			"faces": {
				"north": {"uv": [0, 0, 1, 3], "texture": "#7"},
				"east": {"uv": [0, 0, 10, 3], "texture": "#7"},
				"south": {"uv": [0, 0, 1, 3], "texture": "#7"},
				"west": {"uv": [3, 0, 13, 3], "texture": "#7"},
				"up": {"uv": [0, 0, 1, 10], "texture": "#7"},
				"down": {"uv": [0, 0, 1, 10], "texture": "#7"}
			}
		},
		{
			"from": [14, 6, 3],
			"to": [15, 9, 13],
			"rotation": {"angle": 0, "axis": "y", "origin": [14, 8, 3]},
			"faces": {
				"north": {"uv": [0, 0, 1, 3], "texture": "#7"},
				"east": {"uv": [0, 0, 10, 3], "texture": "#7"},
				"south": {"uv": [0, 0, 1, 3], "texture": "#7"},
				"west": {"uv": [3, 0, 13, 3], "texture": "#7"},
				"up": {"uv": [0, 0, 1, 10], "texture": "#7"},
				"down": {"uv": [0, 0, 1, 10], "texture": "#7"}
			}
		},
		{
			"from": [3, 6, 1],
			"to": [13, 9, 2],
			"rotation": {"angle": 0, "axis": "y", "origin": [8, 7.5, 1.5]},
			"faces": {
				"north": {"uv": [0, 0, 10, 3], "texture": "#7"},
				"east": {"uv": [0, 0, 1, 3], "texture": "#7"},
				"south": {"uv": [3, 0, 13, 3], "texture": "#7"},
				"west": {"uv": [0, 0, 1, 3], "texture": "#7"},
				"up": {"uv": [0, 0, 1, 10], "rotation": 270, "texture": "#7"},
				"down": {"uv": [0, 0, 1, 10], "rotation": 90, "texture": "#7"}
			}
		},
		{
			"from": [3, 6, 14],
			"to": [13, 9, 15],
			"rotation": {"angle": 0, "axis": "y", "origin": [8, 7.5, 14.5]},
			"faces": {
				"north": {"uv": [0, 0, 10, 3], "texture": "#7"},
				"east": {"uv": [0, 0, 1, 3], "texture": "#7"},
				"south": {"uv": [3, 0, 13, 3], "texture": "#7"},
				"west": {"uv": [0, 0, 1, 3], "texture": "#7"},
				"up": {"uv": [0, 0, 1, 10], "rotation": 270, "texture": "#7"},
				"down": {"uv": [0, 0, 1, 10], "rotation": 90, "texture": "#7"}
			}
		},
		{
			"from": [3, 5, 14],
			"to": [6, 6, 15],
			"rotation": {"angle": 0, "axis": "y", "origin": [3, 5, 14]},
			"faces": {
				"north": {"uv": [4, 15, 7, 16], "texture": "#7"},
				"east": {"uv": [4, 15, 5, 16], "texture": "#7"},
				"south": {"uv": [4, 15, 7, 16], "texture": "#7"},
				"west": {"uv": [4, 15, 5, 16], "texture": "#7"},
				"up": {"uv": [4, 15, 7, 16], "texture": "#7"},
				"down": {"uv": [4, 15, 7, 16], "texture": "#7"}
			}
		},
		{
			"from": [10, 5, 14],
			"to": [13, 6, 15],
			"rotation": {"angle": 0, "axis": "y", "origin": [10, 5, 14]},
			"faces": {
				"north": {"uv": [4, 15, 7, 16], "texture": "#7"},
				"east": {"uv": [4, 15, 5, 16], "texture": "#7"},
				"south": {"uv": [4, 15, 7, 16], "texture": "#7"},
				"west": {"uv": [4, 15, 5, 16], "texture": "#7"},
				"up": {"uv": [4, 15, 7, 16], "texture": "#7"},
				"down": {"uv": [4, 15, 7, 16], "texture": "#7"}
			}
		},
		{
			"from": [10, 5, 1],
			"to": [13, 6, 2],
			"rotation": {"angle": 0, "axis": "y", "origin": [10, 5, 1]},
			"faces": {
				"north": {"uv": [4, 15, 7, 16], "texture": "#7"},
				"east": {"uv": [4, 15, 5, 16], "texture": "#7"},
				"south": {"uv": [4, 15, 7, 16], "texture": "#7"},
				"west": {"uv": [4, 15, 5, 16], "texture": "#7"},
				"up": {"uv": [4, 15, 7, 16], "texture": "#7"},
				"down": {"uv": [4, 15, 7, 16], "texture": "#7"}
			}
		},
		{
			"from": [3, 5, 1],
			"to": [6, 6, 2],
			"rotation": {"angle": 0, "axis": "y", "origin": [3, 5, 1]},
			"faces": {
				"north": {"uv": [4, 15, 7, 16], "texture": "#7"},
				"east": {"uv": [4, 15, 5, 16], "texture": "#7"},
				"south": {"uv": [4, 15, 7, 16], "texture": "#7"},
				"west": {"uv": [4, 15, 5, 16], "texture": "#7"},
				"up": {"uv": [4, 15, 7, 16], "texture": "#7"},
				"down": {"uv": [4, 15, 7, 16], "texture": "#7"}
			}
		},
		{
			"from": [1, 5, 3],
			"to": [2, 6, 6],
			"rotation": {"angle": 0, "axis": "y", "origin": [1.5, 5.5, 8]},
			"faces": {
				"north": {"uv": [4, 15, 5, 16], "texture": "#7"},
				"east": {"uv": [4, 15, 7, 16], "texture": "#7"},
				"south": {"uv": [4, 15, 5, 16], "texture": "#7"},
				"west": {"uv": [4, 15, 7, 16], "texture": "#7"},
				"up": {"uv": [4, 15, 7, 16], "rotation": 270, "texture": "#7"},
				"down": {"uv": [4, 15, 7, 16], "rotation": 90, "texture": "#7"}
			}
		},
		{
			"from": [1, 5, 10],
			"to": [2, 6, 13],
			"rotation": {"angle": 0, "axis": "y", "origin": [1.5, 5.5, 8]},
			"faces": {
				"north": {"uv": [4, 15, 5, 16], "texture": "#7"},
				"east": {"uv": [4, 15, 7, 16], "texture": "#7"},
				"south": {"uv": [4, 15, 5, 16], "texture": "#7"},
				"west": {"uv": [4, 15, 7, 16], "texture": "#7"},
				"up": {"uv": [4, 15, 7, 16], "rotation": 270, "texture": "#7"},
				"down": {"uv": [4, 15, 7, 16], "rotation": 90, "texture": "#7"}
			}
		},
		{
			"from": [14, 5, 3],
			"to": [15, 6, 6],
			"rotation": {"angle": 0, "axis": "y", "origin": [14.5, 5.5, 8]},
			"faces": {
				"north": {"uv": [4, 15, 5, 16], "texture": "#7"},
				"east": {"uv": [4, 15, 7, 16], "texture": "#7"},
				"south": {"uv": [4, 15, 5, 16], "texture": "#7"},
				"west": {"uv": [4, 15, 7, 16], "texture": "#7"},
				"up": {"uv": [4, 15, 7, 16], "rotation": 270, "texture": "#7"},
				"down": {"uv": [4, 15, 7, 16], "rotation": 90, "texture": "#7"}
			}
		},
		{
			"from": [14, 5, 10],
			"to": [15, 6, 13],
			"rotation": {"angle": 0, "axis": "y", "origin": [14.5, 5.5, 8]},
			"faces": {
				"north": {"uv": [4, 15, 5, 16], "texture": "#7"},
				"east": {"uv": [4, 15, 7, 16], "texture": "#7"},
				"south": {"uv": [4, 15, 5, 16], "texture": "#7"},
				"west": {"uv": [4, 15, 7, 16], "texture": "#7"},
				"up": {"uv": [4, 15, 7, 16], "rotation": 270, "texture": "#7"},
				"down": {"uv": [4, 15, 7, 16], "rotation": 90, "texture": "#7"}
			}
		},
		{
			"from": [4, 11.55, 4],
			"to": [12, 12.55, 12],
			"rotation": {"angle": 0, "axis": "y", "origin": [4, 11.55, 4]},
			"faces": {
				"north": {"uv": [0, 0, 8, 1], "texture": "#4"},
				"east": {"uv": [0, 0, 8, 1], "texture": "#4"},
				"south": {"uv": [0, 0, 8, 1], "texture": "#4"},
				"west": {"uv": [0, 0, 8, 1], "texture": "#4"},
				"up": {"uv": [4, 4, 12, 12], "texture": "#4"},
				"down": {"uv": [4, 4, 12, 12], "texture": "#4"}
			}
		},
		{
			"from": [0.5, 1, 0.5],
			"to": [15.5, 3, 15.5],
			"rotation": {"angle": 0, "axis": "y", "origin": [3.5, 0.75, 0.5]},
			"faces": {
				"north": {"uv": [0, 1, 15, 3], "texture": "#9"},
				"east": {"uv": [0, 1, 15, 3], "texture": "#9"},
				"south": {"uv": [0, 1, 15, 3], "texture": "#9"},
				"west": {"uv": [0, 1, 15, 3], "texture": "#9"},
				"up": {"uv": [0, 1, 15, 16], "texture": "#9"},
				"down": {"uv": [0, 1, 15, 16], "texture": "#9"}
			}
		},
		{
			"from": [2.5, 4, 2.5],
			"to": [13.5, 11, 13.5],
			"rotation": {"angle": 0, "axis": "y", "origin": [3.5, 3.75, 0.5]},
			"faces": {
				"north": {"uv": [2, 2, 13, 9], "texture": "#9"},
				"east": {"uv": [2, 2, 13, 9], "texture": "#9"},
				"south": {"uv": [2, 2, 13, 9], "texture": "#9"},
				"west": {"uv": [2, 2, 13, 9], "texture": "#9"},
				"up": {"uv": [2, 2, 13, 13], "texture": "#9"},
				"down": {"uv": [2, 2, 13, 13], "texture": "#9"}
			}
		},
		{
			"from": [2, 1, 12],
			"to": [4, 8, 14],
			"rotation": {"angle": 0, "axis": "y", "origin": [2, 1, 12]},
			"faces": {
				"north": {"uv": [2, 2, 4, 9], "texture": "#bottom"},
				"east": {"uv": [2, 2, 4, 9], "texture": "#bottom"},
				"south": {"uv": [2, 0, 4, 7], "texture": "#bottom"},
				"west": {"uv": [2, 2, 4, 9], "texture": "#bottom"},
				"up": {"uv": [2, 2, 4, 4], "texture": "#bottom"},
				"down": {"uv": [2, 2, 4, 4], "texture": "#bottom"}
			}
		},
		{
			"from": [12, 1, 12],
			"to": [14, 8, 14],
			"rotation": {"angle": 0, "axis": "y", "origin": [12, 1, 12]},
			"faces": {
				"north": {"uv": [2, 2, 4, 9], "texture": "#bottom"},
				"east": {"uv": [2, 2, 4, 9], "texture": "#bottom"},
				"south": {"uv": [2, 0, 4, 7], "texture": "#bottom"},
				"west": {"uv": [2, 2, 4, 9], "texture": "#bottom"},
				"up": {"uv": [2, 2, 4, 4], "texture": "#bottom"},
				"down": {"uv": [2, 2, 4, 4], "texture": "#bottom"}
			}
		},
		{
			"from": [2, 1, 2],
			"to": [4, 8, 4],
			"rotation": {"angle": 0, "axis": "y", "origin": [2, 1, 2]},
			"faces": {
				"north": {"uv": [2, 2, 4, 9], "texture": "#bottom"},
				"east": {"uv": [2, 2, 4, 9], "texture": "#bottom"},
				"south": {"uv": [2, 0, 4, 7], "texture": "#bottom"},
				"west": {"uv": [2, 2, 4, 9], "texture": "#bottom"},
				"up": {"uv": [2, 2, 4, 4], "texture": "#bottom"},
				"down": {"uv": [2, 2, 4, 4], "texture": "#bottom"}
			}
		},
		{
			"from": [12, 1, 2],
			"to": [14, 8, 4],
			"rotation": {"angle": 0, "axis": "y", "origin": [12, 1, 2]},
			"faces": {
				"north": {"uv": [2, 2, 4, 9], "texture": "#bottom"},
				"east": {"uv": [2, 2, 4, 9], "texture": "#bottom"},
				"south": {"uv": [2, 0, 4, 7], "texture": "#bottom"},
				"west": {"uv": [2, 2, 4, 9], "texture": "#bottom"},
				"up": {"uv": [2, 2, 4, 4], "texture": "#bottom"},
				"down": {"uv": [2, 2, 4, 4], "texture": "#bottom"}
			}
		},
		{
			"from": [0, 1, 0],
			"to": [1, 3, 1],
			"rotation": {"angle": 0, "axis": "y", "origin": [0, 1, 0]},
			"faces": {
				"north": {"uv": [12, 1, 13, 3], "texture": "#bottom"},
				"east": {"uv": [12, 1, 13, 3], "texture": "#bottom"},
				"south": {"uv": [12, 1, 13, 3], "texture": "#bottom"},
				"west": {"uv": [12, 1, 13, 3], "texture": "#bottom"},
				"up": {"uv": [12, 1, 13, 2], "texture": "#bottom"},
				"down": {"uv": [12, 1, 13, 2], "texture": "#bottom"}
			}
		},
		{
			"from": [0, 1, 15],
			"to": [1, 3, 16],
			"rotation": {"angle": 0, "axis": "y", "origin": [0, 1, 15]},
			"faces": {
				"north": {"uv": [12, 1, 13, 3], "texture": "#bottom"},
				"east": {"uv": [12, 1, 13, 3], "texture": "#bottom"},
				"south": {"uv": [12, 1, 13, 3], "texture": "#bottom"},
				"west": {"uv": [12, 1, 13, 3], "texture": "#bottom"},
				"up": {"uv": [12, 1, 13, 2], "texture": "#bottom"},
				"down": {"uv": [12, 1, 13, 2], "texture": "#bottom"}
			}
		},
		{
			"from": [0, 1, 12],
			"to": [1, 3, 13],
			"rotation": {"angle": 0, "axis": "y", "origin": [0, 1, 12]},
			"faces": {
				"north": {"uv": [12, 1, 13, 3], "texture": "#bottom"},
				"east": {"uv": [12, 1, 13, 3], "texture": "#bottom"},
				"south": {"uv": [12, 1, 13, 3], "texture": "#bottom"},
				"west": {"uv": [12, 1, 13, 3], "texture": "#bottom"},
				"up": {"uv": [12, 1, 13, 2], "texture": "#bottom"},
				"down": {"uv": [12, 1, 13, 2], "texture": "#bottom"}
			}
		},
		{
			"from": [0, 1, 3],
			"to": [1, 3, 4],
			"rotation": {"angle": 0, "axis": "y", "origin": [0, 1, 3]},
			"faces": {
				"north": {"uv": [12, 1, 13, 3], "texture": "#bottom"},
				"east": {"uv": [12, 1, 13, 3], "texture": "#bottom"},
				"south": {"uv": [12, 1, 13, 3], "texture": "#bottom"},
				"west": {"uv": [12, 1, 13, 3], "texture": "#bottom"},
				"up": {"uv": [12, 1, 13, 2], "texture": "#bottom"},
				"down": {"uv": [12, 1, 13, 2], "texture": "#bottom"}
			}
		},
		{
			"from": [0, 1, 6],
			"to": [1, 3, 7],
			"rotation": {"angle": 0, "axis": "y", "origin": [0, 1, 6]},
			"faces": {
				"north": {"uv": [12, 1, 13, 3], "texture": "#bottom"},
				"east": {"uv": [12, 1, 13, 3], "texture": "#bottom"},
				"south": {"uv": [12, 1, 13, 3], "texture": "#bottom"},
				"west": {"uv": [12, 1, 13, 3], "texture": "#bottom"},
				"up": {"uv": [12, 1, 13, 2], "texture": "#bottom"},
				"down": {"uv": [12, 1, 13, 2], "texture": "#bottom"}
			}
		},
		{
			"from": [0, 1, 9],
			"to": [1, 3, 10],
			"rotation": {"angle": 0, "axis": "y", "origin": [0, 1, 9]},
			"faces": {
				"north": {"uv": [12, 1, 13, 3], "texture": "#bottom"},
				"east": {"uv": [12, 1, 13, 3], "texture": "#bottom"},
				"south": {"uv": [12, 1, 13, 3], "texture": "#bottom"},
				"west": {"uv": [12, 1, 13, 3], "texture": "#bottom"},
				"up": {"uv": [12, 1, 13, 2], "texture": "#bottom"},
				"down": {"uv": [12, 1, 13, 2], "texture": "#bottom"}
			}
		},
		{
			"from": [15, 1, 15],
			"to": [16, 3, 16],
			"rotation": {"angle": 0, "axis": "y", "origin": [15, 1, 15]},
			"faces": {
				"north": {"uv": [12, 1, 13, 3], "texture": "#bottom"},
				"east": {"uv": [12, 1, 13, 3], "texture": "#bottom"},
				"south": {"uv": [12, 1, 13, 3], "texture": "#bottom"},
				"west": {"uv": [12, 1, 13, 3], "texture": "#bottom"},
				"up": {"uv": [12, 1, 13, 2], "texture": "#bottom"},
				"down": {"uv": [12, 1, 13, 2], "texture": "#bottom"}
			}
		},
		{
			"from": [5, 1, 15],
			"to": [6, 3, 16],
			"rotation": {"angle": 0, "axis": "y", "origin": [5, 1, 15]},
			"faces": {
				"north": {"uv": [12, 1, 13, 3], "texture": "#bottom"},
				"east": {"uv": [12, 1, 13, 3], "texture": "#bottom"},
				"south": {"uv": [12, 1, 13, 3], "texture": "#bottom"},
				"west": {"uv": [12, 1, 13, 3], "texture": "#bottom"},
				"up": {"uv": [12, 1, 13, 2], "texture": "#bottom"},
				"down": {"uv": [12, 1, 13, 2], "texture": "#bottom"}
			}
		},
		{
			"from": [10, 1, 15],
			"to": [11, 3, 16],
			"rotation": {"angle": 0, "axis": "y", "origin": [10, 1, 15]},
			"faces": {
				"north": {"uv": [12, 1, 13, 3], "texture": "#bottom"},
				"east": {"uv": [12, 1, 13, 3], "texture": "#bottom"},
				"south": {"uv": [12, 1, 13, 3], "texture": "#bottom"},
				"west": {"uv": [12, 1, 13, 3], "texture": "#bottom"},
				"up": {"uv": [12, 1, 13, 2], "texture": "#bottom"},
				"down": {"uv": [12, 1, 13, 2], "texture": "#bottom"}
			}
		},
		{
			"from": [10, 1, 0],
			"to": [11, 3, 1],
			"rotation": {"angle": 0, "axis": "y", "origin": [10, 1, 0]},
			"faces": {
				"north": {"uv": [12, 1, 13, 3], "texture": "#bottom"},
				"east": {"uv": [12, 1, 13, 3], "texture": "#bottom"},
				"south": {"uv": [12, 1, 13, 3], "texture": "#bottom"},
				"west": {"uv": [12, 1, 13, 3], "texture": "#bottom"},
				"up": {"uv": [12, 1, 13, 2], "texture": "#bottom"},
				"down": {"uv": [12, 1, 13, 2], "texture": "#bottom"}
			}
		},
		{
			"from": [5, 1, 0],
			"to": [6, 3, 1],
			"rotation": {"angle": 0, "axis": "y", "origin": [5, 1, 0]},
			"faces": {
				"north": {"uv": [12, 1, 13, 3], "texture": "#bottom"},
				"east": {"uv": [12, 1, 13, 3], "texture": "#bottom"},
				"south": {"uv": [12, 1, 13, 3], "texture": "#bottom"},
				"west": {"uv": [12, 1, 13, 3], "texture": "#bottom"},
				"up": {"uv": [12, 1, 13, 2], "texture": "#bottom"},
				"down": {"uv": [12, 1, 13, 2], "texture": "#bottom"}
			}
		},
		{
			"from": [15, 1, 12],
			"to": [16, 3, 13],
			"rotation": {"angle": 0, "axis": "y", "origin": [15, 1, 12]},
			"faces": {
				"north": {"uv": [12, 1, 13, 3], "texture": "#bottom"},
				"east": {"uv": [12, 1, 13, 3], "texture": "#bottom"},
				"south": {"uv": [12, 1, 13, 3], "texture": "#bottom"},
				"west": {"uv": [12, 1, 13, 3], "texture": "#bottom"},
				"up": {"uv": [12, 1, 13, 2], "texture": "#bottom"},
				"down": {"uv": [12, 1, 13, 2], "texture": "#bottom"}
			}
		},
		{
			"from": [15, 1, 9],
			"to": [16, 3, 10],
			"rotation": {"angle": 0, "axis": "y", "origin": [15, 1, 9]},
			"faces": {
				"north": {"uv": [12, 1, 13, 3], "texture": "#bottom"},
				"east": {"uv": [12, 1, 13, 3], "texture": "#bottom"},
				"south": {"uv": [12, 1, 13, 3], "texture": "#bottom"},
				"west": {"uv": [12, 1, 13, 3], "texture": "#bottom"},
				"up": {"uv": [12, 1, 13, 2], "texture": "#bottom"},
				"down": {"uv": [12, 1, 13, 2], "texture": "#bottom"}
			}
		},
		{
			"from": [15, 1, 6],
			"to": [16, 3, 7],
			"rotation": {"angle": 0, "axis": "y", "origin": [15, 1, 6]},
			"faces": {
				"north": {"uv": [12, 1, 13, 3], "texture": "#bottom"},
				"east": {"uv": [12, 1, 13, 3], "texture": "#bottom"},
				"south": {"uv": [12, 1, 13, 3], "texture": "#bottom"},
				"west": {"uv": [12, 1, 13, 3], "texture": "#bottom"},
				"up": {"uv": [12, 1, 13, 2], "texture": "#bottom"},
				"down": {"uv": [12, 1, 13, 2], "texture": "#bottom"}
			}
		},
		{
			"from": [15, 1, 3],
			"to": [16, 3, 4],
			"rotation": {"angle": 0, "axis": "y", "origin": [15, 1, 3]},
			"faces": {
				"north": {"uv": [12, 1, 13, 3], "texture": "#bottom"},
				"east": {"uv": [12, 1, 13, 3], "texture": "#bottom"},
				"south": {"uv": [12, 1, 13, 3], "texture": "#bottom"},
				"west": {"uv": [12, 1, 13, 3], "texture": "#bottom"},
				"up": {"uv": [12, 1, 13, 2], "texture": "#bottom"},
				"down": {"uv": [12, 1, 13, 2], "texture": "#bottom"}
			}
		},
		{
			"from": [15, 1, 0],
			"to": [16, 3, 1],
			"rotation": {"angle": 0, "axis": "y", "origin": [15, 1, 0]},
			"faces": {
				"north": {"uv": [12, 1, 13, 3], "texture": "#bottom"},
				"east": {"uv": [12, 1, 13, 3], "texture": "#bottom"},
				"south": {"uv": [12, 1, 13, 3], "texture": "#bottom"},
				"west": {"uv": [12, 1, 13, 3], "texture": "#bottom"},
				"up": {"uv": [12, 1, 13, 2], "texture": "#bottom"},
				"down": {"uv": [12, 1, 13, 2], "texture": "#bottom"}
			}
		}
	]
}