{
	"credit": "Made with Blockbench",
	"parent": "minecraft:block/cube",
	"textures": {
		"4": "block/stripped_birch_log",
		"5": "block/stripped_birch_log_top",
		"6": "block/stripped_spruce_log",
		"particle": "block/fletching_table_front",
		"north": "block/fletching_table_front",
		"east": "block/fletching_table_side",
		"up": "block/fletching_table_top",
		"down": "block/birch_planks"
	},
	"elements": [
		{
			"from": [0, 0, 0],
			"to": [16, 1, 16],
			"faces": {
				"north": {"uv": [0, 0, 16, 1], "texture": "#4"},
				"east": {"uv": [0, 14, 16, 15], "texture": "#4"},
				"south": {"uv": [0, 0, 16, 1], "texture": "#4"},
				"west": {"uv": [0, 14, 16, 15], "texture": "#4"},
				"up": {"uv": [0, 0, 16, 16], "texture": "#5"},
				"down": {"uv": [0, 0, 16, 16], "texture": "#down"}
			}
		},
		{
			"from": [1, 7, 1],
			"to": [15, 8, 15],
			"faces": {
				"north": {"uv": [0, 0, 16, 1], "texture": "#4"},
				"east": {"uv": [1, 5, 15, 6], "texture": "#4"},
				"south": {"uv": [0, 0, 16, 1], "texture": "#4"},
				"west": {"uv": [1, 14, 15, 15], "texture": "#4"},
				"up": {"uv": [1, 1, 15, 15], "texture": "#5"},
				"down": {"uv": [0, 1, 16, 15], "texture": "#4"}
			}
		},
		{
			"from": [1, 15, 1],
			"to": [15, 16, 15],
			"faces": {
				"north": {"uv": [0, 7, 16, 8], "texture": "#north"},
				"east": {"uv": [0, 7, 16, 8], "texture": "#north"},
				"south": {"uv": [0, 7, 16, 8], "texture": "#north"},
				"west": {"uv": [0, 7, 16, 8], "texture": "#north"},
				"up": {"uv": [1, 1, 15, 15], "texture": "#5"},
				"down": {"uv": [1, 1, 15, 15], "texture": "#4"}
			}
		},
		{
			"from": [0, 15, 15],
			"to": [16, 16, 16],
			"rotation": {"angle": 0, "axis": "y", "origin": [8.5, 8, 8]},
			"faces": {
				"north": {"uv": [-1, 7, 15, 8], "texture": "#north"},
				"east": {"uv": [15, 7, 16, 8], "texture": "#north"},
				"south": {"uv": [0, 7, 16, 8], "texture": "#north"},
				"west": {"uv": [0, 7, 1, 8], "rotation": 90, "texture": "#north"},
				"up": {"uv": [0, 7, 16, 8], "rotation": 180, "texture": "#north"},
				"down": {"uv": [0, 7, 16, 8], "texture": "#north"}
			}
		},
		{
			"from": [0, 15, 0],
			"to": [16, 16, 1],
			"rotation": {"angle": 0, "axis": "y", "origin": [8.5, 8, 8]},
			"faces": {
				"north": {"uv": [0, 7, 16, 8], "texture": "#north"},
				"east": {"uv": [15, 7, 16, 8], "texture": "#north"},
				"south": {"uv": [0, 7, 16, 8], "texture": "#north"},
				"west": {"uv": [0, 7, 1, 8], "rotation": 90, "texture": "#north"},
				"up": {"uv": [0, 7, 16, 8], "rotation": 180, "texture": "#north"},
				"down": {"uv": [0, 7, 16, 8], "texture": "#north"}
			}
		},
		{
			"from": [7, 1, 1],
			"to": [8, 7, 15],
			"rotation": {"angle": 0, "axis": "y", "origin": [8, 4.5, 15.5]},
			"faces": {
				"north": {"uv": [-2, 1, -1, 15], "texture": "#4"},
				"east": {"uv": [1, 2, 15, 8], "texture": "#5"},
				"south": {"uv": [1, 0, 2, 14], "texture": "#4"},
				"west": {"uv": [1, 3, 15, 9], "texture": "#5"},
				"up": {"uv": [11, 0, 12, 16], "texture": "#4"},
				"down": {"uv": [11, 0, 12, 16], "texture": "#4"}
			}
		},
		{
			"from": [15, 15, 1],
			"to": [16, 16, 15],
			"rotation": {"angle": 0, "axis": "y", "origin": [8, 4.5, 15.5]},
			"faces": {
				"north": {"uv": [-2, 1, -1, 2], "rotation": 90, "texture": "#north"},
				"east": {"uv": [1, 7, 15, 8], "texture": "#north"},
				"south": {"uv": [3, 7, 4, 8], "texture": "#north"},
				"west": {"uv": [2, 7, 16, 8], "texture": "#north"},
				"up": {"uv": [1, 7, 15, 8], "rotation": 90, "texture": "#north"},
				"down": {"uv": [1, 7, 15, 8], "rotation": 90, "texture": "#north"}
			}
		},
		{
			"from": [0, 15, 1],
			"to": [1, 16, 15],
			"rotation": {"angle": 0, "axis": "y", "origin": [8, 4.5, 15.5]},
			"faces": {
				"north": {"uv": [-2, 1, -1, 2], "rotation": 90, "texture": "#north"},
				"east": {"uv": [1, 7, 15, 8], "texture": "#north"},
				"south": {"uv": [3, 7, 4, 8], "texture": "#north"},
				"west": {"uv": [2, 7, 16, 8], "texture": "#north"},
				"up": {"uv": [1, 7, 15, 8], "rotation": 90, "texture": "#north"},
				"down": {"uv": [1, 7, 15, 8], "rotation": 90, "texture": "#north"}
			}
		},
		{
			"from": [0, 7, 1],
			"to": [1, 8, 15],
			"rotation": {"angle": 0, "axis": "y", "origin": [8, 4.5, 15.5]},
			"faces": {
				"north": {"uv": [-2, 1, -1, 2], "rotation": 90, "texture": "#north"},
				"east": {"uv": [1, 7, 15, 8], "texture": "#north"},
				"south": {"uv": [3, 7, 4, 8], "texture": "#north"},
				"west": {"uv": [2, 7, 16, 8], "texture": "#north"},
				"up": {"uv": [1, 7, 15, 8], "rotation": 90, "texture": "#north"},
				"down": {"uv": [1, 7, 15, 8], "rotation": 90, "texture": "#north"}
			}
		},
		{
			"from": [0, 1, 1],
			"to": [1, 2, 15],
			"rotation": {"angle": 0, "axis": "y", "origin": [8, -1.5, 15.5]},
			"faces": {
				"north": {"uv": [-2, 1, -1, 2], "rotation": 90, "texture": "#north"},
				"east": {"uv": [1, 7, 15, 8], "texture": "#north"},
				"south": {"uv": [3, 7, 4, 8], "texture": "#north"},
				"west": {"uv": [2, 7, 16, 8], "texture": "#north"},
				"up": {"uv": [1, 7, 15, 8], "rotation": 90, "texture": "#north"},
				"down": {"uv": [1, 7, 15, 8], "rotation": 90, "texture": "#north"}
			}
		},
		{
			"from": [15, 7, 1],
			"to": [16, 8, 15],
			"rotation": {"angle": 0, "axis": "y", "origin": [8, 4.5, 15.5]},
			"faces": {
				"north": {"uv": [-2, 1, -1, 2], "rotation": 90, "texture": "#north"},
				"east": {"uv": [1, 7, 15, 8], "texture": "#north"},
				"south": {"uv": [3, 7, 4, 8], "texture": "#north"},
				"west": {"uv": [2, 7, 16, 8], "texture": "#north"},
				"up": {"uv": [1, 7, 15, 8], "rotation": 90, "texture": "#north"},
				"down": {"uv": [1, 7, 15, 8], "rotation": 90, "texture": "#north"}
			}
		},
		{
			"from": [15, 1, 1],
			"to": [16, 2, 15],
			"rotation": {"angle": 0, "axis": "y", "origin": [8, -1.5, 15.5]},
			"faces": {
				"north": {"uv": [-2, 1, -1, 2], "rotation": 90, "texture": "#north"},
				"east": {"uv": [1, 7, 15, 8], "texture": "#north"},
				"south": {"uv": [3, 7, 4, 8], "texture": "#north"},
				"west": {"uv": [2, 7, 16, 8], "texture": "#north"},
				"up": {"uv": [1, 7, 15, 8], "rotation": 90, "texture": "#north"},
				"down": {"uv": [1, 7, 15, 8], "rotation": 90, "texture": "#north"}
			}
		},
		{
			"from": [1, 8, 15],
			"to": [15, 9, 16],
			"rotation": {"angle": 0, "axis": "y", "origin": [8, 14.5, 8]},
			"faces": {
				"north": {"uv": [1, 7, 15, 8], "texture": "#north"},
				"east": {"uv": [3, 7, 4, 8], "texture": "#north"},
				"south": {"uv": [2, 7, 16, 8], "texture": "#north"},
				"west": {"uv": [-2, 1, -1, 2], "rotation": 90, "texture": "#north"},
				"up": {"uv": [1, 7, 15, 8], "texture": "#north"},
				"down": {"uv": [1, 7, 15, 8], "rotation": 180, "texture": "#north"}
			}
		},
		{
			"from": [1, 8, 0],
			"to": [15, 9, 1],
			"rotation": {"angle": 0, "axis": "y", "origin": [8, 14.5, 8]},
			"faces": {
				"north": {"uv": [1, 7, 15, 8], "texture": "#north"},
				"east": {"uv": [3, 7, 4, 8], "texture": "#north"},
				"south": {"uv": [2, 7, 16, 8], "texture": "#north"},
				"west": {"uv": [-2, 1, -1, 2], "rotation": 90, "texture": "#north"},
				"up": {"uv": [1, 7, 15, 8], "texture": "#north"},
				"down": {"uv": [1, 7, 15, 8], "rotation": 180, "texture": "#north"}
			}
		},
		{
			"from": [1, 8, 8],
			"to": [15, 15, 9],
			"rotation": {"angle": 0, "axis": "y", "origin": [7.5, 11, 8]},
			"faces": {
				"north": {"uv": [1, 1, 15, 8], "texture": "#5"},
				"east": {"uv": [1, 0, 2, 14], "texture": "#4"},
				"south": {"uv": [1, 2, 15, 9], "texture": "#5"},
				"west": {"uv": [-2, 1, -1, 15], "texture": "#4"},
				"up": {"uv": [11, 0, 12, 16], "rotation": 270, "texture": "#4"},
				"down": {"uv": [11, 0, 12, 16], "rotation": 90, "texture": "#4"}
			}
		},
		{
			"from": [12, 15.75, 4],
			"to": [13, 16.75, 9],
			"faces": {
				"north": {"uv": [3, 7, 4, 8], "texture": "#up"},
				"east": {"uv": [3, 9, 4, 4], "rotation": 90, "texture": "#up"},
				"south": {"uv": [3, 4, 4, 5], "texture": "#up"},
				"west": {"uv": [3, 4, 4, 9], "rotation": 90, "texture": "#up"},
				"up": {"uv": [3, 9, 4, 4], "texture": "#up"},
				"down": {"uv": [3, 6, 4, 11], "texture": "#up"}
			}
		},
		{
			"from": [11, 16.25, 5],
			"to": [14, 16.5, 10],
			"faces": {
				"north": {"uv": [2, 5, 5, 5.25], "texture": "#up"},
				"east": {"uv": [2, 9, 2.25, 4], "rotation": 90, "texture": "#up"},
				"south": {"uv": [2, 4, 5, 4.25], "texture": "#up"},
				"west": {"uv": [2, 4, 2.25, 9], "rotation": 90, "texture": "#up"},
				"up": {"uv": [2, 9, 5, 4], "texture": "#up"},
				"down": {"uv": [2, 4, 5, 9], "texture": "#up"}
			}
		},
		{
			"from": [11, 16.25, 10],
			"to": [13, 16.5, 11],
			"faces": {
				"north": {"uv": [5, 5, 3, 5.25], "texture": "#up"},
				"east": {"uv": [2.25, 5, 2, 4], "rotation": 90, "texture": "#up"},
				"south": {"uv": [5, 4, 3, 4.25], "texture": "#up"},
				"west": {"uv": [3.25, 4, 3, 5], "rotation": 90, "texture": "#up"},
				"up": {"uv": [3, 5, 5, 4], "texture": "#up"},
				"down": {"uv": [5, 4, 3, 5], "texture": "#up"}
			}
		},
		{
			"from": [12, 16.25, 11],
			"to": [13, 16.5, 12],
			"faces": {
				"north": {"uv": [4, 4, 3, 4.25], "texture": "#up"},
				"east": {"uv": [3.25, 4, 3, 3], "rotation": 90, "texture": "#up"},
				"south": {"uv": [4, 3, 3, 3.25], "texture": "#up"},
				"west": {"uv": [3.25, 3, 3, 4], "rotation": 90, "texture": "#up"},
				"up": {"uv": [3, 4, 4, 3], "texture": "#up"},
				"down": {"uv": [4, 3, 3, 4], "texture": "#up"}
			}
		},
		{
			"from": [11, 16, 3],
			"to": [12, 17, 4],
			"faces": {
				"north": {"uv": [4, 11, 5, 12], "texture": "#up"},
				"east": {"uv": [4, 11, 5, 12], "texture": "#up"},
				"south": {"uv": [4, 11, 5, 12], "texture": "#up"},
				"west": {"uv": [4, 11, 5, 12], "texture": "#up"},
				"up": {"uv": [4, 11, 5, 12], "texture": "#up"},
				"down": {"uv": [4, 11, 5, 12], "texture": "#up"}
			}
		},
		{
			"from": [8, 1, 6],
			"to": [9, 2, 7],
			"rotation": {"angle": 0, "axis": "y", "origin": [-3, -15, 3]},
			"faces": {
				"north": {"uv": [4, 11, 5, 12], "texture": "#up"},
				"east": {"uv": [4, 11, 5, 12], "texture": "#up"},
				"south": {"uv": [4, 11, 5, 12], "texture": "#up"},
				"west": {"uv": [4, 11, 5, 12], "texture": "#up"},
				"up": {"uv": [4, 11, 5, 12], "texture": "#up"},
				"down": {"uv": [4, 11, 5, 12], "texture": "#up"}
			}
		},
		{
			"from": [9, 0.75, 7],
			"to": [10, 1.75, 12],
			"rotation": {"angle": 0, "axis": "y", "origin": [-3, -15, 3]},
			"faces": {
				"north": {"uv": [3, 7, 4, 8], "texture": "#up"},
				"east": {"uv": [3, 9, 4, 4], "rotation": 90, "texture": "#up"},
				"south": {"uv": [3, 4, 4, 5], "texture": "#up"},
				"west": {"uv": [3, 4, 4, 9], "rotation": 90, "texture": "#up"},
				"up": {"uv": [3, 9, 4, 4], "texture": "#up"},
				"down": {"uv": [3, 6, 4, 11], "texture": "#up"}
			}
		},
		{
			"from": [8, 1.25, 8],
			"to": [11, 1.5, 13],
			"rotation": {"angle": 0, "axis": "y", "origin": [-3, -15, 3]},
			"faces": {
				"north": {"uv": [2, 5, 5, 5.25], "texture": "#up"},
				"east": {"uv": [2, 9, 2.25, 4], "rotation": 90, "texture": "#up"},
				"south": {"uv": [2, 4, 5, 4.25], "texture": "#up"},
				"west": {"uv": [2, 4, 2.25, 9], "rotation": 90, "texture": "#up"},
				"up": {"uv": [2, 9, 5, 4], "texture": "#up"},
				"down": {"uv": [2, 4, 5, 9], "texture": "#up"}
			}
		},
		{
			"from": [8, 1.25, 13],
			"to": [10, 1.5, 14],
			"rotation": {"angle": 0, "axis": "y", "origin": [-3, -15, 3]},
			"faces": {
				"north": {"uv": [5, 5, 3, 5.25], "texture": "#up"},
				"east": {"uv": [2.25, 5, 2, 4], "rotation": 90, "texture": "#up"},
				"south": {"uv": [5, 4, 3, 4.25], "texture": "#up"},
				"west": {"uv": [3.25, 4, 3, 5], "rotation": 90, "texture": "#up"},
				"up": {"uv": [3, 5, 5, 4], "texture": "#up"},
				"down": {"uv": [5, 4, 3, 5], "texture": "#up"}
			}
		},
		{
			"from": [9, 1.25, 14],
			"to": [10, 1.5, 15],
			"rotation": {"angle": 0, "axis": "y", "origin": [-3, -15, 3]},
			"faces": {
				"north": {"uv": [4, 4, 3, 4.25], "texture": "#up"},
				"east": {"uv": [3.25, 4, 3, 3], "rotation": 90, "texture": "#up"},
				"south": {"uv": [4, 3, 3, 3.25], "texture": "#up"},
				"west": {"uv": [3.25, 3, 3, 4], "rotation": 90, "texture": "#up"},
				"up": {"uv": [3, 4, 4, 3], "texture": "#up"},
				"down": {"uv": [4, 3, 3, 4], "texture": "#up"}
			}
		},
		{
			"from": [12, 1, 6],
			"to": [13, 2, 7],
			"rotation": {"angle": 0, "axis": "y", "origin": [1, -15, 3]},
			"faces": {
				"north": {"uv": [4, 11, 5, 12], "texture": "#up"},
				"east": {"uv": [4, 11, 5, 12], "texture": "#up"},
				"south": {"uv": [4, 11, 5, 12], "texture": "#up"},
				"west": {"uv": [4, 11, 5, 12], "texture": "#up"},
				"up": {"uv": [4, 11, 5, 12], "texture": "#up"},
				"down": {"uv": [4, 11, 5, 12], "texture": "#up"}
			}
		},
		{
			"from": [13, 0.75, 7],
			"to": [14, 1.75, 12],
			"rotation": {"angle": 0, "axis": "y", "origin": [1, -15, 3]},
			"faces": {
				"north": {"uv": [3, 7, 4, 8], "texture": "#up"},
				"east": {"uv": [3, 9, 4, 4], "rotation": 90, "texture": "#up"},
				"south": {"uv": [3, 4, 4, 5], "texture": "#up"},
				"west": {"uv": [3, 4, 4, 9], "rotation": 90, "texture": "#up"},
				"up": {"uv": [3, 9, 4, 4], "texture": "#up"},
				"down": {"uv": [3, 6, 4, 11], "texture": "#up"}
			}
		},
		{
			"from": [12, 1.25, 8],
			"to": [15, 1.5, 13],
			"rotation": {"angle": 0, "axis": "y", "origin": [1, -15, 3]},
			"faces": {
				"north": {"uv": [2, 5, 5, 5.25], "texture": "#up"},
				"east": {"uv": [2, 9, 2.25, 4], "rotation": 90, "texture": "#up"},
				"south": {"uv": [2, 4, 5, 4.25], "texture": "#up"},
				"west": {"uv": [2, 4, 2.25, 9], "rotation": 90, "texture": "#up"},
				"up": {"uv": [2, 9, 5, 4], "texture": "#up"},
				"down": {"uv": [2, 4, 5, 9], "texture": "#up"}
			}
		},
		{
			"from": [12, 1.25, 13],
			"to": [14, 1.5, 14],
			"rotation": {"angle": 0, "axis": "y", "origin": [1, -15, 3]},
			"faces": {
				"north": {"uv": [5, 5, 3, 5.25], "texture": "#up"},
				"east": {"uv": [2.25, 5, 2, 4], "rotation": 90, "texture": "#up"},
				"south": {"uv": [5, 4, 3, 4.25], "texture": "#up"},
				"west": {"uv": [3.25, 4, 3, 5], "rotation": 90, "texture": "#up"},
				"up": {"uv": [3, 5, 5, 4], "texture": "#up"},
				"down": {"uv": [5, 4, 3, 5], "texture": "#up"}
			}
		},
		{
			"from": [13, 1.25, 14],
			"to": [14, 1.5, 15],
			"rotation": {"angle": 0, "axis": "y", "origin": [1, -15, 3]},
			"faces": {
				"north": {"uv": [4, 4, 3, 4.25], "texture": "#up"},
				"east": {"uv": [3.25, 4, 3, 3], "rotation": 90, "texture": "#up"},
				"south": {"uv": [4, 3, 3, 3.25], "texture": "#up"},
				"west": {"uv": [3.25, 3, 3, 4], "rotation": 90, "texture": "#up"},
				"up": {"uv": [3, 4, 4, 3], "texture": "#up"},
				"down": {"uv": [4, 3, 3, 4], "texture": "#up"}
			}
		},
		{
			"from": [10, 2, 1],
			"to": [11, 3, 2],
			"rotation": {"angle": 0, "axis": "y", "origin": [-1, -14, -2]},
			"faces": {
				"north": {"uv": [4, 11, 5, 12], "texture": "#up"},
				"east": {"uv": [4, 11, 5, 12], "texture": "#up"},
				"south": {"uv": [4, 11, 5, 12], "texture": "#up"},
				"west": {"uv": [4, 11, 5, 12], "texture": "#up"},
				"up": {"uv": [4, 11, 5, 12], "texture": "#up"},
				"down": {"uv": [4, 11, 5, 12], "texture": "#up"}
			}
		},
		{
			"from": [11, 1.75, 2],
			"to": [12, 2.75, 7],
			"rotation": {"angle": 0, "axis": "y", "origin": [-1, -14, -2]},
			"faces": {
				"north": {"uv": [3, 7, 4, 8], "texture": "#up"},
				"east": {"uv": [3, 9, 4, 4], "rotation": 90, "texture": "#up"},
				"south": {"uv": [3, 4, 4, 5], "texture": "#up"},
				"west": {"uv": [3, 4, 4, 9], "rotation": 90, "texture": "#up"},
				"up": {"uv": [3, 9, 4, 4], "texture": "#up"},
				"down": {"uv": [3, 6, 4, 11], "texture": "#up"}
			}
		},
		{
			"from": [10, 2.25, 3],
			"to": [13, 2.5, 8],
			"rotation": {"angle": 0, "axis": "y", "origin": [-1, -14, -2]},
			"faces": {
				"north": {"uv": [2, 5, 5, 5.25], "texture": "#up"},
				"east": {"uv": [2, 9, 2.25, 4], "rotation": 90, "texture": "#up"},
				"south": {"uv": [2, 4, 5, 4.25], "texture": "#up"},
				"west": {"uv": [2, 4, 2.25, 9], "rotation": 90, "texture": "#up"},
				"up": {"uv": [2, 9, 5, 4], "texture": "#up"},
				"down": {"uv": [2, 4, 5, 9], "texture": "#up"}
			}
		},
		{
			"from": [10, 2.25, 8],
			"to": [12, 2.5, 9],
			"rotation": {"angle": 0, "axis": "y", "origin": [-1, -14, -2]},
			"faces": {
				"north": {"uv": [5, 5, 3, 5.25], "texture": "#up"},
				"east": {"uv": [2.25, 5, 2, 4], "rotation": 90, "texture": "#up"},
				"south": {"uv": [5, 4, 3, 4.25], "texture": "#up"},
				"west": {"uv": [3.25, 4, 3, 5], "rotation": 90, "texture": "#up"},
				"up": {"uv": [3, 5, 5, 4], "texture": "#up"},
				"down": {"uv": [5, 4, 3, 5], "texture": "#up"}
			}
		},
		{
			"from": [11, 2.25, 9],
			"to": [12, 2.5, 10],
			"rotation": {"angle": 0, "axis": "y", "origin": [-1, -14, -2]},
			"faces": {
				"north": {"uv": [4, 4, 3, 4.25], "texture": "#up"},
				"east": {"uv": [3.25, 4, 3, 3], "rotation": 90, "texture": "#up"},
				"south": {"uv": [4, 3, 3, 3.25], "texture": "#up"},
				"west": {"uv": [3.25, 3, 3, 4], "rotation": 90, "texture": "#up"},
				"up": {"uv": [3, 4, 4, 3], "texture": "#up"},
				"down": {"uv": [4, 3, 3, 4], "texture": "#up"}
			}
		},
		{
			"from": [8, 2.5, 6],
			"to": [9, 3.5, 7],
			"rotation": {"angle": 0, "axis": "y", "origin": [-3, -13.5, 3]},
			"faces": {
				"north": {"uv": [4, 11, 5, 12], "texture": "#up"},
				"east": {"uv": [4, 11, 5, 12], "texture": "#up"},
				"south": {"uv": [4, 11, 5, 12], "texture": "#up"},
				"west": {"uv": [4, 11, 5, 12], "texture": "#up"},
				"up": {"uv": [4, 11, 5, 12], "texture": "#up"},
				"down": {"uv": [4, 11, 5, 12], "texture": "#up"}
			}
		},
		{
			"from": [9, 2.25, 7],
			"to": [10, 3.25, 12],
			"rotation": {"angle": 0, "axis": "y", "origin": [-3, -13.5, 3]},
			"faces": {
				"north": {"uv": [3, 7, 4, 8], "texture": "#up"},
				"east": {"uv": [3, 9, 4, 4], "rotation": 90, "texture": "#up"},
				"south": {"uv": [3, 4, 4, 5], "texture": "#up"},
				"west": {"uv": [3, 4, 4, 9], "rotation": 90, "texture": "#up"},
				"up": {"uv": [3, 9, 4, 4], "texture": "#up"},
				"down": {"uv": [3, 6, 4, 11], "texture": "#up"}
			}
		},
		{
			"from": [8, 2.75, 8],
			"to": [11, 3, 13],
			"rotation": {"angle": 0, "axis": "y", "origin": [-3, -13.5, 3]},
			"faces": {
				"north": {"uv": [2, 5, 5, 5.25], "texture": "#up"},
				"east": {"uv": [2, 9, 2.25, 4], "rotation": 90, "texture": "#up"},
				"south": {"uv": [2, 4, 5, 4.25], "texture": "#up"},
				"west": {"uv": [2, 4, 2.25, 9], "rotation": 90, "texture": "#up"},
				"up": {"uv": [2, 9, 5, 4], "texture": "#up"},
				"down": {"uv": [2, 4, 5, 9], "texture": "#up"}
			}
		},
		{
			"from": [8, 2.75, 13],
			"to": [10, 3, 14],
			"rotation": {"angle": 0, "axis": "y", "origin": [-3, -13.5, 3]},
			"faces": {
				"north": {"uv": [5, 5, 3, 5.25], "texture": "#up"},
				"east": {"uv": [2.25, 5, 2, 4], "rotation": 90, "texture": "#up"},
				"south": {"uv": [5, 4, 3, 4.25], "texture": "#up"},
				"west": {"uv": [3.25, 4, 3, 5], "rotation": 90, "texture": "#up"},
				"up": {"uv": [3, 5, 5, 4], "texture": "#up"},
				"down": {"uv": [5, 4, 3, 5], "texture": "#up"}
			}
		},
		{
			"from": [9, 2.75, 14],
			"to": [10, 3, 15],
			"rotation": {"angle": 0, "axis": "y", "origin": [-3, -13.5, 3]},
			"faces": {
				"north": {"uv": [4, 4, 3, 4.25], "texture": "#up"},
				"east": {"uv": [3.25, 4, 3, 3], "rotation": 90, "texture": "#up"},
				"south": {"uv": [4, 3, 3, 3.25], "texture": "#up"},
				"west": {"uv": [3.25, 3, 3, 4], "rotation": 90, "texture": "#up"},
				"up": {"uv": [3, 4, 4, 3], "texture": "#up"},
				"down": {"uv": [4, 3, 3, 4], "texture": "#up"}
			}
		},
		{
			"from": [8, 16, 5],
			"to": [9, 17, 11],
			"faces": {
				"north": {"uv": [0, 0, 1, 1], "texture": "#north"},
				"east": {"uv": [2, 6, 3, 12], "rotation": 90, "texture": "#north"},
				"south": {"uv": [0, 0, 1, 1], "texture": "#north"},
				"west": {"uv": [2, 6, 3, 12], "rotation": 90, "texture": "#north"},
				"up": {"uv": [2, 6, 3, 12], "texture": "#north"},
				"down": {"uv": [2, 6, 3, 12], "texture": "#north"}
			}
		},
		{
			"from": [6, 1, 1],
			"to": [7, 2, 9],
			"rotation": {"angle": 0, "axis": "y", "origin": [-2, -15, -4]},
			"faces": {
				"north": {"uv": [10, 7, 11, 8], "texture": "#6"},
				"east": {"uv": [9, 7, 10, 15], "rotation": 90, "texture": "#6"},
				"south": {"uv": [10, 7, 11, 8], "texture": "#6"},
				"west": {"uv": [9, 7, 10, 15], "rotation": 90, "texture": "#6"},
				"up": {"uv": [9, 7, 10, 15], "texture": "#6"},
				"down": {"uv": [9, 7, 10, 15], "texture": "#6"}
			}
		},
		{
			"from": [4, 1, 1],
			"to": [5, 2, 9],
			"rotation": {"angle": 0, "axis": "y", "origin": [-4, -15, -4]},
			"faces": {
				"north": {"uv": [4, 3, 5, 4], "texture": "#6"},
				"east": {"uv": [3, 3, 4, 11], "rotation": 90, "texture": "#6"},
				"south": {"uv": [4, 3, 5, 4], "texture": "#6"},
				"west": {"uv": [3, 3, 4, 11], "rotation": 90, "texture": "#6"},
				"up": {"uv": [3, 3, 4, 11], "texture": "#6"},
				"down": {"uv": [3, 3, 4, 11], "texture": "#6"}
			}
		},
		{
			"from": [4, 8, 4],
			"to": [9, 9, 5],
			"rotation": {"angle": 0, "axis": "y", "origin": [5, 8.5, 4.5]},
			"faces": {
				"north": {"uv": [0, 3, 1, 8], "rotation": 90, "texture": "#6"},
				"east": {"uv": [1, 3, 2, 4], "texture": "#6"},
				"south": {"uv": [0, 3, 1, 8], "rotation": 90, "texture": "#6"},
				"west": {"uv": [1, 3, 2, 4], "texture": "#6"},
				"up": {"uv": [0, 3, 1, 8], "rotation": 270, "texture": "#6"},
				"down": {"uv": [0, 3, 1, 8], "rotation": 90, "texture": "#6"}
			}
		},
		{
			"from": [8, 8.5, 3],
			"to": [10, 8.5, 6],
			"rotation": {"angle": 0, "axis": "y", "origin": [6, 9, 4.5]},
			"faces": {
				"north": {"uv": [0, 3, 0, 5], "rotation": 90, "texture": "#north"},
				"east": {"uv": [11, 3, 14, 3], "texture": "#north"},
				"south": {"uv": [0, 3, 0, 5], "rotation": 90, "texture": "#north"},
				"west": {"uv": [11, 3, 14, 3], "texture": "#north"},
				"up": {"uv": [10, 3, 13, 5], "rotation": 270, "texture": "#north"},
				"down": {"uv": [10, 3, 13, 5], "rotation": 90, "texture": "#north"}
			}
		},
		{
			"from": [3, 8.5, 3],
			"to": [5, 8.5, 6],
			"rotation": {"angle": 0, "axis": "y", "origin": [1, 9, 4.5]},
			"faces": {
				"north": {"uv": [0, 3, 0, 5], "rotation": 90, "texture": "#north"},
				"east": {"uv": [11, 3, 14, 3], "texture": "#north"},
				"south": {"uv": [0, 3, 0, 5], "rotation": 90, "texture": "#north"},
				"west": {"uv": [11, 3, 14, 3], "texture": "#north"},
				"up": {"uv": [10, 3, 13, 5], "rotation": 270, "texture": "#north"},
				"down": {"uv": [10, 3, 13, 5], "rotation": 90, "texture": "#north"}
			}
		},
		{
			"from": [2, 8.5, 4],
			"to": [3, 8.5, 5],
			"rotation": {"angle": 0, "axis": "y", "origin": [-1, 9, 3.5]},
			"faces": {
				"north": {"uv": [0, 3, 0, 5], "rotation": 90, "texture": "#north"},
				"east": {"uv": [12, 12, 13, 12], "texture": "#north"},
				"south": {"uv": [0, 3, 0, 5], "rotation": 90, "texture": "#north"},
				"west": {"uv": [12, 12, 13, 12], "texture": "#north"},
				"up": {"uv": [11, 12, 12, 13], "rotation": 270, "texture": "#north"},
				"down": {"uv": [11, 12, 12, 13], "rotation": 90, "texture": "#north"}
			}
		},
		{
			"from": [10, 8.5, 5],
			"to": [11, 8.5, 6],
			"rotation": {"angle": 0, "axis": "y", "origin": [7, 9, 4.5]},
			"faces": {
				"north": {"uv": [0, 3, 0, 5], "rotation": 90, "texture": "#north"},
				"east": {"uv": [11, 2, 12, 2], "texture": "#north"},
				"south": {"uv": [0, 3, 0, 5], "rotation": 90, "texture": "#north"},
				"west": {"uv": [11, 2, 12, 2], "texture": "#north"},
				"up": {"uv": [10, 2, 11, 3], "rotation": 270, "texture": "#north"},
				"down": {"uv": [10, 2, 11, 3], "rotation": 90, "texture": "#north"}
			}
		},
		{
			"from": [10, 8.5, 3],
			"to": [11, 8.5, 4],
			"rotation": {"angle": 0, "axis": "y", "origin": [7, 9, 2.5]},
			"faces": {
				"north": {"uv": [0, 3, 0, 5], "rotation": 90, "texture": "#north"},
				"east": {"uv": [11, 2, 12, 2], "texture": "#north"},
				"south": {"uv": [0, 3, 0, 5], "rotation": 90, "texture": "#north"},
				"west": {"uv": [11, 2, 12, 2], "texture": "#north"},
				"up": {"uv": [10, 2, 11, 3], "rotation": 270, "texture": "#north"},
				"down": {"uv": [10, 2, 11, 3], "rotation": 90, "texture": "#north"}
			}
		},
		{
			"from": [3, 11, 7.5],
			"to": [5, 14, 7.5],
			"rotation": {"angle": 0, "axis": "x", "origin": [6.5, 12.5, 7.5]},
			"faces": {
				"north": {"uv": [10, 3, 13, 5], "rotation": 90, "texture": "#north"},
				"east": {"uv": [11, 3, 14, 3], "rotation": 90, "texture": "#north"},
				"south": {"uv": [10, 3, 13, 5], "rotation": 90, "texture": "#north"},
				"west": {"uv": [11, 3, 14, 3], "rotation": 270, "texture": "#north"},
				"up": {"uv": [0, 3, 0, 5], "rotation": 90, "texture": "#north"},
				"down": {"uv": [0, 3, 0, 5], "rotation": 270, "texture": "#north"}
			}
		},
		{
			"from": [2, 12, 7.5],
			"to": [3, 13, 7.5],
			"rotation": {"angle": 0, "axis": "x", "origin": [6.5, 12.5, 7.5]},
			"faces": {
				"north": {"uv": [11, 12, 12, 13], "rotation": 90, "texture": "#north"},
				"east": {"uv": [12, 12, 13, 12], "rotation": 90, "texture": "#north"},
				"south": {"uv": [11, 12, 12, 13], "rotation": 90, "texture": "#north"},
				"west": {"uv": [12, 12, 13, 12], "rotation": 270, "texture": "#north"},
				"up": {"uv": [0, 3, 0, 5], "rotation": 90, "texture": "#north"},
				"down": {"uv": [0, 3, 0, 5], "rotation": 270, "texture": "#north"}
			}
		},
		{
			"from": [4, 12, 7],
			"to": [9, 13, 8],
			"rotation": {"angle": 0, "axis": "x", "origin": [6.5, 12.5, 7.5]},
			"faces": {
				"north": {"uv": [0, 3, 1, 8], "rotation": 90, "texture": "#6"},
				"east": {"uv": [1, 3, 2, 4], "rotation": 90, "texture": "#6"},
				"south": {"uv": [0, 3, 1, 8], "rotation": 90, "texture": "#6"},
				"west": {"uv": [1, 3, 2, 4], "rotation": 270, "texture": "#6"},
				"up": {"uv": [0, 3, 1, 8], "rotation": 90, "texture": "#6"},
				"down": {"uv": [0, 3, 1, 8], "rotation": 270, "texture": "#6"}
			}
		},
		{
			"from": [8, 11, 7.5],
			"to": [10, 14, 7.5],
			"rotation": {"angle": 0, "axis": "x", "origin": [6.5, 12.5, 7.5]},
			"faces": {
				"north": {"uv": [10, 3, 13, 5], "rotation": 90, "texture": "#north"},
				"east": {"uv": [11, 3, 14, 3], "rotation": 90, "texture": "#north"},
				"south": {"uv": [10, 3, 13, 5], "rotation": 90, "texture": "#north"},
				"west": {"uv": [11, 3, 14, 3], "rotation": 270, "texture": "#north"},
				"up": {"uv": [0, 3, 0, 5], "rotation": 90, "texture": "#north"},
				"down": {"uv": [0, 3, 0, 5], "rotation": 270, "texture": "#north"}
			}
		},
		{
			"from": [10, 11, 7.5],
			"to": [11, 12, 7.5],
			"rotation": {"angle": 0, "axis": "x", "origin": [6.5, 12.5, 7.5]},
			"faces": {
				"north": {"uv": [10, 2, 11, 3], "rotation": 90, "texture": "#north"},
				"east": {"uv": [11, 2, 12, 2], "rotation": 90, "texture": "#north"},
				"south": {"uv": [10, 2, 11, 3], "rotation": 90, "texture": "#north"},
				"west": {"uv": [11, 2, 12, 2], "rotation": 270, "texture": "#north"},
				"up": {"uv": [0, 3, 0, 5], "rotation": 90, "texture": "#north"},
				"down": {"uv": [0, 3, 0, 5], "rotation": 270, "texture": "#north"}
			}
		},
		{
			"from": [10, 13, 7.5],
			"to": [11, 14, 7.5],
			"rotation": {"angle": 0, "axis": "x", "origin": [6.5, 12.5, 7.5]},
			"faces": {
				"north": {"uv": [10, 2, 11, 3], "rotation": 90, "texture": "#north"},
				"east": {"uv": [11, 2, 12, 2], "rotation": 90, "texture": "#north"},
				"south": {"uv": [10, 2, 11, 3], "rotation": 90, "texture": "#north"},
				"west": {"uv": [11, 2, 12, 2], "rotation": 270, "texture": "#north"},
				"up": {"uv": [0, 3, 0, 5], "rotation": 90, "texture": "#north"},
				"down": {"uv": [0, 3, 0, 5], "rotation": 270, "texture": "#north"}
			}
		},
		{
			"from": [3, 1, 7],
			"to": [4, 2, 15],
			"rotation": {"angle": 0, "axis": "y", "origin": [-5, -15, 2]},
			"faces": {
				"north": {"uv": [15, 0, 16, 1], "texture": "#6"},
				"east": {"uv": [14, 0, 15, 8], "rotation": 90, "texture": "#6"},
				"south": {"uv": [15, 0, 16, 1], "texture": "#6"},
				"west": {"uv": [14, 0, 15, 8], "rotation": 90, "texture": "#6"},
				"up": {"uv": [14, 0, 15, 8], "texture": "#6"},
				"down": {"uv": [14, 0, 15, 8], "texture": "#6"}
			}
		},
		{
			"from": [6, 2, 5],
			"to": [7, 3, 13],
			"rotation": {"angle": 0, "axis": "y", "origin": [-2, -14, 0]},
			"faces": {
				"north": {"uv": [15, 0, 16, 1], "texture": "#6"},
				"east": {"uv": [14, 0, 15, 8], "rotation": 90, "texture": "#6"},
				"south": {"uv": [15, 0, 16, 1], "texture": "#6"},
				"west": {"uv": [14, 0, 15, 8], "rotation": 90, "texture": "#6"},
				"up": {"uv": [14, 0, 15, 8], "texture": "#6"},
				"down": {"uv": [14, 0, 15, 8], "texture": "#6"}
			}
		},
		{
			"from": [5, 1, 7],
			"to": [6, 2, 15],
			"rotation": {"angle": 0, "axis": "y", "origin": [-3, -15, 2]},
			"faces": {
				"north": {"uv": [11, 8, 12, 9], "texture": "#6"},
				"east": {"uv": [10, 8, 11, 16], "rotation": 90, "texture": "#6"},
				"south": {"uv": [11, 8, 12, 9], "texture": "#6"},
				"west": {"uv": [10, 8, 11, 16], "rotation": 90, "texture": "#6"},
				"up": {"uv": [10, 8, 11, 16], "texture": "#6"},
				"down": {"uv": [10, 8, 11, 16], "texture": "#6"}
			}
		},
		{
			"from": [4, 16.25, 3],
			"to": [5, 16.75, 8],
			"rotation": {"angle": 0, "axis": "y", "origin": [4.5, 16.5, 5.5]},
			"faces": {
				"north": {"uv": [5, 12, 6, 13], "texture": "#north"},
				"east": {"uv": [5, 13, 6, 8], "rotation": 90, "texture": "#north"},
				"south": {"uv": [5, 12, 6, 13], "texture": "#north"},
				"west": {"uv": [5, 8, 6, 13], "rotation": 90, "texture": "#north"},
				"up": {"uv": [5, 8, 6, 13], "rotation": 180, "texture": "#north"},
				"down": {"uv": [5, 8, 6, 13], "rotation": 180, "texture": "#north"}
			}
		},
		{
			"from": [4, 16.25, 8],
			"to": [5, 16.75, 13],
			"rotation": {"angle": 0, "axis": "y", "origin": [4.5, 16.5, 11.5]},
			"faces": {
				"north": {"uv": [5, 12, 6, 13], "texture": "#north"},
				"east": {"uv": [5, 8, 6, 13], "rotation": 90, "texture": "#north"},
				"south": {"uv": [5, 12, 6, 13], "texture": "#north"},
				"west": {"uv": [5, 13, 6, 8], "rotation": 90, "texture": "#north"},
				"up": {"uv": [5, 8, 6, 13], "texture": "#north"},
				"down": {"uv": [5, 8, 6, 13], "texture": "#north"}
			}
		},
		{
			"from": [7, 16, 4],
			"to": [9, 17, 5],
			"faces": {
				"north": {"uv": [2, 11, 4, 12], "texture": "#north"},
				"east": {"uv": [2, 11, 3, 12], "texture": "#north"},
				"south": {"uv": [2, 11, 4, 12], "texture": "#north"},
				"west": {"uv": [2, 11, 3, 12], "texture": "#north"},
				"up": {"uv": [2, 11, 4, 12], "texture": "#north"},
				"down": {"uv": [2, 11, 4, 12], "texture": "#north"}
			}
		},
		{
			"from": [6, 16, 3],
			"to": [8, 17, 4],
			"faces": {
				"north": {"uv": [2, 11, 4, 12], "texture": "#north"},
				"east": {"uv": [2, 11, 3, 12], "texture": "#north"},
				"south": {"uv": [2, 11, 4, 12], "texture": "#north"},
				"west": {"uv": [2, 11, 3, 12], "texture": "#north"},
				"up": {"uv": [2, 11, 4, 12], "texture": "#north"},
				"down": {"uv": [2, 11, 4, 12], "texture": "#north"}
			}
		},
		{
			"from": [5, 16, 2],
			"to": [7, 17, 3],
			"faces": {
				"north": {"uv": [2, 11, 4, 12], "texture": "#north"},
				"east": {"uv": [2, 11, 3, 12], "texture": "#north"},
				"south": {"uv": [2, 11, 4, 12], "texture": "#north"},
				"west": {"uv": [2, 11, 3, 12], "texture": "#north"},
				"up": {"uv": [2, 11, 4, 12], "texture": "#north"},
				"down": {"uv": [2, 11, 4, 12], "texture": "#north"}
			}
		},
		{
			"from": [3, 16, 13],
			"to": [5, 17, 14],
			"faces": {
				"north": {"uv": [2, 11, 4, 12], "texture": "#north"},
				"east": {"uv": [2, 11, 3, 12], "texture": "#north"},
				"south": {"uv": [2, 11, 4, 12], "texture": "#north"},
				"west": {"uv": [2, 11, 3, 12], "texture": "#north"},
				"up": {"uv": [2, 11, 4, 12], "texture": "#north"},
				"down": {"uv": [2, 11, 4, 12], "texture": "#north"}
			}
		},
		{
			"from": [3, 16, 2],
			"to": [5, 17, 3],
			"faces": {
				"north": {"uv": [2, 11, 4, 12], "texture": "#north"},
				"east": {"uv": [2, 11, 3, 12], "texture": "#north"},
				"south": {"uv": [2, 11, 4, 12], "texture": "#north"},
				"west": {"uv": [2, 11, 3, 12], "texture": "#north"},
				"up": {"uv": [2, 11, 4, 12], "texture": "#north"},
				"down": {"uv": [2, 11, 4, 12], "texture": "#north"}
			}
		},
		{
			"from": [6, 16, 13],
			"to": [8, 17, 14],
			"faces": {
				"north": {"uv": [2, 11, 4, 12], "texture": "#north"},
				"east": {"uv": [2, 11, 3, 12], "texture": "#north"},
				"south": {"uv": [2, 11, 4, 12], "texture": "#north"},
				"west": {"uv": [2, 11, 3, 12], "texture": "#north"},
				"up": {"uv": [2, 11, 4, 12], "texture": "#north"},
				"down": {"uv": [2, 11, 4, 12], "texture": "#north"}
			}
		},
		{
			"from": [5, 16, 14],
			"to": [7, 17, 15],
			"faces": {
				"north": {"uv": [2, 11, 4, 12], "texture": "#north"},
				"east": {"uv": [2, 11, 3, 12], "texture": "#north"},
				"south": {"uv": [2, 11, 4, 12], "texture": "#north"},
				"west": {"uv": [2, 11, 3, 12], "texture": "#north"},
				"up": {"uv": [2, 11, 4, 12], "texture": "#north"},
				"down": {"uv": [2, 11, 4, 12], "texture": "#north"}
			}
		},
		{
			"from": [7, 16, 11],
			"to": [9, 17, 13],
			"faces": {
				"north": {"uv": [2, 4, 4, 5], "texture": "#north"},
				"east": {"uv": [2, 4, 4, 5], "texture": "#north"},
				"south": {"uv": [2, 4, 4, 5], "texture": "#north"},
				"west": {"uv": [2, 4, 4, 5], "texture": "#north"},
				"up": {"uv": [2, 4, 4, 6], "texture": "#north"},
				"down": {"uv": [2, 4, 4, 6], "texture": "#north"}
			}
		},
		{
			"from": [9, 9, 2],
			"to": [15, 15, 2],
			"rotation": {"angle": 22.5, "axis": "x", "origin": [12, 15, 2]},
			"faces": {
				"north": {"uv": [3, 5, 9, 11], "texture": "#east"},
				"east": {"uv": [3, 5, 4, 11], "texture": "#east"},
				"south": {"uv": [3, 5, 9, 11], "texture": "#east"},
				"west": {"uv": [3, 5, 4, 11], "texture": "#east"},
				"up": {"uv": [3, 5, 9, 6], "texture": "#east"},
				"down": {"uv": [3, 5, 9, 6], "texture": "#east"}
			}
		},
		{
			"from": [1, 9, 13],
			"to": [7, 15, 13],
			"rotation": {"angle": -22.5, "axis": "x", "origin": [4, 15, 13]},
			"faces": {
				"north": {"uv": [3, 5, 9, 11], "texture": "#east"},
				"east": {"uv": [3, 5, 4, 11], "texture": "#east"},
				"south": {"uv": [3, 5, 9, 11], "texture": "#east"},
				"west": {"uv": [3, 5, 4, 11], "texture": "#east"},
				"up": {"uv": [3, 5, 9, 6], "texture": "#east"},
				"down": {"uv": [3, 5, 9, 6], "texture": "#east"}
			}
		},
		{
			"from": [6, 11, 6],
			"to": [7, 14, 8],
			"rotation": {"angle": 0, "axis": "y", "origin": [6, 11, 6]},
			"faces": {
				"north": {"uv": [2, 7, 5, 8], "rotation": 90, "texture": "#north"},
				"east": {"uv": [8, 7, 10, 8], "texture": "#north"},
				"south": {"uv": [8, 7, 9, 8], "texture": "#north"},
				"west": {"uv": [8, 7, 10, 8], "texture": "#north"},
				"up": {"uv": [8, 7, 9, 8], "texture": "#north"},
				"down": {"uv": [8, 7, 9, 8], "texture": "#north"}
			}
		},
		{
			"from": [5, 11, 9.5],
			"to": [6, 12, 9.5],
			"rotation": {"angle": 0, "axis": "x", "origin": [9.5, 11.5, 9.5]},
			"faces": {
				"north": {"uv": [11, 12, 12, 13], "rotation": 90, "texture": "#north"},
				"east": {"uv": [12, 12, 13, 12], "rotation": 90, "texture": "#north"},
				"south": {"uv": [11, 12, 12, 13], "rotation": 90, "texture": "#north"},
				"west": {"uv": [12, 12, 13, 12], "rotation": 270, "texture": "#north"},
				"up": {"uv": [0, 3, 0, 5], "rotation": 90, "texture": "#north"},
				"down": {"uv": [0, 3, 0, 5], "rotation": 270, "texture": "#north"}
			}
		},
		{
			"from": [6, 10, 9.5],
			"to": [8, 13, 9.5],
			"rotation": {"angle": 0, "axis": "x", "origin": [9.5, 11.5, 9.5]},
			"faces": {
				"north": {"uv": [10, 3, 13, 5], "rotation": 90, "texture": "#north"},
				"east": {"uv": [11, 3, 14, 3], "rotation": 90, "texture": "#north"},
				"south": {"uv": [10, 3, 13, 5], "rotation": 90, "texture": "#north"},
				"west": {"uv": [11, 3, 14, 3], "rotation": 270, "texture": "#north"},
				"up": {"uv": [0, 3, 0, 5], "rotation": 90, "texture": "#north"},
				"down": {"uv": [0, 3, 0, 5], "rotation": 270, "texture": "#north"}
			}
		},
		{
			"from": [7, 11, 9],
			"to": [12, 12, 10],
			"rotation": {"angle": 0, "axis": "x", "origin": [9.5, 11.5, 9.5]},
			"faces": {
				"north": {"uv": [0, 3, 1, 8], "rotation": 90, "texture": "#6"},
				"east": {"uv": [1, 3, 2, 4], "rotation": 90, "texture": "#6"},
				"south": {"uv": [0, 3, 1, 8], "rotation": 90, "texture": "#6"},
				"west": {"uv": [1, 3, 2, 4], "rotation": 270, "texture": "#6"},
				"up": {"uv": [0, 3, 1, 8], "rotation": 90, "texture": "#6"},
				"down": {"uv": [0, 3, 1, 8], "rotation": 270, "texture": "#6"}
			}
		},
		{
			"from": [9, 10, 9],
			"to": [10, 13, 11],
			"rotation": {"angle": 0, "axis": "x", "origin": [9.5, 11.5, 10]},
			"faces": {
				"north": {"uv": [8, 7, 9, 8], "rotation": 180, "texture": "#north"},
				"east": {"uv": [8, 7, 10, 8], "rotation": 180, "texture": "#north"},
				"south": {"uv": [2, 7, 5, 8], "rotation": 270, "texture": "#north"},
				"west": {"uv": [8, 7, 10, 8], "rotation": 180, "texture": "#north"},
				"up": {"uv": [8, 7, 9, 8], "texture": "#north"},
				"down": {"uv": [8, 7, 9, 8], "texture": "#north"}
			}
		},
		{
			"from": [11, 10, 9.5],
			"to": [13, 13, 9.5],
			"rotation": {"angle": 0, "axis": "x", "origin": [9.5, 11.5, 9.5]},
			"faces": {
				"north": {"uv": [10, 3, 13, 5], "rotation": 90, "texture": "#north"},
				"east": {"uv": [11, 3, 14, 3], "rotation": 90, "texture": "#north"},
				"south": {"uv": [10, 3, 13, 5], "rotation": 90, "texture": "#north"},
				"west": {"uv": [11, 3, 14, 3], "rotation": 270, "texture": "#north"},
				"up": {"uv": [0, 3, 0, 5], "rotation": 90, "texture": "#north"},
				"down": {"uv": [0, 3, 0, 5], "rotation": 270, "texture": "#north"}
			}
		},
		{
			"from": [13, 12, 9.5],
			"to": [14, 13, 9.5],
			"rotation": {"angle": 0, "axis": "x", "origin": [9.5, 11.5, 9.5]},
			"faces": {
				"north": {"uv": [10, 2, 11, 3], "rotation": 90, "texture": "#north"},
				"east": {"uv": [11, 2, 12, 2], "rotation": 90, "texture": "#north"},
				"south": {"uv": [10, 2, 11, 3], "rotation": 90, "texture": "#north"},
				"west": {"uv": [11, 2, 12, 2], "rotation": 270, "texture": "#north"},
				"up": {"uv": [0, 3, 0, 5], "rotation": 90, "texture": "#north"},
				"down": {"uv": [0, 3, 0, 5], "rotation": 270, "texture": "#north"}
			}
		},
		{
			"from": [13, 10, 9.5],
			"to": [14, 11, 9.5],
			"rotation": {"angle": 0, "axis": "x", "origin": [9.5, 11.5, 9.5]},
			"faces": {
				"north": {"uv": [10, 2, 11, 3], "rotation": 90, "texture": "#north"},
				"east": {"uv": [11, 2, 12, 2], "rotation": 90, "texture": "#north"},
				"south": {"uv": [10, 2, 11, 3], "rotation": 90, "texture": "#north"},
				"west": {"uv": [11, 2, 12, 2], "rotation": 270, "texture": "#north"},
				"up": {"uv": [0, 3, 0, 5], "rotation": 90, "texture": "#north"},
				"down": {"uv": [0, 3, 0, 5], "rotation": 270, "texture": "#north"}
			}
		},
		{
			"from": [0, 1, 15],
			"to": [16, 8, 16],
			"rotation": {"angle": 0, "axis": "y", "origin": [0, 1, 15]},
			"faces": {
				"north": {"uv": [0, 0, 16, 7], "texture": "#4"},
				"east": {"uv": [0, 0, 1, 7], "texture": "#4"},
				"south": {"uv": [0, 0, 16, 7], "texture": "#4"},
				"west": {"uv": [0, 0, 1, 7], "texture": "#4"},
				"up": {"uv": [0, 0, 16, 1], "texture": "#4"},
				"down": {"uv": [0, 0, 16, 1], "texture": "#4"}
			}
		},
		{
			"from": [0, 1, 0],
			"to": [16, 8, 1],
			"rotation": {"angle": 0, "axis": "y", "origin": [0, 1, 0]},
			"faces": {
				"north": {"uv": [0, 0, 16, 7], "texture": "#4"},
				"east": {"uv": [0, 0, 1, 7], "texture": "#4"},
				"south": {"uv": [0, 0, 16, 7], "texture": "#4"},
				"west": {"uv": [0, 0, 1, 7], "texture": "#4"},
				"up": {"uv": [0, 0, 16, 1], "texture": "#4"},
				"down": {"uv": [0, 0, 16, 1], "texture": "#4"}
			}
		},
		{
			"from": [0, 8, 0],
			"to": [1, 15, 16],
			"rotation": {"angle": 0, "axis": "y", "origin": [0, 8, 0]},
			"faces": {
				"north": {"uv": [0, 0, 1, 7], "texture": "#4"},
				"east": {"uv": [0, 0, 16, 7], "texture": "#4"},
				"south": {"uv": [0, 0, 1, 7], "texture": "#4"},
				"west": {"uv": [0, 0, 16, 7], "texture": "#4"},
				"up": {"uv": [0, 0, 1, 16], "texture": "#4"},
				"down": {"uv": [0, 0, 1, 16], "texture": "#4"}
			}
		},
		{
			"from": [15, 8, 0],
			"to": [16, 15, 16],
			"rotation": {"angle": 0, "axis": "y", "origin": [15, 8, 0]},
			"faces": {
				"north": {"uv": [0, 0, 1, 7], "texture": "#4"},
				"east": {"uv": [0, 0, 16, 7], "texture": "#4"},
				"south": {"uv": [0, 0, 1, 7], "texture": "#4"},
				"west": {"uv": [0, 0, 16, 7], "texture": "#4"},
				"up": {"uv": [0, 0, 1, 16], "texture": "#4"},
				"down": {"uv": [0, 0, 1, 16], "texture": "#4"}
			}
		}
	]
}