{
	"credit": "Made with Blockbench",
	"parent": "minecraft:block/orientable",
	"textures": {
		"3": "block/campfire_log",
		"4": "block/polished_basalt_top",
		"6": "block/polished_deepslate",
		"8": "block/iron_bars",
		"particle": "block/campfire_log"
	},
	"elements": [
		{
			"from": [15, 0, 0],
			"to": [16, 15, 16],
			"rotation": {"angle": 0, "axis": "y", "origin": [8, 7.75, 8]},
			"faces": {
				"north": {"uv": [1, 0, 2, 15], "texture": "#6"},
				"east": {"uv": [0, 1, 16, 16], "texture": "#6"},
				"south": {"uv": [15, 1, 16, 16], "texture": "#6"},
				"west": {"uv": [0, 1, 16, 16], "texture": "#6"},
				"up": {"uv": [0, 0, 1, 16], "rotation": 180, "texture": "#6"},
				"down": {"uv": [0, 0, 1, 16], "rotation": 180, "texture": "#6"}
			}
		},
		{
			"from": [0, 0, 0],
			"to": [1, 15, 16],
			"rotation": {"angle": 0, "axis": "y", "origin": [8, 7.75, 8]},
			"faces": {
				"north": {"uv": [15, 1, 16, 16], "texture": "#6"},
				"east": {"uv": [0, 1, 16, 16], "texture": "#6"},
				"south": {"uv": [0, 1, 1, 16], "texture": "#6"},
				"west": {"uv": [0, 1, 16, 16], "texture": "#6"},
				"up": {"uv": [0, 0, 1, 16], "rotation": 180, "texture": "#6"},
				"down": {"uv": [0, 0, 1, 16], "rotation": 180, "texture": "#6"}
			}
		},
		{
			"from": [0, 15, 0],
			"to": [16, 16, 16],
			"rotation": {"angle": 0, "axis": "y", "origin": [8, 7.75, 8]},
			"faces": {
				"north": {"uv": [0, 1, 16, 2], "texture": "#6"},
				"east": {"uv": [0, 0, 16, 1], "texture": "#6"},
				"south": {"uv": [0, 0, 16, 1], "texture": "#6"},
				"west": {"uv": [0, 0, 16, 1], "texture": "#6"},
				"up": {"uv": [0, 0, 16, 16], "rotation": 180, "texture": "#4"},
				"down": {"uv": [0, 0, 16, 16], "rotation": 180, "texture": "#4"}
			}
		},
		{
			"from": [1, 0, 0],
			"to": [15, 0.25, 8],
			"rotation": {"angle": 0, "axis": "y", "origin": [8, 7.75, 8]},
			"faces": {
				"north": {"uv": [0, 10, 14, 10], "texture": "#3"},
				"east": {"uv": [0, 10, 15, 10], "texture": "#3"},
				"south": {"uv": [0, 10, 14, 10], "texture": "#3"},
				"west": {"uv": [0, 10, 15, 10], "texture": "#3"},
				"up": {"uv": [0, 8, 14, 16], "rotation": 180, "texture": "#3"},
				"down": {"uv": [0, 8, 14, 16], "rotation": 180, "texture": "#3"}
			}
		},
		{
			"from": [1, 0, 8],
			"to": [15, 0, 15],
			"rotation": {"angle": 0, "axis": "y", "origin": [8, 7.75, 8]},
			"faces": {
				"north": {"uv": [0, 0, 14, 0], "texture": "#3"},
				"east": {"uv": [0, 0, 15, 0], "texture": "#3"},
				"south": {"uv": [0, 0, 14, 0], "texture": "#3"},
				"west": {"uv": [0, 0, 15, 0], "texture": "#3"},
				"up": {"uv": [0, 8, 14, 15], "rotation": 180, "texture": "#3"},
				"down": {"uv": [0, 8, 14, 15], "rotation": 180, "texture": "#3"}
			}
		},
		{
			"from": [10, 0.25, -1],
			"to": [14, 4.25, 10],
			"rotation": {"angle": 0, "axis": "y", "origin": [8, 7.75, 8]},
			"faces": {
				"north": {"uv": [0, 4, 4, 8], "texture": "#3"},
				"east": {"uv": [5, 0, 16, 4], "texture": "#3"},
				"south": {"uv": [0, 4, 4, 8], "texture": "#3"},
				"west": {"uv": [5, 0, 16, 4], "texture": "#3"},
				"up": {"uv": [5, 0, 16, 4], "rotation": 270, "texture": "#3"},
				"down": {"uv": [5, 0, 16, 4], "rotation": 270, "texture": "#3"}
			}
		},
		{
			"from": [2, 0.25, 1],
			"to": [6, 3.25, 12],
			"rotation": {"angle": 0, "axis": "y", "origin": [8, 7.75, 8]},
			"faces": {
				"north": {"uv": [0, 4, 4, 7], "texture": "#3"},
				"east": {"uv": [5, 0, 16, 3], "texture": "#3"},
				"south": {"uv": [0, 4, 4, 7], "texture": "#3"},
				"west": {"uv": [5, 0, 16, 3], "texture": "#3"},
				"up": {"uv": [5, 0, 16, 4], "rotation": 270, "texture": "#3"},
				"down": {"uv": [5, 0, 16, 4], "rotation": 270, "texture": "#3"}
			}
		},
		{
			"from": [1.5, 1.25, 6],
			"to": [12.5, 5.25, 10],
			"rotation": {"angle": 0, "axis": "y", "origin": [8, 7.75, 8]},
			"faces": {
				"north": {"uv": [5, 0, 16, 4], "texture": "#3"},
				"east": {"uv": [0, 4, 4, 8], "texture": "#3"},
				"south": {"uv": [5, 0, 16, 4], "texture": "#3"},
				"west": {"uv": [0, 4, 4, 8], "texture": "#3"},
				"up": {"uv": [5, 0, 16, 4], "rotation": 180, "texture": "#3"},
				"down": {"uv": [5, 0, 16, 4], "texture": "#3"}
			}
		},
		{
			"from": [3, 7, 1],
			"to": [4, 8, 15],
			"rotation": {"angle": 0, "axis": "y", "origin": [8, 7.75, 8]},
			"faces": {
				"north": {"uv": [3, 3, 4, 4], "texture": "#8"},
				"east": {"uv": [3, 1, 4, 15], "rotation": 90, "texture": "#8"},
				"south": {"uv": [3, 3, 4, 4], "texture": "#8"},
				"west": {"uv": [7, 2, 8, 16], "rotation": 90, "texture": "#8"},
				"up": {"uv": [13, 1, 14, 15], "rotation": 180, "texture": "#8"},
				"down": {"uv": [2, 1, 3, 15], "rotation": 180, "texture": "#8"}
			}
		},
		{
			"from": [4, 7, 1],
			"to": [5, 8, 15],
			"rotation": {"angle": 0, "axis": "y", "origin": [8, 7.75, 8]},
			"faces": {
				"north": {"uv": [3, 3, 4, 4], "texture": "#8"},
				"east": {"uv": [3, 1, 4, 15], "rotation": 90, "texture": "#8"},
				"south": {"uv": [3, 3, 4, 4], "texture": "#8"},
				"west": {"uv": [7, 2, 8, 16], "rotation": 90, "texture": "#8"},
				"up": {"uv": [12, 1, 13, 15], "rotation": 180, "texture": "#8"},
				"down": {"uv": [2, 1, 3, 15], "rotation": 180, "texture": "#8"}
			}
		},
		{
			"from": [8, 7, 1],
			"to": [9, 8, 15],
			"rotation": {"angle": 0, "axis": "y", "origin": [8, 7.75, 8]},
			"faces": {
				"north": {"uv": [3, 3, 4, 4], "texture": "#8"},
				"east": {"uv": [3, 1, 4, 15], "rotation": 90, "texture": "#8"},
				"south": {"uv": [3, 3, 4, 4], "texture": "#8"},
				"west": {"uv": [7, 2, 8, 16], "rotation": 90, "texture": "#8"},
				"up": {"uv": [7, 1, 8, 15], "rotation": 180, "texture": "#8"},
				"down": {"uv": [2, 1, 3, 15], "rotation": 180, "texture": "#8"}
			}
		},
		{
			"from": [7, 7, 1],
			"to": [8, 8, 15],
			"rotation": {"angle": 0, "axis": "y", "origin": [8, 7.75, 8]},
			"faces": {
				"north": {"uv": [3, 3, 4, 4], "texture": "#8"},
				"east": {"uv": [3, 1, 4, 15], "rotation": 90, "texture": "#8"},
				"south": {"uv": [3, 3, 4, 4], "texture": "#8"},
				"west": {"uv": [7, 2, 8, 16], "rotation": 90, "texture": "#8"},
				"up": {"uv": [8, 1, 9, 15], "rotation": 180, "texture": "#8"},
				"down": {"uv": [2, 1, 3, 15], "rotation": 180, "texture": "#8"}
			}
		},
		{
			"from": [12, 7, 1],
			"to": [13, 8, 15],
			"rotation": {"angle": 0, "axis": "y", "origin": [8, 7.75, 8]},
			"faces": {
				"north": {"uv": [3, 3, 4, 4], "texture": "#8"},
				"east": {"uv": [3, 1, 4, 15], "rotation": 90, "texture": "#8"},
				"south": {"uv": [3, 3, 4, 4], "texture": "#8"},
				"west": {"uv": [7, 2, 8, 16], "rotation": 90, "texture": "#8"},
				"up": {"uv": [2, 1, 3, 15], "rotation": 180, "texture": "#8"},
				"down": {"uv": [2, 1, 3, 15], "rotation": 180, "texture": "#8"}
			}
		},
		{
			"from": [11, 7, 1],
			"to": [12, 8, 15],
			"rotation": {"angle": 0, "axis": "y", "origin": [8, 7.75, 8]},
			"faces": {
				"north": {"uv": [3, 3, 4, 4], "texture": "#8"},
				"east": {"uv": [3, 1, 4, 15], "rotation": 90, "texture": "#8"},
				"south": {"uv": [3, 3, 4, 4], "texture": "#8"},
				"west": {"uv": [7, 2, 8, 16], "rotation": 90, "texture": "#8"},
				"up": {"uv": [3, 1, 4, 15], "rotation": 180, "texture": "#8"},
				"down": {"uv": [2, 1, 3, 15], "rotation": 180, "texture": "#8"}
			}
		},
		{
			"from": [13, 7, 12],
			"to": [15, 8, 14],
			"rotation": {"angle": 0, "axis": "y", "origin": [8, 7.75, 8]},
			"faces": {
				"north": {"uv": [0, 7, 2, 8], "texture": "#8"},
				"east": {"uv": [0, 7, 2, 8], "texture": "#8"},
				"south": {"uv": [0, 7, 2, 8], "texture": "#8"},
				"west": {"uv": [0, 7, 2, 8], "texture": "#8"},
				"up": {"uv": [0, 7, 2, 9], "rotation": 180, "texture": "#8"},
				"down": {"uv": [0, 7, 2, 9], "rotation": 180, "texture": "#8"}
			}
		},
		{
			"from": [5, 7, 12],
			"to": [7, 8, 14],
			"rotation": {"angle": 0, "axis": "y", "origin": [8, 7.75, 8]},
			"faces": {
				"north": {"uv": [0, 7, 2, 8], "texture": "#8"},
				"east": {"uv": [0, 7, 2, 8], "texture": "#8"},
				"south": {"uv": [0, 7, 2, 8], "texture": "#8"},
				"west": {"uv": [0, 7, 2, 8], "texture": "#8"},
				"up": {"uv": [0, 7, 2, 9], "rotation": 180, "texture": "#8"},
				"down": {"uv": [0, 7, 2, 9], "rotation": 180, "texture": "#8"}
			}
		},
		{
			"from": [5, 7, 2],
			"to": [7, 8, 4],
			"rotation": {"angle": 0, "axis": "y", "origin": [8, 7.75, 8]},
			"faces": {
				"north": {"uv": [0, 7, 2, 8], "texture": "#8"},
				"east": {"uv": [0, 7, 2, 8], "texture": "#8"},
				"south": {"uv": [0, 7, 2, 8], "texture": "#8"},
				"west": {"uv": [0, 7, 2, 8], "texture": "#8"},
				"up": {"uv": [0, 7, 2, 9], "rotation": 180, "texture": "#8"},
				"down": {"uv": [0, 7, 2, 9], "rotation": 180, "texture": "#8"}
			}
		},
		{
			"from": [1, 7, 2],
			"to": [3, 8, 4],
			"rotation": {"angle": 0, "axis": "y", "origin": [8, 7.75, 8]},
			"faces": {
				"north": {"uv": [0, 7, 2, 8], "texture": "#8"},
				"east": {"uv": [0, 7, 2, 8], "texture": "#8"},
				"south": {"uv": [0, 7, 2, 8], "texture": "#8"},
				"west": {"uv": [0, 7, 2, 8], "texture": "#8"},
				"up": {"uv": [0, 7, 2, 9], "rotation": 180, "texture": "#8"},
				"down": {"uv": [0, 7, 2, 9], "rotation": 180, "texture": "#8"}
			}
		},
		{
			"from": [1, 7, 12],
			"to": [3, 8, 14],
			"rotation": {"angle": 0, "axis": "y", "origin": [8, 7.75, 8]},
			"faces": {
				"north": {"uv": [0, 7, 2, 8], "texture": "#8"},
				"east": {"uv": [0, 7, 2, 8], "texture": "#8"},
				"south": {"uv": [0, 7, 2, 8], "texture": "#8"},
				"west": {"uv": [0, 7, 2, 8], "texture": "#8"},
				"up": {"uv": [0, 7, 2, 9], "rotation": 180, "texture": "#8"},
				"down": {"uv": [0, 7, 2, 9], "rotation": 180, "texture": "#8"}
			}
		},
		{
			"from": [9, 7, 2],
			"to": [11, 8, 4],
			"rotation": {"angle": 0, "axis": "y", "origin": [8, 7.75, 8]},
			"faces": {
				"north": {"uv": [0, 7, 2, 8], "texture": "#8"},
				"east": {"uv": [0, 7, 2, 8], "texture": "#8"},
				"south": {"uv": [0, 7, 2, 8], "texture": "#8"},
				"west": {"uv": [0, 7, 2, 8], "texture": "#8"},
				"up": {"uv": [0, 7, 2, 9], "rotation": 180, "texture": "#8"},
				"down": {"uv": [0, 7, 2, 9], "rotation": 180, "texture": "#8"}
			}
		},
		{
			"from": [9, 7, 12],
			"to": [11, 8, 14],
			"rotation": {"angle": 0, "axis": "y", "origin": [8, 7.75, 8]},
			"faces": {
				"north": {"uv": [0, 7, 2, 8], "texture": "#8"},
				"east": {"uv": [0, 7, 2, 8], "texture": "#8"},
				"south": {"uv": [0, 7, 2, 8], "texture": "#8"},
				"west": {"uv": [0, 7, 2, 8], "texture": "#8"},
				"up": {"uv": [0, 7, 2, 9], "rotation": 180, "texture": "#8"},
				"down": {"uv": [0, 7, 2, 9], "rotation": 180, "texture": "#8"}
			}
		},
		{
			"from": [13, 7, 2],
			"to": [15, 8, 4],
			"rotation": {"angle": 0, "axis": "y", "origin": [8, 7.75, 8]},
			"faces": {
				"north": {"uv": [0, 7, 2, 8], "texture": "#8"},
				"east": {"uv": [0, 7, 2, 8], "texture": "#8"},
				"south": {"uv": [0, 7, 2, 8], "texture": "#8"},
				"west": {"uv": [0, 7, 2, 8], "texture": "#8"},
				"up": {"uv": [0, 7, 2, 9], "rotation": 180, "texture": "#8"},
				"down": {"uv": [0, 7, 2, 9], "rotation": 180, "texture": "#8"}
			}
		},
		{
			"from": [1, 0, 15],
			"to": [15, 15, 16],
			"rotation": {"angle": 0, "axis": "y", "origin": [8, 7.75, 8]},
			"faces": {
				"north": {"uv": [1, 0, 15, 15], "texture": "#6"},
				"east": {"uv": [0, 0, 1, 15], "texture": "#6"},
				"south": {"uv": [1, 1, 15, 16], "texture": "#6"},
				"west": {"uv": [0, 0, 1, 15], "texture": "#6"},
				"up": {"uv": [0, 0, 14, 1], "rotation": 180, "texture": "#6"},
				"down": {"uv": [0, 0, 14, 1], "rotation": 180, "texture": "#6"}
			}
		},
		{
			"from": [1, 7, 0],
			"to": [15, 9, 1],
			"rotation": {"angle": 0, "axis": "y", "origin": [8, 7.75, 8]},
			"faces": {
				"north": {"uv": [1, 8, 15, 10], "texture": "#6"},
				"east": {"uv": [1, 8, 2, 10], "texture": "#6"},
				"south": {"uv": [1, 8, 15, 10], "texture": "#6"},
				"west": {"uv": [1, 8, 2, 10], "texture": "#6"},
				"up": {"uv": [1, 8, 15, 9], "rotation": 180, "texture": "#6"},
				"down": {"uv": [1, 8, 15, 9], "rotation": 180, "texture": "#6"}
			}
		},
		{
			"from": [13, 13, 0],
			"to": [15, 15, 15],
			"rotation": {"angle": 0, "axis": "y", "origin": [8, 7.75, 8]},
			"faces": {
				"north": {"uv": [7, 7, 9, 9], "texture": "#4"},
				"east": {"uv": [1, 14, 16, 16], "texture": "#6"},
				"south": {"uv": [4, 6, 6, 8], "texture": "#6"},
				"west": {"uv": [1, 14, 16, 16], "texture": "#6"},
				"up": {"uv": [14, 1, 16, 16], "rotation": 180, "texture": "#6"},
				"down": {"uv": [14, 1, 16, 16], "rotation": 180, "texture": "#6"}
			}
		},
		{
			"from": [1, 13, 0],
			"to": [3, 15, 15],
			"rotation": {"angle": 0, "axis": "y", "origin": [8, 7.75, 8]},
			"faces": {
				"north": {"uv": [7, 7, 9, 9], "texture": "#4"},
				"east": {"uv": [1, 14, 16, 16], "texture": "#6"},
				"south": {"uv": [4, 6, 6, 8], "texture": "#6"},
				"west": {"uv": [1, 14, 16, 16], "texture": "#6"},
				"up": {"uv": [14, 1, 16, 16], "rotation": 180, "texture": "#6"},
				"down": {"uv": [14, 1, 16, 16], "rotation": 180, "texture": "#6"}
			}
		},
		{
			"from": [10, 14, 0],
			"to": [13, 15, 2],
			"rotation": {"angle": 0, "axis": "y", "origin": [8, 7.75, 8]},
			"faces": {
				"north": {"uv": [4, 1, 7, 2], "texture": "#4"},
				"east": {"uv": [4, 1, 6, 2], "texture": "#4"},
				"south": {"uv": [4, 1, 7, 2], "texture": "#4"},
				"west": {"uv": [4, 1, 6, 2], "texture": "#4"},
				"up": {"uv": [4, 1, 7, 3], "rotation": 180, "texture": "#4"},
				"down": {"uv": [4, 1, 7, 3], "rotation": 180, "texture": "#4"}
			}
		},
		{
			"from": [3, 14, 0],
			"to": [6, 15, 2],
			"rotation": {"angle": 0, "axis": "y", "origin": [8, 7.75, 8]},
			"faces": {
				"north": {"uv": [7, 1, 4, 2], "texture": "#4"},
				"east": {"uv": [4, 1, 6, 2], "texture": "#4"},
				"south": {"uv": [4, 1, 7, 2], "texture": "#4"},
				"west": {"uv": [4, 1, 6, 2], "texture": "#4"},
				"up": {"uv": [4, 1, 7, 3], "rotation": 180, "texture": "#4"},
				"down": {"uv": [4, 1, 7, 3], "rotation": 180, "texture": "#4"}
			}
		},
		{
			"from": [14, 9, 0],
			"to": [15, 13, 2],
			"rotation": {"angle": 0, "axis": "y", "origin": [8, 7.75, 8]},
			"faces": {
				"north": {"uv": [6, 5, 7, 9], "texture": "#6"},
				"east": {"uv": [6, 5, 8, 9], "texture": "#6"},
				"south": {"uv": [6, 5, 7, 9], "texture": "#6"},
				"west": {"uv": [6, 5, 8, 9], "texture": "#6"},
				"up": {"uv": [6, 5, 7, 7], "rotation": 180, "texture": "#6"},
				"down": {"uv": [6, 5, 7, 7], "rotation": 180, "texture": "#6"}
			}
		},
		{
			"from": [1, 9, 0],
			"to": [2, 13, 2],
			"rotation": {"angle": 0, "axis": "y", "origin": [8, 7.75, 8]},
			"faces": {
				"north": {"uv": [6, 5, 7, 9], "texture": "#6"},
				"east": {"uv": [6, 5, 8, 9], "texture": "#6"},
				"south": {"uv": [6, 5, 7, 9], "texture": "#6"},
				"west": {"uv": [6, 5, 8, 9], "texture": "#6"},
				"up": {"uv": [6, 5, 7, 7], "rotation": 180, "texture": "#6"},
				"down": {"uv": [6, 5, 7, 7], "rotation": 180, "texture": "#6"}
			}
		},
		{
			"from": [11, 9, 0],
			"to": [12, 14, 1],
			"rotation": {"angle": 0, "axis": "y", "origin": [8, 7.75, 8]},
			"faces": {
				"north": {"uv": [6, 5, 7, 10], "texture": "#6"},
				"east": {"uv": [6, 5, 7, 10], "texture": "#6"},
				"south": {"uv": [6, 5, 7, 10], "texture": "#6"},
				"west": {"uv": [6, 5, 7, 10], "texture": "#6"},
				"up": {"uv": [6, 5, 7, 6], "rotation": 180, "texture": "#6"},
				"down": {"uv": [6, 5, 7, 6], "rotation": 180, "texture": "#6"}
			}
		},
		{
			"from": [4, 9, 0],
			"to": [5, 14, 1],
			"rotation": {"angle": 0, "axis": "y", "origin": [8, 7.75, 8]},
			"faces": {
				"north": {"uv": [6, 5, 7, 10], "texture": "#6"},
				"east": {"uv": [6, 5, 7, 10], "texture": "#6"},
				"south": {"uv": [6, 5, 7, 10], "texture": "#6"},
				"west": {"uv": [6, 5, 7, 10], "texture": "#6"},
				"up": {"uv": [6, 5, 7, 6], "rotation": 180, "texture": "#6"},
				"down": {"uv": [6, 5, 7, 6], "rotation": 180, "texture": "#6"}
			}
		}
	]
}