{
	"credit": "Made with Blockbench",
	"textures": {
		"particle": "block/shulker_box"
	},
	"elements": [
		{
			"from": [1, 1, 1],
			"to": [15, 15, 15],
			"faces": {
				"north": {"uv": [0, 0, 14, 14], "texture": "#particle"},
				"east": {"uv": [0, 0, 14, 14], "texture": "#particle"},
				"south": {"uv": [0, 0, 14, 14], "texture": "#particle"},
				"west": {"uv": [0, 0, 14, 14], "texture": "#particle"},
				"up": {"uv": [0, 0, 14, 14], "texture": "#particle"},
				"down": {"uv": [0, 0, 14, 14], "texture": "#particle"}
			}
		}
	]
}