{
	"credit": "Made with Blockbench",
	"parent": "minecraft:block/cube",
	"textures": {
		"particle": "block/smithing_table_front",
		"north": "block/smithing_table_front",
		"east": "block/smithing_table_side",
		"up": "block/smithing_table_top",
		"down": "block/smithing_table_bottom"
	},
	"elements": [
		{
			"from": [0, 12, 0],
			"to": [16, 16, 16],
			"rotation": {"angle": 0, "axis": "y", "origin": [0, 12, 0]},
			"faces": {
				"north": {"uv": [0, 0, 16, 4], "texture": "#north"},
				"east": {"uv": [0, 0, 16, 4], "texture": "#north"},
				"south": {"uv": [0, 0, 16, 4], "texture": "#north"},
				"west": {"uv": [0, 0, 16, 4], "texture": "#north"},
				"up": {"uv": [0, 0, 16, 16], "texture": "#up"},
				"down": {"uv": [0, 0, 16, 16], "texture": "#up"}
			}
		},
		{
			"from": [1, 1, 8],
			"to": [15, 12, 9],
			"rotation": {"angle": 0, "axis": "y", "origin": [1, 8, -7]},
			"faces": {
				"north": {"uv": [0, 0, 14, 11], "texture": "#up"},
				"east": {"uv": [0, 0, 1, 11], "texture": "#up"},
				"south": {"uv": [0, 0, 14, 11], "texture": "#up"},
				"west": {"uv": [0, 0, 1, 11], "texture": "#up"},
				"up": {"uv": [0, 0, 14, 1], "texture": "#up"},
				"down": {"uv": [0, 0, 14, 1], "texture": "#up"}
			}
		},
		{
			"from": [15, 0, 0],
			"to": [16, 12, 16],
			"rotation": {"angle": 0, "axis": "y", "origin": [0, 8, 0]},
			"faces": {
				"north": {"uv": [0, 0, 1, 12], "texture": "#north"},
				"east": {"uv": [0, 4, 16, 16], "texture": "#up"},
				"south": {"uv": [0, 0, 1, 12], "texture": "#north"},
				"west": {"uv": [0, 2, 16, 14], "texture": "#down"},
				"up": {"uv": [0, 0, 1, 16], "texture": "#up"},
				"down": {"uv": [0, 0, 1, 16], "texture": "#up"}
			}
		},
		{
			"from": [0, 0, 0],
			"to": [1, 12, 16],
			"rotation": {"angle": 0, "axis": "y", "origin": [-15, 8, 0]},
			"faces": {
				"north": {"uv": [0, 0, 1, 12], "texture": "#north"},
				"east": {"uv": [0, 2, 16, 14], "texture": "#down"},
				"south": {"uv": [0, 0, 1, 12], "texture": "#north"},
				"west": {"uv": [0, 4, 16, 16], "texture": "#up"},
				"up": {"uv": [0, 0, 1, 16], "texture": "#up"},
				"down": {"uv": [0, 0, 1, 16], "texture": "#up"}
			}
		},
		{
			"from": [1, 0, 0],
			"to": [15, 1, 16],
			"faces": {
				"north": {"uv": [1, 0, 15, 1], "texture": "#down"},
				"east": {"uv": [0, 0, 16, 1], "texture": "#down"},
				"south": {"uv": [0, 0, 14, 1], "texture": "#down"},
				"west": {"uv": [0, 0, 16, 1], "texture": "#down"},
				"up": {"uv": [1, 0, 15, 16], "texture": "#down"},
				"down": {"uv": [1, 0, 15, 16], "texture": "#up"}
			}
		},
		{
			"from": [1, 4, 0],
			"to": [15, 5, 16],
			"rotation": {"angle": 0, "axis": "y", "origin": [0, 4, 0]},
			"faces": {
				"north": {"uv": [1, 0, 15, 1], "texture": "#down"},
				"east": {"uv": [0, 0, 16, 1], "texture": "#down"},
				"south": {"uv": [0, 0, 14, 1], "texture": "#down"},
				"west": {"uv": [0, 0, 16, 1], "texture": "#down"},
				"up": {"uv": [1, 0, 15, 16], "texture": "#down"},
				"down": {"uv": [0, 0, 14, 16], "texture": "#down"}
			}
		},
		{
			"from": [1, 8, 0],
			"to": [15, 9, 16],
			"rotation": {"angle": 0, "axis": "y", "origin": [0, 8, 0]},
			"faces": {
				"north": {"uv": [1, 0, 15, 1], "texture": "#down"},
				"east": {"uv": [0, 0, 16, 1], "texture": "#down"},
				"south": {"uv": [0, 0, 14, 1], "texture": "#down"},
				"west": {"uv": [0, 0, 16, 1], "texture": "#down"},
				"up": {"uv": [1, 0, 15, 16], "texture": "#down"},
				"down": {"uv": [0, 0, 14, 16], "texture": "#down"}
			}
		},
		{
			"from": [4, 9, 0],
			"to": [5, 10, 4],
			"rotation": {"angle": 0, "axis": "y", "origin": [-2, 9, 0]},
			"faces": {
				"north": {"uv": [5, 5, 6, 6], "texture": "#east"},
				"east": {"uv": [5, 11, 6, 12], "texture": "#east"},
				"south": {"uv": [5, 5, 6, 6], "texture": "#east"},
				"west": {"uv": [5, 11, 6, 12], "texture": "#east"},
				"up": {"uv": [5, 9, 6, 13], "texture": "#east"},
				"down": {"uv": [5, 9, 6, 13], "texture": "#east"}
			}
		},
		{
			"from": [2, 9, 4],
			"to": [7, 11, 7],
			"rotation": {"angle": 0, "axis": "y", "origin": [4, 9, 4]},
			"faces": {
				"north": {"uv": [0, 0, 5, 2], "texture": "#up"},
				"east": {"uv": [0, 0, 3, 2], "texture": "#up"},
				"south": {"uv": [0, 0, 5, 2], "texture": "#up"},
				"west": {"uv": [0, 0, 3, 2], "texture": "#up"},
				"up": {"uv": [0, 0, 5, 3], "texture": "#up"},
				"down": {"uv": [0, 0, 5, 3], "texture": "#up"}
			}
		},
		{
			"from": [5.75, 1, 1.25],
			"to": [9.75, 2, 2.25],
			"rotation": {"angle": 0, "axis": "y", "origin": [9.5, 1.75, 1.75]},
			"faces": {
				"north": {"uv": [5, 11, 6, 12], "texture": "#east"},
				"east": {"uv": [5, 5, 6, 6], "texture": "#east"},
				"south": {"uv": [5, 11, 6, 12], "texture": "#east"},
				"west": {"uv": [5, 5, 6, 6], "texture": "#east"},
				"up": {"uv": [5, 9, 6, 13], "rotation": 270, "texture": "#east"},
				"down": {"uv": [5, 9, 6, 13], "rotation": 90, "texture": "#east"}
			}
		},
		{
			"from": [9.75, 1, -0.75],
			"to": [12.75, 3, 4.25],
			"rotation": {"angle": 0, "axis": "y", "origin": [9.5, 1.75, 1.75]},
			"faces": {
				"north": {"uv": [0, 0, 3, 2], "texture": "#up"},
				"east": {"uv": [0, 0, 5, 2], "texture": "#up"},
				"south": {"uv": [0, 0, 3, 2], "texture": "#up"},
				"west": {"uv": [0, 0, 5, 2], "texture": "#up"},
				"up": {"uv": [0, 0, 5, 3], "rotation": 270, "texture": "#up"},
				"down": {"uv": [0, 0, 5, 3], "rotation": 90, "texture": "#up"}
			}
		},
		{
			"from": [5.75, 9, 13.5],
			"to": [9.75, 10, 14.5],
			"rotation": {"angle": 0, "axis": "y", "origin": [9.5, 9.75, 14]},
			"faces": {
				"north": {"uv": [5, 11, 6, 12], "texture": "#east"},
				"east": {"uv": [5, 5, 6, 6], "texture": "#east"},
				"south": {"uv": [5, 11, 6, 12], "texture": "#east"},
				"west": {"uv": [5, 5, 6, 6], "texture": "#east"},
				"up": {"uv": [5, 9, 6, 13], "rotation": 270, "texture": "#east"},
				"down": {"uv": [5, 9, 6, 13], "rotation": 90, "texture": "#east"}
			}
		},
		{
			"from": [9.75, 9, 11.5],
			"to": [12.75, 11, 16.5],
			"rotation": {"angle": 0, "axis": "y", "origin": [9.5, 9.75, 14]},
			"faces": {
				"north": {"uv": [0, 0, 3, 2], "texture": "#up"},
				"east": {"uv": [0, 0, 5, 2], "texture": "#up"},
				"south": {"uv": [0, 0, 3, 2], "texture": "#up"},
				"west": {"uv": [0, 0, 5, 2], "texture": "#up"},
				"up": {"uv": [0, 0, 5, 3], "rotation": 270, "texture": "#up"},
				"down": {"uv": [0, 0, 5, 3], "rotation": 90, "texture": "#up"}
			}
		},
		{
			"from": [10.75, 1, 10.5],
			"to": [13.75, 3, 15.5],
			"rotation": {"angle": 0, "axis": "y", "origin": [10.5, 1.75, 13]},
			"faces": {
				"north": {"uv": [0, 0, 3, 2], "texture": "#up"},
				"east": {"uv": [0, 0, 5, 2], "texture": "#up"},
				"south": {"uv": [0, 0, 3, 2], "texture": "#up"},
				"west": {"uv": [0, 0, 5, 2], "texture": "#up"},
				"up": {"uv": [0, 0, 5, 3], "rotation": 270, "texture": "#up"},
				"down": {"uv": [0, 0, 5, 3], "rotation": 90, "texture": "#up"}
			}
		},
		{
			"from": [6.75, 1, 10.5],
			"to": [9.75, 3, 15.5],
			"rotation": {"angle": 0, "axis": "y", "origin": [6.5, 1.75, 13]},
			"faces": {
				"north": {"uv": [0, 0, 3, 2], "texture": "#up"},
				"east": {"uv": [0, 0, 5, 2], "texture": "#up"},
				"south": {"uv": [0, 0, 3, 2], "texture": "#up"},
				"west": {"uv": [0, 0, 5, 2], "texture": "#up"},
				"up": {"uv": [0, 0, 5, 3], "rotation": 270, "texture": "#up"},
				"down": {"uv": [0, 0, 5, 3], "rotation": 90, "texture": "#up"}
			}
		},
		{
			"from": [2.75, 1, 10.5],
			"to": [5.75, 3, 15.5],
			"rotation": {"angle": 0, "axis": "y", "origin": [2.5, 1.75, 13]},
			"faces": {
				"north": {"uv": [0, 0, 3, 2], "texture": "#up"},
				"east": {"uv": [0, 0, 5, 2], "texture": "#up"},
				"south": {"uv": [0, 0, 3, 2], "texture": "#up"},
				"west": {"uv": [0, 0, 5, 2], "texture": "#up"},
				"up": {"uv": [0, 0, 5, 3], "rotation": 270, "texture": "#up"},
				"down": {"uv": [0, 0, 5, 3], "rotation": 90, "texture": "#up"}
			}
		},
		{
			"from": [3, 5, 0],
			"to": [4, 6, 4],
			"rotation": {"angle": 0, "axis": "y", "origin": [-3, 5, 0]},
			"faces": {
				"north": {"uv": [5, 5, 6, 6], "texture": "#east"},
				"east": {"uv": [5, 11, 6, 12], "texture": "#east"},
				"south": {"uv": [5, 5, 6, 6], "texture": "#east"},
				"west": {"uv": [5, 11, 6, 12], "texture": "#east"},
				"up": {"uv": [5, 9, 6, 13], "texture": "#east"},
				"down": {"uv": [5, 9, 6, 13], "texture": "#east"}
			}
		},
		{
			"from": [3, 5, 4],
			"to": [4, 6, 8],
			"rotation": {"angle": 0, "axis": "y", "origin": [-3, 5, 4]},
			"faces": {
				"north": {"uv": [5, 5, 6, 6], "texture": "#up"},
				"east": {"uv": [5, 11, 6, 12], "texture": "#up"},
				"south": {"uv": [5, 5, 6, 6], "texture": "#up"},
				"west": {"uv": [5, 11, 6, 12], "texture": "#up"},
				"up": {"uv": [5, 9, 6, 13], "texture": "#up"},
				"down": {"uv": [5, 9, 6, 13], "texture": "#up"}
			}
		},
		{
			"from": [6, 5, 4],
			"to": [7, 6, 8],
			"rotation": {"angle": 0, "axis": "y", "origin": [0, 5, 4]},
			"faces": {
				"north": {"uv": [5, 5, 6, 6], "texture": "#up"},
				"east": {"uv": [5, 11, 6, 12], "texture": "#up"},
				"south": {"uv": [5, 5, 6, 6], "texture": "#up"},
				"west": {"uv": [5, 11, 6, 12], "texture": "#up"},
				"up": {"uv": [5, 9, 6, 13], "texture": "#up"},
				"down": {"uv": [5, 9, 6, 13], "texture": "#up"}
			}
		},
		{
			"from": [6, 5, 0],
			"to": [7, 6, 4],
			"rotation": {"angle": 0, "axis": "y", "origin": [0, 5, 0]},
			"faces": {
				"north": {"uv": [5, 5, 6, 6], "texture": "#east"},
				"east": {"uv": [5, 11, 6, 12], "texture": "#east"},
				"south": {"uv": [5, 5, 6, 6], "texture": "#east"},
				"west": {"uv": [5, 11, 6, 12], "texture": "#east"},
				"up": {"uv": [5, 9, 6, 13], "texture": "#east"},
				"down": {"uv": [5, 9, 6, 13], "texture": "#east"}
			}
		},
		{
			"from": [12, 5, 4],
			"to": [13, 6, 8],
			"rotation": {"angle": 0, "axis": "y", "origin": [6, 5, 4]},
			"faces": {
				"north": {"uv": [5, 5, 6, 6], "texture": "#up"},
				"east": {"uv": [5, 11, 6, 12], "texture": "#up"},
				"south": {"uv": [5, 5, 6, 6], "texture": "#up"},
				"west": {"uv": [5, 11, 6, 12], "texture": "#up"},
				"up": {"uv": [5, 9, 6, 13], "texture": "#up"},
				"down": {"uv": [5, 9, 6, 13], "texture": "#up"}
			}
		},
		{
			"from": [12, 5, 0],
			"to": [13, 6, 4],
			"rotation": {"angle": 0, "axis": "y", "origin": [6, 5, 0]},
			"faces": {
				"north": {"uv": [5, 5, 6, 6], "texture": "#east"},
				"east": {"uv": [5, 11, 6, 12], "texture": "#east"},
				"south": {"uv": [5, 5, 6, 6], "texture": "#east"},
				"west": {"uv": [5, 11, 6, 12], "texture": "#east"},
				"up": {"uv": [5, 9, 6, 13], "texture": "#east"},
				"down": {"uv": [5, 9, 6, 13], "texture": "#east"}
			}
		},
		{
			"from": [12, 5, 12],
			"to": [13, 6, 16],
			"rotation": {"angle": 0, "axis": "y", "origin": [6, 5, 12]},
			"faces": {
				"north": {"uv": [5, 5, 6, 6], "texture": "#up"},
				"east": {"uv": [5, 11, 6, 12], "texture": "#up"},
				"south": {"uv": [5, 5, 6, 6], "texture": "#up"},
				"west": {"uv": [5, 11, 6, 12], "texture": "#up"},
				"up": {"uv": [5, 9, 6, 13], "texture": "#up"},
				"down": {"uv": [5, 9, 6, 13], "texture": "#up"}
			}
		},
		{
			"from": [12, 5, 8],
			"to": [13, 6, 12],
			"rotation": {"angle": 0, "axis": "y", "origin": [6, 5, 8]},
			"faces": {
				"north": {"uv": [5, 5, 6, 6], "texture": "#east"},
				"east": {"uv": [5, 11, 6, 12], "texture": "#east"},
				"south": {"uv": [5, 5, 6, 6], "texture": "#east"},
				"west": {"uv": [5, 11, 6, 12], "texture": "#east"},
				"up": {"uv": [5, 9, 6, 13], "texture": "#east"},
				"down": {"uv": [5, 9, 6, 13], "texture": "#east"}
			}
		},
		{
			"from": [6, 5, 8],
			"to": [7, 6, 12],
			"rotation": {"angle": 0, "axis": "y", "origin": [0, 5, 8]},
			"faces": {
				"north": {"uv": [5, 5, 6, 6], "texture": "#east"},
				"east": {"uv": [5, 11, 6, 12], "texture": "#east"},
				"south": {"uv": [5, 5, 6, 6], "texture": "#east"},
				"west": {"uv": [5, 11, 6, 12], "texture": "#east"},
				"up": {"uv": [5, 9, 6, 13], "texture": "#east"},
				"down": {"uv": [5, 9, 6, 13], "texture": "#east"}
			}
		},
		{
			"from": [6, 5, 12],
			"to": [7, 6, 16],
			"rotation": {"angle": 0, "axis": "y", "origin": [0, 5, 12]},
			"faces": {
				"north": {"uv": [5, 5, 6, 6], "texture": "#up"},
				"east": {"uv": [5, 11, 6, 12], "texture": "#up"},
				"south": {"uv": [5, 5, 6, 6], "texture": "#up"},
				"west": {"uv": [5, 11, 6, 12], "texture": "#up"},
				"up": {"uv": [5, 9, 6, 13], "texture": "#up"},
				"down": {"uv": [5, 9, 6, 13], "texture": "#up"}
			}
		}
	]
}