{
	"feature": "terralith:coastal/magma",
	"placement": [
		{
			"type": "minecraft:count",
			"count": {
				"type": "minecraft:weighted_list",
				"distribution": [
					{
						"weight": 50,
						"data": 4
					},
					{
						"weight": 50,
						"data": 4
					}
				]
			}
		},
		{
			"type": "minecraft:in_square"
		},
		{
			"type": "minecraft:noise_based_count",
			"noise_to_count_ratio": 1,
			"noise_factor": 175,
			"noise_offset": 1
		},
		{
			"type": "heightmap",
			"heightmap": "WORLD_SURFACE_WG"
		}
	]
}
