{
	"credit": "Made with Blockbench",
	"textures": {
		"7": "block/cake_inner_side_2",
		"8": "block/cake_top_blank_bottom",
		"9": "block/cake_inner_side_3",
		"bottom": "block/cake_bottom",
		"particle": "block/cake_side",
		"side": "block/cake_side"
	},
	"elements": [
		{
			"from": [8, 0, 1],
			"to": [15, 7, 8],
			"faces": {
				"north": {"uv": [1, 9, 8, 16], "texture": "#side"},
				"east": {"uv": [8, 9, 15, 16], "texture": "#side"},
				"south": {"uv": [8, 9, 15, 16], "texture": "#9"},
				"west": {"uv": [1, 9, 8, 16], "texture": "#7"},
				"up": {"uv": [8, 8, 15, 15], "rotation": 270, "texture": "#8"},
				"down": {"uv": [8, 1, 15, 8], "rotation": 90, "texture": "#bottom", "cullface": "down"}
			}
		},
		{
			"from": [3.75, 0, 9.25],
			"to": [4.5, 0.5, 10],
			"faces": {
				"north": {"uv": [1, 15, 2, 16], "texture": "#9"},
				"east": {"uv": [1, 15, 2, 16], "texture": "#9"},
				"south": {"uv": [1, 15, 2, 16], "texture": "#9"},
				"west": {"uv": [1, 15, 2, 16], "texture": "#9"},
				"up": {"uv": [1, 15, 2, 16], "rotation": 270, "texture": "#9"},
				"down": {"uv": [1, 15, 2, 16], "rotation": 90, "texture": "#9", "cullface": "down"}
			}
		},
		{
			"from": [-0.75, 0, 14],
			"to": [0, 0.5, 14.75],
			"rotation": {"angle": 45, "axis": "y", "origin": [0, 0, 0]},
			"faces": {
				"north": {"uv": [3, 14, 4, 15], "texture": "#9"},
				"east": {"uv": [1, 12, 2, 13], "texture": "#9"},
				"south": {"uv": [1, 12, 2, 13], "texture": "#9"},
				"west": {"uv": [1, 12, 2, 13], "texture": "#9"},
				"up": {"uv": [1, 12, 2, 13], "rotation": 270, "texture": "#9"},
				"down": {"uv": [1, 12, 2, 13], "rotation": 90, "texture": "#9", "cullface": "down"}
			}
		},
		{
			"from": [6.25, 0, 16],
			"to": [7, 0.5, 16.75],
			"rotation": {"angle": 22.5, "axis": "y", "origin": [0, 0, 0]},
			"faces": {
				"north": {"uv": [2, 12, 3, 13], "texture": "#9"},
				"east": {"uv": [2, 12, 3, 13], "texture": "#9"},
				"south": {"uv": [2, 12, 3, 13], "texture": "#9"},
				"west": {"uv": [2, 12, 3, 13], "texture": "#9"},
				"up": {"uv": [2, 12, 3, 13], "rotation": 270, "texture": "#9"},
				"down": {"uv": [2, 12, 3, 13], "rotation": 90, "texture": "#9", "cullface": "down"}
			}
		},
		{
			"from": [1.25, 0, 14.25],
			"to": [2, 0.5, 15],
			"rotation": {"angle": 22.5, "axis": "y", "origin": [0, 0, 0]},
			"faces": {
				"north": {"uv": [3, 14, 4, 15], "texture": "#9"},
				"east": {"uv": [3, 14, 4, 15], "texture": "#9"},
				"south": {"uv": [3, 14, 4, 15], "texture": "#9"},
				"west": {"uv": [3, 14, 4, 15], "texture": "#9"},
				"up": {"uv": [3, 14, 4, 15], "texture": "#9"},
				"down": {"uv": [3, 14, 4, 15], "texture": "#9", "cullface": "down"}
			}
		},
		{
			"from": [-0.75, 0, 8],
			"to": [0, 0.5, 8.75],
			"rotation": {"angle": 45, "axis": "y", "origin": [0, 0, 0]},
			"faces": {
				"north": {"uv": [3, 14, 4, 15], "texture": "#9"},
				"east": {"uv": [3, 14, 4, 15], "texture": "#9"},
				"south": {"uv": [3, 14, 4, 15], "texture": "#9"},
				"west": {"uv": [3, 14, 4, 15], "texture": "#9"},
				"up": {"uv": [3, 14, 4, 15], "rotation": 270, "texture": "#9"},
				"down": {"uv": [3, 14, 4, 15], "rotation": 90, "texture": "#9", "cullface": "down"}
			}
		},
		{
			"from": [10, 0, 6],
			"to": [10.5, 0.25, 6.5],
			"rotation": {"angle": -22.5, "axis": "y", "origin": [0, 0, 0]},
			"faces": {
				"north": {"uv": [5, 15, 6, 16], "texture": "#9"},
				"east": {"uv": [5, 15, 6, 16], "texture": "#9"},
				"south": {"uv": [5, 15, 6, 16], "texture": "#9"},
				"west": {"uv": [5, 15, 6, 16], "texture": "#9"},
				"up": {"uv": [5, 15, 6, 16], "rotation": 180, "texture": "#9"},
				"down": {"uv": [5, 15, 6, 16], "rotation": 180, "texture": "#9", "cullface": "down"}
			}
		}
	],
	"groups": [
		0,
		1,
		2,
		3,
		4,
		5,
		6,
		{
			"name": "cake_slice4",
			"origin": [8, 8, 8],
			"color": 0,
			"children": [
				{
					"name": "cake_slice5",
					"origin": [8, 8, 8],
					"color": 0,
					"children": []
				}
			]
		}
	]
}