{
  "placement": {
    "type": "minecraft:random_spread",
    "salt": 12389132,
    "separation": 8,
    "spacing": 22
  },
  "structures": [
    {
      "structure": "minecraft:ruined_guardian_mossy",
      "weight": 1
    },
    {
      "structure": "minecraft:ruined_guardian_sandy",
      "weight": 1
    },
    {
      "structure": "minecraft:ruined_guardian_red_sandy",
      "weight": 1
    },
    {
      "structure": "minecraft:ruined_guardian_muddy",
      "weight": 1
    },
    {
      "structure": "minecraft:ruined_guardian_snowy",
      "weight": 1
    },
    {
      "structure": "minecraft:ruined_guardian_sculk",
      "weight": 1
    }
  ]
}