{
    "type": "minecraft:add",
    "argument1": {
        "type": "minecraft:mul",
        "argument1": {
            "type": "minecraft:mul",
            "argument1": {
                "type": "minecraft:mul",
                "argument1": {
                    "type": "minecraft:spline",
                    "spline": {
                        "coordinate": {
                            "type": "minecraft:interpolated",
                            "argument": "tectonic:overworld/noise/continents"
                        },
                        "points": [
                            {
                                "location": -0.3,
                                "derivative": 0,
                                "value": 0
                            },
                            {
                                "location": -0.19,
                                "derivative": 0,
                                "value": 1
                            },
                            {
                                "location": -0.13,
                                "derivative": 0,
                                "value": 0
                            }
                        ]
                    }
                },
                "argument2": {
                    "type": "minecraft:spline",
                    "spline": {
                        "coordinate": {
                            "type": "minecraft:interpolated",
                            "argument": "tectonic:overworld/noise/erosion_folded"
                        },
                        "points": [
                            {
                                "location": 0,
                                "derivative": 0,
                                "value": 1
                            },
                            {
                                "location": 0.25,
                                "derivative": 0,
                                "value": 0
                            }
                        ]
                    }
                }
            },
            "argument2": {
                "type": "minecraft:mul",
                "argument1": {
                    "type": "minecraft:spline",
                    "spline": {
                        "coordinate": {
                            "type": "minecraft:add",
                            "argument1": "minecraft:y",
                            "argument2": {
                                "type": "minecraft:mul",
                                "argument1": {
                                    "type": "minecraft:add",
                                    "argument1": {
                                        "type": "minecraft:noise",
                                        "noise": "tectonic:offset_noise_1",
                                        "xz_scale": 0.5,
                                        "y_scale": 0
                                    },
                                    "argument2": {
                                        "type": "minecraft:noise",
                                        "noise": "tectonic:offset_noise_2",
                                        "xz_scale": 0.5,
                                        "y_scale": 0
                                    }
                                },
                                "argument2": 2
                            }
                        },
                        "points": [
                            {
                                "location": 32,
                                "derivative": 0,
                                "value": 0
                            },
                            {
                                "location": 68,
                                "derivative": 0,
                                "value": 1
                            },
                            {
                                "location": 106,
                                "derivative": 0,
                                "value": 0
                            }
                        ]
                    }
                },
                "argument2": {
                    "type": "minecraft:spline",
                    "spline": {
                        "coordinate": {
                            "type": "minecraft:interpolated",
                            "argument": "minecraft:overworld/ridges"
                        },
                        "points": [
                            {
                                "location": -0.02,
                                "derivative": 0,
                                "value": 1
                            },
                            {
                                "location": 0.02,
                                "derivative": 0,
                                "value": 0
                            }
                        ]
                    }
                }
            }
        },
        "argument2": -2
    },
    "argument2": 0.175
}