{
	"credit": "Made with Blockbench",
	"parent": "minecraft:block/orientable",
	"textures": {
		"0": "block/craft",
		"1": "block/craft2",
		"2": "block/oak_planks",
		"3": "block/stripped_dark_oak_log",
		"4": "block/stripped_oak_log",
		"particle": "block/craft"
	},
	"elements": [
		{
			"from": [2, 7.5, 5],
			"to": [5, 9.5, 7],
			"rotation": {"angle": 0, "axis": "x", "origin": [7.5, 10.25, 2]},
			"faces": {
				"north": {"uv": [2, 9, 5, 11], "rotation": 180, "texture": "#0"},
				"east": {"uv": [3, 9, 5, 11], "rotation": 90, "texture": "#0"},
				"south": {"uv": [2, 9, 5, 11], "texture": "#0"},
				"west": {"uv": [2, 9, 4, 11], "rotation": 270, "texture": "#0"},
				"up": {"uv": [2, 9, 5, 11], "texture": "#0"},
				"down": {"uv": [2, 9, 5, 11], "rotation": 180, "texture": "#0"}
			}
		},
		{
			"from": [3, 8, 2],
			"to": [4, 9, 5],
			"rotation": {"angle": 0, "axis": "x", "origin": [7.5, 10.25, 2]},
			"faces": {
				"north": {"uv": [0, 0, 1, 1], "rotation": 180, "texture": "#0"},
				"east": {"uv": [3, 5, 4, 8], "rotation": 90, "texture": "#0"},
				"south": {"uv": [3, 8, 4, 9], "texture": "#0"},
				"west": {"uv": [3, 6, 4, 9], "rotation": 270, "texture": "#0"},
				"up": {"uv": [3, 5, 4, 8], "texture": "#0"},
				"down": {"uv": [3, 5, 4, 8], "rotation": 180, "texture": "#0"}
			}
		},
		{
			"from": [11, 8, 2],
			"to": [12, 9, 5],
			"rotation": {"angle": 0, "axis": "x", "origin": [7.5, 10.25, 2]},
			"faces": {
				"north": {"uv": [0, 0, 1, 1], "rotation": 180, "texture": "#0"},
				"east": {"uv": [3, 5, 4, 8], "rotation": 90, "texture": "#0"},
				"south": {"uv": [3, 8, 4, 9], "texture": "#0"},
				"west": {"uv": [3, 6, 4, 9], "rotation": 270, "texture": "#0"},
				"up": {"uv": [3, 5, 4, 8], "texture": "#0"},
				"down": {"uv": [3, 5, 4, 8], "rotation": 180, "texture": "#0"}
			}
		},
		{
			"from": [9, 8, 2],
			"to": [10, 9, 5],
			"rotation": {"angle": 0, "axis": "x", "origin": [7.5, 10.25, 2]},
			"faces": {
				"north": {"uv": [0, 0, 1, 1], "rotation": 180, "texture": "#0"},
				"east": {"uv": [3, 5, 4, 8], "rotation": 90, "texture": "#0"},
				"south": {"uv": [3, 8, 4, 9], "texture": "#0"},
				"west": {"uv": [3, 6, 4, 9], "rotation": 270, "texture": "#0"},
				"up": {"uv": [3, 5, 4, 8], "texture": "#0"},
				"down": {"uv": [3, 5, 4, 8], "rotation": 180, "texture": "#0"}
			}
		},
		{
			"from": [0, 0, 0],
			"to": [16, 1, 16],
			"faces": {
				"north": {"uv": [0, 0, 16, 1], "texture": "#4"},
				"east": {"uv": [0, 0, 16, 1], "texture": "#4"},
				"south": {"uv": [0, 15, 16, 16], "texture": "#4"},
				"west": {"uv": [0, 0, 16, 1], "texture": "#4"},
				"up": {"uv": [0, 0, 16, 16], "texture": "#4"},
				"down": {"uv": [0, 0, 16, 16], "texture": "#2"}
			}
		},
		{
			"from": [3, 5, -0.5],
			"to": [11, 6, 0.5],
			"faces": {
				"north": {"uv": [0, 0, 8, 1], "texture": "#4"},
				"east": {"uv": [0, 0, 1, 1], "texture": "#4"},
				"south": {"uv": [0, 0, 8, 1], "texture": "#4"},
				"west": {"uv": [0, 0, 1, 1], "texture": "#4"},
				"up": {"uv": [0, 0, 8, 1], "texture": "#4"},
				"down": {"uv": [0, 0, 8, 1], "texture": "#4"}
			}
		},
		{
			"from": [0, 13, 0],
			"to": [16, 16, 16],
			"faces": {
				"north": {"uv": [0, 0, 16, 3], "texture": "#0"},
				"east": {"uv": [0, 0, 16, 3], "texture": "#0"},
				"south": {"uv": [0, 0, 16, 3], "texture": "#0"},
				"west": {"uv": [0, 0, 16, 3], "texture": "#0"},
				"up": {"uv": [0, 0, 16, 16], "texture": "#1"},
				"down": {"uv": [0, 0, 16, 16], "texture": "#2"}
			}
		},
		{
			"from": [0, 1, 0],
			"to": [1, 13, 16],
			"faces": {
				"north": {"uv": [0, 0, 1, 12], "texture": "#4"},
				"east": {"uv": [0, 0, 16, 12], "texture": "#3"},
				"south": {"uv": [0, 3, 1, 15], "texture": "#4"},
				"west": {"uv": [0, 0, 16, 12], "texture": "#4"},
				"up": {"uv": [0, 0, 1, 16], "texture": "#4"},
				"down": {"uv": [0, 0, 1, 16], "texture": "#4"}
			}
		},
		{
			"from": [13, 1, 0],
			"to": [14, 13, 16],
			"faces": {
				"north": {"uv": [0, 0, 1, 12], "texture": "#4"},
				"east": {"uv": [0, 0, 16, 12], "texture": "#3"},
				"south": {"uv": [13, 3, 14, 15], "texture": "#4"},
				"west": {"uv": [0, 0, 16, 12], "texture": "#3"},
				"up": {"uv": [0, 0, 1, 16], "texture": "#4"},
				"down": {"uv": [0, 0, 1, 16], "texture": "#4"}
			}
		},
		{
			"from": [1, 1, 15],
			"to": [13, 13, 16],
			"faces": {
				"north": {"uv": [0, 0, 12, 12], "texture": "#3"},
				"east": {"uv": [0, 0, 1, 12], "texture": "#4"},
				"south": {"uv": [1, 3, 13, 15], "texture": "#4"},
				"west": {"uv": [0, 0, 1, 12], "texture": "#4"},
				"up": {"uv": [0, 0, 12, 1], "texture": "#4"},
				"down": {"uv": [0, 0, 12, 1], "texture": "#4"}
			}
		},
		{
			"from": [14, 1, 15],
			"to": [16, 13, 16],
			"faces": {
				"north": {"uv": [0, 0, 2, 12], "texture": "#4"},
				"east": {"uv": [0, 0, 1, 12], "texture": "#4"},
				"south": {"uv": [14, 3, 16, 15], "texture": "#4"},
				"west": {"uv": [0, 0, 1, 12], "texture": "#4"},
				"up": {"uv": [0, 0, 2, 1], "texture": "#4"},
				"down": {"uv": [0, 0, 2, 1], "texture": "#4"}
			}
		},
		{
			"from": [14, 1, 0],
			"to": [16, 13, 1],
			"faces": {
				"north": {"uv": [0, 0, 2, 12], "texture": "#4"},
				"east": {"uv": [0, 0, 1, 12], "texture": "#4"},
				"south": {"uv": [0, 0, 2, 12], "texture": "#4"},
				"west": {"uv": [0, 0, 1, 12], "texture": "#4"},
				"up": {"uv": [0, 0, 2, 1], "texture": "#4"},
				"down": {"uv": [0, 0, 2, 1], "texture": "#4"}
			}
		},
		{
			"from": [1, 1, 0],
			"to": [13, 7, 1],
			"faces": {
				"north": {"uv": [0, 0, 12, 6], "texture": "#3"},
				"east": {"uv": [0, 0, 1, 6], "texture": "#3"},
				"south": {"uv": [0, 0, 12, 6], "texture": "#3"},
				"west": {"uv": [0, 0, 1, 6], "texture": "#3"},
				"up": {"uv": [0, 0, 12, 1], "texture": "#3"},
				"down": {"uv": [0, 0, 12, 1], "texture": "#3"}
			}
		},
		{
			"from": [1, 7, 0],
			"to": [13, 8, 15],
			"faces": {
				"north": {"uv": [0, 0, 12, 1], "texture": "#4"},
				"east": {"uv": [0, 0, 15, 1], "texture": "#4"},
				"south": {"uv": [0, 0, 12, 1], "texture": "#4"},
				"west": {"uv": [0, 0, 15, 1], "texture": "#4"},
				"up": {"uv": [0, 0, 12, 15], "texture": "#4"},
				"down": {"uv": [0, 0, 12, 15], "texture": "#4"}
			}
		},
		{
			"from": [11, 8, 6],
			"to": [12, 9, 8],
			"faces": {
				"north": {"uv": [6, 10, 7, 11], "texture": "#0"},
				"east": {"uv": [12, 7, 14, 8], "texture": "#0"},
				"south": {"uv": [6, 10, 7, 11], "texture": "#0"},
				"west": {"uv": [12, 7, 14, 8], "texture": "#0"},
				"up": {"uv": [6, 10, 7, 12], "texture": "#0"},
				"down": {"uv": [6, 10, 7, 12], "texture": "#0"}
			}
		},
		{
			"from": [9, 8, 6],
			"to": [10, 9, 8],
			"faces": {
				"north": {"uv": [6, 10, 7, 11], "texture": "#0"},
				"east": {"uv": [12, 7, 14, 8], "texture": "#0"},
				"south": {"uv": [6, 10, 7, 11], "texture": "#0"},
				"west": {"uv": [12, 7, 14, 8], "texture": "#0"},
				"up": {"uv": [6, 10, 7, 12], "texture": "#0"},
				"down": {"uv": [6, 10, 7, 12], "texture": "#0"}
			}
		},
		{
			"from": [10, 8, 4],
			"to": [11, 9, 6],
			"faces": {
				"north": {"uv": [6, 10, 7, 11], "texture": "#0"},
				"east": {"uv": [12, 7, 14, 8], "texture": "#0"},
				"south": {"uv": [6, 10, 7, 11], "texture": "#0"},
				"west": {"uv": [12, 7, 14, 8], "texture": "#0"},
				"up": {"uv": [6, 10, 7, 12], "texture": "#0"},
				"down": {"uv": [6, 10, 7, 12], "texture": "#0"}
			}
		},
		{
			"from": [14, 9, 4],
			"to": [15, 10, 7],
			"faces": {
				"north": {"uv": [11, 3, 12, 4], "texture": "#0"},
				"east": {"uv": [11, 3, 14, 4], "texture": "#0"},
				"south": {"uv": [12, 3, 13, 4], "texture": "#0"},
				"west": {"uv": [11, 5, 14, 6], "texture": "#0"},
				"up": {"uv": [13, 3, 14, 6], "texture": "#0"},
				"down": {"uv": [11, 3, 12, 6], "texture": "#0"}
			}
		},
		{
			"from": [14, 10, 6],
			"to": [15, 11, 7],
			"faces": {
				"north": {"uv": [11, 5, 12, 6], "texture": "#0"},
				"east": {"uv": [11, 5, 12, 6], "texture": "#0"},
				"south": {"uv": [11, 5, 12, 6], "texture": "#0"},
				"west": {"uv": [11, 5, 12, 6], "texture": "#0"},
				"up": {"uv": [11, 5, 12, 6], "texture": "#0"},
				"down": {"uv": [11, 5, 12, 6], "texture": "#0"}
			}
		},
		{
			"from": [14, 10, 4],
			"to": [15, 11, 5],
			"faces": {
				"north": {"uv": [11, 5, 12, 6], "texture": "#0"},
				"east": {"uv": [11, 5, 12, 6], "texture": "#0"},
				"south": {"uv": [11, 5, 12, 6], "texture": "#0"},
				"west": {"uv": [11, 5, 12, 6], "texture": "#0"},
				"up": {"uv": [11, 5, 12, 6], "texture": "#0"},
				"down": {"uv": [11, 5, 12, 6], "texture": "#0"}
			}
		},
		{
			"from": [14, 11, 4],
			"to": [15, 12, 7],
			"faces": {
				"north": {"uv": [11, 3, 12, 4], "texture": "#0"},
				"east": {"uv": [11, 3, 14, 4], "texture": "#0"},
				"south": {"uv": [12, 3, 13, 4], "texture": "#0"},
				"west": {"uv": [11, 5, 14, 6], "texture": "#0"},
				"up": {"uv": [13, 3, 14, 6], "texture": "#0"},
				"down": {"uv": [11, 3, 12, 6], "texture": "#0"}
			}
		},
		{
			"from": [14, 2, 4],
			"to": [15, 9, 5],
			"faces": {
				"north": {"uv": [13, 6, 14, 13], "texture": "#0"},
				"east": {"uv": [13, 6, 14, 13], "texture": "#0"},
				"south": {"uv": [13, 6, 14, 13], "texture": "#0"},
				"west": {"uv": [13, 6, 14, 13], "texture": "#0"},
				"up": {"uv": [13, 7, 14, 8], "texture": "#0"},
				"down": {"uv": [13, 7, 14, 8], "texture": "#0"}
			}
		},
		{
			"from": [14, 4, 5],
			"to": [15, 9, 6],
			"faces": {
				"north": {"uv": [12, 6, 13, 11], "texture": "#0"},
				"east": {"uv": [12, 6, 13, 11], "texture": "#0"},
				"south": {"uv": [12, 6, 13, 11], "texture": "#0"},
				"west": {"uv": [12, 6, 13, 11], "texture": "#0"},
				"up": {"uv": [0, 0, 1, 1], "texture": "#0"},
				"down": {"uv": [0, 0, 1, 1], "texture": "#0"}
			}
		},
		{
			"from": [14, 6, 6],
			"to": [15, 9, 7],
			"faces": {
				"north": {"uv": [11, 6, 12, 9], "texture": "#0"},
				"east": {"uv": [11, 6, 12, 9], "texture": "#0"},
				"south": {"uv": [11, 6, 12, 9], "texture": "#0"},
				"west": {"uv": [11, 6, 12, 9], "texture": "#0"},
				"up": {"uv": [11, 6, 12, 7], "texture": "#0"},
				"down": {"uv": [11, 6, 12, 7], "texture": "#0"}
			}
		},
		{
			"from": [14, 10, 5],
			"to": [16, 13, 6],
			"faces": {
				"north": {"uv": [0, 0, 2, 3], "texture": "#2"},
				"east": {"uv": [0, 0, 1, 3], "texture": "#2"},
				"south": {"uv": [0, 0, 2, 3], "texture": "#2"},
				"west": {"uv": [0, 0, 1, 3], "texture": "#2"},
				"up": {"uv": [0, 0, 2, 1], "texture": "#2"},
				"down": {"uv": [0, 0, 2, 1], "texture": "#2"}
			}
		},
		{
			"from": [14, 10, 12],
			"to": [16, 13, 13],
			"faces": {
				"north": {"uv": [0, 0, 2, 3], "texture": "#2"},
				"east": {"uv": [0, 0, 1, 3], "texture": "#2"},
				"south": {"uv": [0, 0, 2, 3], "texture": "#2"},
				"west": {"uv": [0, 0, 1, 3], "texture": "#2"},
				"up": {"uv": [0, 0, 2, 1], "texture": "#2"},
				"down": {"uv": [0, 0, 2, 1], "texture": "#2"}
			}
		},
		{
			"from": [14, 10, 9],
			"to": [16, 13, 10],
			"faces": {
				"north": {"uv": [0, 0, 2, 3], "texture": "#2"},
				"east": {"uv": [0, 0, 1, 3], "texture": "#2"},
				"south": {"uv": [0, 0, 2, 3], "texture": "#2"},
				"west": {"uv": [0, 0, 1, 3], "texture": "#2"},
				"up": {"uv": [0, 0, 2, 1], "texture": "#2"},
				"down": {"uv": [0, 0, 2, 1], "texture": "#2"}
			}
		}
	]
}