{
	"feature": "terralith:jungle/violet/calcite_cliff",
	"placement": [
		{
			"type": "minecraft:count",
			"count": {
				"type": "minecraft:weighted_list",
				"distribution": [
					{
						"weight": 90,
						"data": 0
					},
					{
						"weight": 10,
						"data": 0
					}
				]
			}
		},
		{
			"type": "minecraft:in_square"
		},
		{
			"type": "heightmap",
			"heightmap": "WORLD_SURFACE_WG"
		},
		{
			"type": "minecraft:count",
			"count": 20
		},
		{
			"type": "minecraft:count",
			"count": 50
		},
		{
			"type": "minecraft:count",
			"count": 70
		},
		{
			"type": "minecraft:random_offset",
			"xz_spread": {
				"type": "minecraft:uniform",
				"value": {
					"min_inclusive": -4,
					"max_inclusive": 4
				}
			},
			"y_spread": {
				"type": "minecraft:uniform",
				"value": {
					"min_inclusive": 0,
					"max_inclusive": 16
				}
			}
		},
		{
			"type": "minecraft:block_predicate_filter",
			"predicate": {
				"type": "minecraft:all_of",
				"predicates": [
					{
						"type": "minecraft:any_of",
						"predicates": [
							{
								"type": "minecraft:matching_blocks",
								"offset": [
									1,
									0,
									0
								],
								"blocks": [
									"minecraft:calcite"
								]
							},
							{
								"type": "minecraft:matching_blocks",
								"offset": [
									-1,
									0,
									0
								],
								"blocks": [
									"minecraft:calcite"
								]
							},
							{
								"type": "minecraft:matching_blocks",
								"offset": [
									0,
									0,
									1
								],
								"blocks": [
									"minecraft:calcite"
								]
							},
							{
								"type": "minecraft:matching_blocks",
								"offset": [
									0,
									0,
									-1
								],
								"blocks": [
									"minecraft:calcite"
								]
							}
						]
					},
					{
						"type": "minecraft:any_of",
						"predicates": [
							{
								"type": "minecraft:matching_blocks",
								"offset": [
									1,
									-1,
									0
								],
								"blocks": [
									"minecraft:calcite"
								]
							},
							{
								"type": "minecraft:matching_blocks",
								"offset": [
									-1,
									-1,
									0
								],
								"blocks": [
									"minecraft:calcite"
								]
							},
							{
								"type": "minecraft:matching_blocks",
								"offset": [
									0,
									-1,
									1
								],
								"blocks": [
									"minecraft:calcite"
								]
							},
							{
								"type": "minecraft:matching_blocks",
								"offset": [
									0,
									-1,
									-1
								],
								"blocks": [
									"minecraft:calcite"
								]
							}
						]
					},
					{
						"type": "minecraft:any_of",
						"predicates": [
							{
								"type": "minecraft:matching_blocks",
								"offset": [
									1,
									-2,
									1
								],
								"blocks": [
									"minecraft:calcite"
								]
							},
							{
								"type": "minecraft:matching_blocks",
								"offset": [
									-1,
									-2,
									-1
								],
								"blocks": [
									"minecraft:calcite"
								]
							},
							{
								"type": "minecraft:matching_blocks",
								"offset": [
									-1,
									-2,
									1
								],
								"blocks": [
									"minecraft:calcite"
								]
							},
							{
								"type": "minecraft:matching_blocks",
								"offset": [
									1,
									-2,
									-1
								],
								"blocks": [
									"minecraft:calcite"
								]
							}
						]
					}
				]
			}
		}
	]
}
