{
  "feature": {
    "type": "minecraft:random_selector",
    "config": {
      "features": [],
      "default": "minecraft:jungle_bush"
    }
  },
  "placement": [
    {
      "type": "minecraft:count",
      "count": {
        "type": "minecraft:biased_to_bottom",
        "value": {
          "min_inclusive": 8,
          "max_inclusive": 16
        }
      }
    },
    {
      "type": "minecraft:in_square"
    },
    {
      "type": "minecraft:surface_water_depth_filter",
      "max_water_depth": 0
    },
    {
      "type": "minecraft:heightmap",
      "heightmap": "OCEAN_FLOOR"
    },
    {
      "type": "minecraft:biome"
    }
  ]
}