{
  "feature": {
    "type": "minecraft:random_selector",
    "config": {
      "features": [
      ],
      "default": {
        "feature": "geophilic:block_patches/podzol_large_patch",
        "placement": []
      }
    }
  },
  "placement": [
    {
      "type": "minecraft:count",
      "count": {
        "type": "minecraft:weighted_list",
        "distribution": [
          {
            "weight": 9,
            "data": {
              "type": "minecraft:biased_to_bottom",
              "value": {
                "min_inclusive": 0,
                "max_inclusive": 0
              }
            }
          },
          {
            "weight": 3,
            "data": {
              "type": "minecraft:biased_to_bottom",
              "value": {
                "min_inclusive": 1,
                "max_inclusive": 2
              }
            }
          },
          {
            "weight": 1,
            "data": {
              "type": "minecraft:biased_to_bottom",
              "value": {
                "min_inclusive": 2,
                "max_inclusive": 4
              }
            }
          }
        ]
      }
    },
    {
      "type": "minecraft:in_square"
    },
    {
      "type": "minecraft:heightmap",
      "heightmap": "OCEAN_FLOOR"
    },
    {
      "type": "minecraft:biome"
    }
  ]
}
