{
  "feature": {
    "type": "minecraft:random_selector",
    "config": {
      "features": [
        {
          "chance": 0.15,
          "feature": "minecraft:fancy_oak_checked"
        },
        {
          "chance": 0.7,
          "feature": "minecraft:mega_jungle_tree_checked"
        }
      ],
      "default": "minecraft:jungle_tree"
    }
  },
  "placement": [
    {
      "type": "minecraft:count",
      "count": {
        "type": "minecraft:biased_to_bottom",
        "value": {
          "min_inclusive": 47,
          "max_inclusive": 66
        }
      }
    },
    {
      "type": "minecraft:in_square"
    },
    {
      "type": "minecraft:surface_water_depth_filter",
      "max_water_depth": 0
    },
    {
      "type": "minecraft:heightmap",
      "heightmap": "OCEAN_FLOOR"
    },
    {
      "type": "minecraft:biome"
    }
  ]
}
