{
  "feature": {
    "type": "minecraft:random_selector",
    "config": {
      "features": [
        {
          "chance": 0.1,
          "feature": {
            "feature": "geophilic:trees/oak/trunk",
            "placement": [
              {
                "type": "minecraft:block_predicate_filter",
                "predicate": {
                  "type": "minecraft:would_survive",
                  "state": {
                    "Name": "minecraft:birch_sapling",
                    "Properties": {
                      "stage": "0"
                    }
                  }
                }
              }
            ]
          }
        },
        {
          "chance": 0.2,
          "feature": {
            "feature": "geophilic:trees/oak/fallen",
            "placement": [
              {
                "type": "minecraft:block_predicate_filter",
                "predicate": {
                  "type": "minecraft:would_survive",
                  "state": {
                    "Name": "minecraft:oak_sapling",
                    "Properties": {
                      "stage": "0"
                    }
                  }
                }
              }
            ]
          }
        },
        {
          "chance": 0.5,
          "feature": {
            "feature": "geophilic:trees/jungle/fallen",
            "placement": [
              {
                "type": "minecraft:block_predicate_filter",
                "predicate": {
                  "type": "minecraft:would_survive",
                  "state": {
                    "Name": "minecraft:jungle_sapling",
                    "Properties": {
                      "stage": "0"
                    }
                  }
                }
              }
            ]
          }
        }
      ],
      "default": {
        "feature": "geophilic:trees/oak/stump",
        "placement": [
          {
            "type": "minecraft:block_predicate_filter",
            "predicate": {
              "type": "minecraft:would_survive",
              "state": {
                "Name": "minecraft:birch_sapling",
                "Properties": {
                  "stage": "0"
                }
              }
            }
          }
        ]
      }
    }
  },
  "placement": [
    {
      "type": "minecraft:count",
      "count": {
        "type": "minecraft:weighted_list",
        "distribution": [
          {
            "weight": 1,
            "data": {
              "type": "minecraft:biased_to_bottom",
              "value": {
                "min_inclusive": 3,
                "max_inclusive": 7
              }
            }
          }
        ]
      }
    },
    {
      "type": "minecraft:rarity_filter",
      "chance": 1
    },
    {
      "type": "minecraft:in_square"
    },
    {
      "type": "minecraft:surface_water_depth_filter",
      "max_water_depth": 0
    },
    {
      "type": "minecraft:heightmap",
      "heightmap": "OCEAN_FLOOR"
    },
    {
      "type": "minecraft:biome"
    },
    {
      "type": "minecraft:block_predicate_filter",
      "predicate": {
        "type": "minecraft:would_survive",
        "state": {
          "Name": "minecraft:birch_sapling",
          "Properties": {
            "stage": "0"
          }
        }
      }
    }
  ]
}
