{
    "feature": "tectonic:common/disk/single/smooth_basalt",
    "placement": [
      {
        "type": "minecraft:count",
        "count": 64
      },
      {
        "type": "minecraft:in_square"
      },
      {
        "type": "minecraft:height_range",
        "height": {
          "absolute": -55
        }
      },
      {
        "type": "minecraft:block_predicate_filter",
        "predicate": {
          "type": "minecraft:all_of",
          "predicates": [
            {
              "type": "minecraft:matching_fluids",
              "fluids": "#minecraft:lava"
            },
            {
              "type": "minecraft:not",
              "predicate": {
                "type": "minecraft:matching_fluids",
                "offset": [
                  0,
                  -1,
                  0
                ],
                "fluids": "#minecraft:lava"
              }
            }
          ]
        }
      }
    ]
  }
  