{
	"credit": "Made with Blockbench",
	"textures": {
		"1": "block/saplings/bonsai_pot_side1",
		"2": "block/saplings/bonsai_pot_top1",
		"3": "block/saplings/bonsai_tree",
		"4": "block/saplings/bonsai_leaves_big",
		"5": "block/saplings/bonsai_leaves_small",
		"particle": "block/saplings/bonsai_leaves_big"
	},
	"elements": [
		{
			"from": [12, 0, 1.6],
			"to": [14.4, 1.6, 4],
			"rotation": {"angle": 0, "axis": "y", "origin": [14.4, 0, 1.6]},
			"faces": {
				"north": {"uv": [16, 13, 13, 15], "texture": "#1"},
				"east": {"uv": [13, 13, 16, 15], "texture": "#1"},
				"south": {"uv": [16, 13, 13, 15], "texture": "#1"},
				"west": {"uv": [13, 13, 16, 15], "texture": "#1"},
				"up": {"uv": [13, 0, 16, 3], "texture": "#1"},
				"down": {"uv": [12, 0, 9, 3], "texture": "#1"}
			}
		},
		{
			"from": [1.6, 3.2, 1.6],
			"to": [14.4, 5.6, 14.4],
			"rotation": {"angle": 0, "axis": "y", "origin": [1.6, 0, 1.6]},
			"faces": {
				"north": {"uv": [0, 8, 16, 11], "texture": "#1"},
				"east": {"uv": [0, 8, 16, 11], "texture": "#1"},
				"south": {"uv": [0, 8, 16, 11], "texture": "#1"},
				"west": {"uv": [0, 8, 16, 11], "texture": "#1"},
				"up": {"uv": [0, 0, 16, 16], "texture": "#2"},
				"down": {"uv": [2, 11, 3, 12], "texture": "#1"}
			}
		},
		{
			"from": [2.4, 1.6, 2.4],
			"to": [13.6, 3.2, 13.6],
			"rotation": {"angle": 0, "axis": "y", "origin": [1.6, 0, 1.6]},
			"faces": {
				"north": {"uv": [1, 11, 15, 13], "texture": "#1"},
				"east": {"uv": [1, 11, 15, 13], "texture": "#1"},
				"south": {"uv": [1, 11, 15, 13], "texture": "#1"},
				"west": {"uv": [1, 11, 15, 13], "texture": "#1"},
				"down": {"uv": [1, 11, 2, 12], "texture": "#1"}
			}
		},
		{
			"from": [1.6, 0, 1.6],
			"to": [4, 1.6, 4],
			"rotation": {"angle": 0, "axis": "y", "origin": [1.6, 0, 1.6]},
			"faces": {
				"north": {"uv": [13, 13, 16, 15], "texture": "#1"},
				"east": {"uv": [16, 13, 13, 15], "texture": "#1"},
				"south": {"uv": [13, 13, 16, 15], "texture": "#1"},
				"west": {"uv": [16, 13, 13, 15], "texture": "#1"},
				"up": {"uv": [16, 0, 13, 3], "texture": "#1"},
				"down": {"uv": [9, 0, 12, 3], "texture": "#1"}
			}
		},
		{
			"from": [12, 0, 12],
			"to": [14.4, 1.6, 14.4],
			"rotation": {"angle": 0, "axis": "y", "origin": [14.4, 0, 14.4]},
			"faces": {
				"north": {"uv": [13, 13, 16, 15], "texture": "#1"},
				"east": {"uv": [16, 13, 13, 15], "texture": "#1"},
				"south": {"uv": [13, 13, 16, 15], "texture": "#1"},
				"west": {"uv": [16, 13, 13, 15], "texture": "#1"},
				"up": {"uv": [13, 3, 16, 0], "texture": "#1"},
				"down": {"uv": [9, 0, 12, 3], "texture": "#1"}
			}
		},
		{
			"from": [1.6, 0, 12],
			"to": [4, 1.6, 14.4],
			"rotation": {"angle": 0, "axis": "y", "origin": [1.6, 0, 14.4]},
			"faces": {
				"north": {"uv": [16, 13, 13, 15], "texture": "#1"},
				"east": {"uv": [13, 13, 16, 15], "texture": "#1"},
				"south": {"uv": [16, 13, 13, 15], "texture": "#1"},
				"west": {"uv": [13, 13, 16, 15], "texture": "#1"},
				"up": {"uv": [16, 3, 13, 0], "texture": "#1"},
				"down": {"uv": [9, 3, 12, 0], "texture": "#1"}
			}
		},
		{
			"from": [8.03399, 5.6, 3.37217],
			"to": [8.03399, 18.4, 9.77217],
			"rotation": {"angle": -45, "axis": "y", "origin": [8.03399, 12, 10.57217]},
			"faces": {
				"east": {"uv": [8, 0, 0, 16], "texture": "#3"},
				"west": {"uv": [0, 0, 8, 16], "texture": "#3"}
			}
		},
		{
			"from": [6.27884, 5.04, 8.1676],
			"to": [6.27884, 16.56, 13.9276],
			"rotation": {"angle": 45, "axis": "y", "origin": [6.27884, 10.8, 11.0476]},
			"faces": {
				"east": {"uv": [8, 0, 16, 16], "texture": "#3"},
				"west": {"uv": [16, 0, 8, 16], "texture": "#3"}
			}
		},
		{
			"from": [5.40587, 8.56, 2.75374],
			"to": [7.56587, 10, 4.91374],
			"rotation": {"angle": -22.5, "axis": "y", "origin": [7.20587, 14.536, 1.96867]},
			"faces": {
				"up": {"uv": [4, 5, 7, 8], "texture": "#5"},
				"down": {"uv": [4, 5, 7, 8], "texture": "#5"}
			}
		},
		{
			"from": [5.40587, 8.56, 2.75374],
			"to": [5.40587, 10.72, 4.91374],
			"rotation": {"angle": -22.5, "axis": "y", "origin": [7.20587, 14.536, 1.96867]},
			"faces": {
				"east": {"uv": [11, 5, 8, 8], "rotation": 90, "texture": "#5"},
				"west": {"uv": [11, 5, 8, 8], "rotation": 90, "texture": "#5"}
			}
		},
		{
			"from": [7.56587, 8.56, 2.75374],
			"to": [7.56587, 10.72, 4.91374],
			"rotation": {"angle": -22.5, "axis": "y", "origin": [7.20587, 14.536, 1.96867]},
			"faces": {
				"east": {"uv": [11, 5, 8, 8], "rotation": 90, "texture": "#5"},
				"west": {"uv": [11, 5, 8, 8], "rotation": 90, "texture": "#5"}
			}
		},
		{
			"from": [5.40587, 8.56, 4.91374],
			"to": [7.56587, 10.72, 4.91374],
			"rotation": {"angle": -22.5, "axis": "y", "origin": [7.20587, 14.536, 1.96867]},
			"faces": {
				"north": {"uv": [4, 12, 7, 9], "texture": "#5"},
				"south": {"uv": [4, 12, 7, 9], "texture": "#5"}
			}
		},
		{
			"from": [5.40587, 8.56, 2.75374],
			"to": [7.56587, 10.72, 2.75374],
			"rotation": {"angle": -22.5, "axis": "y", "origin": [7.20587, 14.536, 1.96867]},
			"faces": {
				"north": {"uv": [4, 12, 7, 9], "texture": "#5"},
				"south": {"uv": [4, 12, 7, 9], "texture": "#5"}
			}
		},
		{
			"from": [2.17575, 12.88, 2.93224],
			"to": [2.17575, 15.76, 7.25224],
			"rotation": {"angle": 45, "axis": "y", "origin": [4.33561, 13.96, 4.37253]},
			"faces": {
				"east": {"uv": [10, 0, 4, 4], "texture": "#4"},
				"west": {"uv": [4, 0, 10, 4], "texture": "#4"}
			}
		},
		{
			"from": [6.49503, 12.88, 2.93224],
			"to": [6.49503, 15.76, 7.25224],
			"rotation": {"angle": 45, "axis": "y", "origin": [4.33561, 13.96, 4.37253]},
			"faces": {
				"east": {"uv": [10, 16, 4, 12], "texture": "#4"},
				"west": {"uv": [4, 16, 10, 12], "texture": "#4"}
			}
		},
		{
			"from": [2.17575, 12.88, 2.93224],
			"to": [6.49575, 14.32, 7.25224],
			"rotation": {"angle": 45, "axis": "y", "origin": [4.33561, 13.96, 4.37253]},
			"faces": {
				"up": {"uv": [4, 11, 10, 5], "texture": "#4"},
				"down": {"uv": [4, 11, 10, 5], "texture": "#4"}
			}
		},
		{
			"from": [2.17575, 12.88, 2.93296],
			"to": [6.49575, 15.04, 2.93296],
			"rotation": {"angle": 45, "axis": "y", "origin": [4.33561, 13.96, 4.37253]},
			"faces": {
				"north": {"uv": [0, 5, 3, 11], "rotation": 90, "texture": "#4"},
				"south": {"uv": [0, 11, 3, 5], "rotation": 90, "texture": "#4"}
			}
		},
		{
			"from": [2.17575, 12.88, 7.25296],
			"to": [6.49575, 15.04, 7.25296],
			"rotation": {"angle": 45, "axis": "y", "origin": [4.33561, 13.96, 4.37253]},
			"faces": {
				"north": {"uv": [0, 11, 3, 5], "rotation": 90, "texture": "#4"},
				"south": {"uv": [0, 5, 3, 11], "rotation": 90, "texture": "#4"}
			}
		},
		{
			"from": [4.66841, 5.032, 2.54592],
			"to": [4.66841, 14.248, 7.15392],
			"rotation": {"angle": 45, "axis": "y", "origin": [4.66841, 9.64, 4.84992]},
			"faces": {
				"east": {"uv": [16, 0, 8, 16], "texture": "#3"},
				"west": {"uv": [8, 0, 16, 16], "texture": "#3"}
			}
		},
		{
			"from": [4.66841, 5.032, 2.54592],
			"to": [4.66841, 14.248, 7.15392],
			"rotation": {"angle": -45, "axis": "y", "origin": [4.66841, 9.64, 4.84992]},
			"faces": {
				"east": {"uv": [16, 0, 8, 16], "texture": "#3"},
				"west": {"uv": [8, 0, 16, 16], "texture": "#3"}
			}
		},
		{
			"from": [6.27884, 5.04, 8.1676],
			"to": [6.27884, 16.56, 13.9276],
			"rotation": {"angle": -45, "axis": "y", "origin": [6.27884, 10.8, 11.0476]},
			"faces": {
				"east": {"uv": [8, 0, 16, 16], "texture": "#3"},
				"west": {"uv": [16, 0, 8, 16], "texture": "#3"}
			}
		},
		{
			"from": [12.03399, 5.6, 7.37217],
			"to": [12.03399, 18.4, 13.77217],
			"rotation": {"angle": 45, "axis": "y", "origin": [8.03399, 12, 10.57217]},
			"faces": {
				"east": {"uv": [8, 0, 0, 16], "texture": "#3"},
				"west": {"uv": [0, 0, 8, 16], "texture": "#3"}
			}
		},
		{
			"from": [7.60038, 18.4, 5.00719],
			"to": [7.60038, 22.4, 11.00719],
			"rotation": {"angle": 0, "axis": "y", "origin": [6.60038, -3.6, 5.00719]},
			"faces": {
				"east": {"uv": [4, 0, 10, 4], "texture": "#4"},
				"west": {"uv": [10, 0, 4, 4], "texture": "#4"}
			}
		},
		{
			"from": [3.16301, 14.85, 8.04379],
			"to": [8.56301, 17.55, 8.04379],
			"rotation": {"angle": -45, "axis": "y", "origin": [5.86283, 16.2, 11.64433]},
			"faces": {
				"north": {"uv": [0, 11, 3, 5], "rotation": 90, "texture": "#4"},
				"south": {"uv": [0, 5, 3, 11], "rotation": 90, "texture": "#4"}
			}
		},
		{
			"from": [3.16301, 14.85, 13.44379],
			"to": [8.56301, 17.55, 13.44379],
			"rotation": {"angle": -45, "axis": "y", "origin": [5.86283, 16.2, 11.64433]},
			"faces": {
				"north": {"uv": [0, 5, 3, 11], "rotation": 90, "texture": "#4"},
				"south": {"uv": [0, 11, 3, 5], "rotation": 90, "texture": "#4"}
			}
		},
		{
			"from": [3.16301, 14.85, 8.04469],
			"to": [8.56301, 16.65, 13.44469],
			"rotation": {"angle": -45, "axis": "y", "origin": [5.86283, 16.2, 11.64433]},
			"faces": {
				"up": {"uv": [4, 5, 10, 11], "texture": "#4"},
				"down": {"uv": [4, 5, 10, 11], "texture": "#4"}
			}
		},
		{
			"from": [8.56211, 14.85, 8.04469],
			"to": [8.56211, 18.45, 13.44469],
			"rotation": {"angle": -45, "axis": "y", "origin": [5.86283, 16.2, 11.64433]},
			"faces": {
				"east": {"uv": [4, 16, 10, 12], "texture": "#4"},
				"west": {"uv": [10, 16, 4, 12], "texture": "#4"}
			}
		},
		{
			"from": [3.16301, 14.85, 8.04469],
			"to": [3.16301, 18.45, 13.44469],
			"rotation": {"angle": -45, "axis": "y", "origin": [5.86283, 16.2, 11.64433]},
			"faces": {
				"east": {"uv": [4, 0, 10, 4], "texture": "#4"},
				"west": {"uv": [10, 0, 4, 4], "texture": "#4"}
			}
		},
		{
			"from": [13.59938, 18.4, 5.00719],
			"to": [13.59938, 22.4, 11.00719],
			"rotation": {"angle": 0, "axis": "y", "origin": [4.59938, -3.6, 5.00719]},
			"faces": {
				"east": {"uv": [4, 16, 10, 12], "texture": "#4"},
				"west": {"uv": [10, 16, 4, 12], "texture": "#4"}
			}
		},
		{
			"from": [7.60038, 18.4, 5.00719],
			"to": [13.60038, 20.4, 11.00719],
			"rotation": {"angle": 0, "axis": "y", "origin": [2.60038, 0.4, 4.00719]},
			"faces": {
				"up": {"uv": [4, 5, 10, 11], "texture": "#4"},
				"down": {"uv": [4, 5, 10, 11], "texture": "#4"}
			}
		},
		{
			"from": [7.60038, 18.4, 11.00619],
			"to": [13.60038, 21.4, 11.00619],
			"rotation": {"angle": 0, "axis": "y", "origin": [7.60038, 4.4, 7.00619]},
			"faces": {
				"north": {"uv": [0, 5, 3, 11], "rotation": 90, "texture": "#4"},
				"south": {"uv": [0, 11, 3, 5], "rotation": 90, "texture": "#4"}
			}
		},
		{
			"from": [7.60038, 18.4, 5.00619],
			"to": [13.60038, 21.4, 5.00619],
			"rotation": {"angle": 0, "axis": "y", "origin": [7.60038, 4.4, 7.00619]},
			"faces": {
				"north": {"uv": [0, 11, 3, 5], "rotation": 90, "texture": "#4"},
				"south": {"uv": [0, 5, 3, 11], "rotation": 90, "texture": "#4"}
			}
		},
		{
			"from": [12.12516, 11.4, 3.482],
			"to": [15.12516, 14.4, 3.482],
			"rotation": {"angle": -22.5, "axis": "y", "origin": [13.62516, 12.8, 4.9818]},
			"faces": {
				"north": {"uv": [4, 12, 7, 9], "texture": "#5"},
				"south": {"uv": [4, 12, 7, 9], "texture": "#5"}
			}
		},
		{
			"from": [12.12516, 11.4, 6.481],
			"to": [15.12516, 14.4, 6.481],
			"rotation": {"angle": -22.5, "axis": "y", "origin": [13.62516, 12.8, 4.9818]},
			"faces": {
				"north": {"uv": [4, 12, 7, 9], "texture": "#5"},
				"south": {"uv": [4, 12, 7, 9], "texture": "#5"}
			}
		},
		{
			"from": [15.12516, 11.4, 3.482],
			"to": [15.12516, 14.4, 6.482],
			"rotation": {"angle": -22.5, "axis": "y", "origin": [13.62516, 12.8, 4.9818]},
			"faces": {
				"east": {"uv": [11, 5, 8, 8], "rotation": 90, "texture": "#5"},
				"west": {"uv": [11, 5, 8, 8], "rotation": 90, "texture": "#5"}
			}
		},
		{
			"from": [12.12516, 11.4, 3.482],
			"to": [12.12516, 14.4, 6.482],
			"rotation": {"angle": -22.5, "axis": "y", "origin": [13.62516, 12.8, 4.9818]},
			"faces": {
				"east": {"uv": [11, 5, 8, 8], "rotation": 90, "texture": "#5"},
				"west": {"uv": [11, 5, 8, 8], "rotation": 90, "texture": "#5"}
			}
		},
		{
			"from": [12.12516, 11.4, 3.482],
			"to": [15.12516, 13.4, 6.482],
			"rotation": {"angle": -22.5, "axis": "y", "origin": [13.62516, 12.8, 4.9818]},
			"faces": {
				"up": {"uv": [4, 5, 7, 8], "texture": "#5"},
				"down": {"uv": [4, 5, 7, 8], "texture": "#5"}
			}
		},
		{
			"from": [18.12496, 14, 7.4818],
			"to": [18.12496, 17, 10.4818],
			"rotation": {"angle": -45, "axis": "y", "origin": [13.62516, 12.8, 4.9818]},
			"faces": {
				"east": {"uv": [4, 12, 7, 9], "texture": "#5"},
				"west": {"uv": [4, 12, 7, 9], "texture": "#5"}
			}
		},
		{
			"from": [15.12596, 14, 7.4818],
			"to": [15.12596, 17, 10.4818],
			"rotation": {"angle": -45, "axis": "y", "origin": [13.62516, 12.8, 4.9818]},
			"faces": {
				"east": {"uv": [4, 12, 7, 9], "texture": "#5"},
				"west": {"uv": [4, 12, 7, 9], "texture": "#5"}
			}
		},
		{
			"from": [15.12496, 14, 10.4818],
			"to": [18.12496, 17, 10.4818],
			"rotation": {"angle": -45, "axis": "y", "origin": [13.62516, 12.8, 4.9818]},
			"faces": {
				"north": {"uv": [11, 5, 8, 8], "rotation": 90, "texture": "#5"},
				"south": {"uv": [11, 5, 8, 8], "rotation": 90, "texture": "#5"}
			}
		},
		{
			"from": [15.12496, 14, 7.4818],
			"to": [18.12496, 17, 7.4818],
			"rotation": {"angle": -45, "axis": "y", "origin": [13.62516, 12.8, 4.9818]},
			"faces": {
				"north": {"uv": [11, 5, 8, 8], "rotation": 90, "texture": "#5"},
				"south": {"uv": [11, 5, 8, 8], "rotation": 90, "texture": "#5"}
			}
		},
		{
			"from": [15.12496, 14, 7.4818],
			"to": [18.12496, 16, 10.4818],
			"rotation": {"angle": -45, "axis": "y", "origin": [13.62516, 12.8, 4.9818]},
			"faces": {
				"up": {"uv": [4, 5, 7, 8], "rotation": 90, "texture": "#5"},
				"down": {"uv": [4, 5, 7, 8], "rotation": 270, "texture": "#5"}
			}
		},
		{
			"from": [7.91598, 11.44, 4.41962],
			"to": [10.61598, 13.24, 7.11962],
			"rotation": {"angle": -22.5, "axis": "y", "origin": [9.26562, 11.7, 5.76962]},
			"faces": {
				"up": {"uv": [4, 5, 7, 8], "rotation": 270, "texture": "#5"},
				"down": {"uv": [4, 5, 7, 8], "rotation": 90, "texture": "#5"}
			}
		},
		{
			"from": [7.91598, 11.44, 7.11962],
			"to": [10.61598, 14.14, 7.11962],
			"rotation": {"angle": -22.5, "axis": "y", "origin": [9.26562, 11.7, 5.76962]},
			"faces": {
				"north": {"uv": [11, 5, 8, 8], "rotation": 90, "texture": "#5"},
				"south": {"uv": [11, 5, 8, 8], "rotation": 90, "texture": "#5"}
			}
		},
		{
			"from": [7.91598, 11.44, 4.41962],
			"to": [10.61598, 14.14, 4.41962],
			"rotation": {"angle": -22.5, "axis": "y", "origin": [9.26562, 11.7, 5.76962]},
			"faces": {
				"north": {"uv": [11, 5, 8, 8], "rotation": 90, "texture": "#5"},
				"south": {"uv": [11, 5, 8, 8], "rotation": 90, "texture": "#5"}
			}
		},
		{
			"from": [10.61508, 11.44, 4.41962],
			"to": [10.61508, 14.14, 7.11962],
			"rotation": {"angle": -22.5, "axis": "y", "origin": [9.26562, 11.7, 5.76962]},
			"faces": {
				"east": {"uv": [4, 12, 7, 9], "texture": "#5"},
				"west": {"uv": [4, 12, 7, 9], "texture": "#5"}
			}
		},
		{
			"from": [7.91508, 11.44, 4.41962],
			"to": [7.91508, 14.14, 7.11962],
			"rotation": {"angle": -22.5, "axis": "y", "origin": [9.26562, 11.7, 5.76962]},
			"faces": {
				"east": {"uv": [4, 12, 7, 9], "texture": "#5"},
				"west": {"uv": [4, 12, 7, 9], "texture": "#5"}
			}
		},
		{
			"from": [7.20066, 9.45, 13.66782],
			"to": [9.90066, 12.15, 13.66782],
			"rotation": {"angle": 22.5, "axis": "y", "origin": [9.45066, 16.92, 14.64915]},
			"faces": {
				"north": {"uv": [7, 12, 4, 9], "texture": "#5"},
				"south": {"uv": [7, 12, 4, 9], "texture": "#5"}
			}
		},
		{
			"from": [7.20066, 9.45, 10.96782],
			"to": [9.90066, 12.15, 10.96782],
			"rotation": {"angle": 22.5, "axis": "y", "origin": [9.45066, 16.92, 14.64915]},
			"faces": {
				"north": {"uv": [7, 12, 4, 9], "texture": "#5"},
				"south": {"uv": [7, 12, 4, 9], "texture": "#5"}
			}
		},
		{
			"from": [9.90066, 9.45, 10.96782],
			"to": [9.90066, 12.15, 13.66782],
			"rotation": {"angle": 22.5, "axis": "y", "origin": [9.45066, 16.92, 14.64915]},
			"faces": {
				"east": {"uv": [11, 8, 8, 5], "rotation": 90, "texture": "#5"},
				"west": {"uv": [11, 8, 8, 5], "rotation": 90, "texture": "#5"}
			}
		},
		{
			"from": [7.20066, 9.45, 10.96782],
			"to": [7.20066, 12.15, 13.66782],
			"rotation": {"angle": 22.5, "axis": "y", "origin": [9.45066, 16.92, 14.64915]},
			"faces": {
				"east": {"uv": [11, 8, 8, 5], "rotation": 90, "texture": "#5"},
				"west": {"uv": [11, 8, 8, 5], "rotation": 90, "texture": "#5"}
			}
		},
		{
			"from": [7.20066, 9.45, 10.96782],
			"to": [9.90066, 11.25, 13.66782],
			"rotation": {"angle": 22.5, "axis": "y", "origin": [9.45066, 16.92, 14.64915]},
			"faces": {
				"up": {"uv": [4, 8, 7, 5], "texture": "#5"},
				"down": {"uv": [4, 8, 7, 5], "texture": "#5"}
			}
		},
		{
			"from": [2.26238, 9.54, 11.33523],
			"to": [4.96238, 11.34, 14.03523],
			"rotation": {"angle": -22.5, "axis": "y", "origin": [3.61238, 10.8, 13.58559]},
			"faces": {
				"up": {"uv": [4, 8, 7, 5], "texture": "#5"},
				"down": {"uv": [4, 8, 7, 5], "texture": "#5"}
			}
		},
		{
			"from": [2.26238, 9.54, 11.33523],
			"to": [2.26238, 12.24, 14.03523],
			"rotation": {"angle": -22.5, "axis": "y", "origin": [3.61238, 10.8, 13.58559]},
			"faces": {
				"east": {"uv": [11, 8, 8, 5], "rotation": 90, "texture": "#5"},
				"west": {"uv": [11, 8, 8, 5], "rotation": 90, "texture": "#5"}
			}
		},
		{
			"from": [4.96238, 9.54, 11.33523],
			"to": [4.96238, 12.24, 14.03523],
			"rotation": {"angle": -22.5, "axis": "y", "origin": [3.61238, 10.8, 13.58559]},
			"faces": {
				"east": {"uv": [11, 8, 8, 5], "rotation": 90, "texture": "#5"},
				"west": {"uv": [11, 8, 8, 5], "rotation": 90, "texture": "#5"}
			}
		},
		{
			"from": [2.26238, 9.54, 11.33613],
			"to": [4.96238, 12.24, 11.33613],
			"rotation": {"angle": -22.5, "axis": "y", "origin": [3.61238, 10.8, 13.58559]},
			"faces": {
				"north": {"uv": [7, 12, 4, 9], "texture": "#5"},
				"south": {"uv": [7, 12, 4, 9], "texture": "#5"}
			}
		},
		{
			"from": [2.26238, 9.54, 14.03613],
			"to": [4.96238, 12.24, 14.03613],
			"rotation": {"angle": -22.5, "axis": "y", "origin": [3.61238, 10.8, 13.58559]},
			"faces": {
				"north": {"uv": [7, 12, 4, 9], "texture": "#5"},
				"south": {"uv": [7, 12, 4, 9], "texture": "#5"}
			}
		}
	],
	"groups": [
		{
			"name": "pot",
			"origin": [0, 0, 16],
			"color": 0,
			"children": [0, 1, 2, 3, 4, 5]
		},
		{
			"name": "tree",
			"origin": [8, 15, 8],
			"color": 0,
			"children": [6, 7, 8, 9, 10, 11, 12, 13, 14, 15, 16, 17, 18, 19, 20, 21]
		},
		{
			"name": "big_leaves",
			"origin": [2.56639, 0.4, 1.43502],
			"color": 0,
			"children": [22, 23, 24, 25, 26, 27, 28, 29, 30, 31]
		},
		{
			"name": "small_leaves",
			"origin": [8, 8, 8],
			"color": 0,
			"children": [32, 33, 34, 35, 36, 37, 38, 39, 40, 41, 42, 43, 44, 45, 46, 47, 48, 49, 50, 51, 52, 53, 54, 55, 56]
		}
	]
}