{
	"credit": "Made with Blockbench",
	"textures": {
		"0": "block/saplings/monstera_details",
		"1": "block/saplings/monstera_leaves",
		"2": "block/saplings/monstera_stem",
		"3": "block/saplings/potted_dirt",
		"particle": "block/saplings/monstera_details"
	},
	"elements": [
		{
			"from": [3.42958, -0.087, 3.46159],
			"to": [12.54958, 7.893, 12.58159],
			"rotation": {"angle": 0, "axis": "y", "origin": [12.54958, -0.087, 3.46159]},
			"faces": {
				"north": {"uv": [8, 9, 16, 16], "texture": "#0"},
				"east": {"uv": [8, 9, 16, 16], "texture": "#0"},
				"south": {"uv": [8, 9, 16, 16], "texture": "#0"},
				"west": {"uv": [8, 9, 16, 16], "texture": "#0"},
				"up": {"uv": [7, 5, 15, 12], "rotation": 90, "texture": "#3"},
				"down": {"uv": [8, 0, 16, 8], "rotation": 270, "texture": "#0"}
			}
		},
		{
			"from": [11.40958, 7.893, 3.46159],
			"to": [12.54958, 9.033, 12.58159],
			"rotation": {"angle": 0, "axis": "y", "origin": [12.54958, -0.087, 3.46159]},
			"faces": {
				"north": {"uv": [15, 8, 16, 9], "texture": "#0"},
				"east": {"uv": [8, 8, 16, 9], "texture": "#0"},
				"south": {"uv": [8, 8, 9, 9], "texture": "#0"},
				"west": {"uv": [16, 8, 8, 9], "texture": "#0"},
				"up": {"uv": [16, 8, 8, 9], "rotation": 90, "texture": "#0"}
			}
		},
		{
			"from": [3.42958, 7.893, 3.46159],
			"to": [4.56958, 9.033, 12.58159],
			"rotation": {"angle": 0, "axis": "y", "origin": [12.54958, -0.087, 3.46159]},
			"faces": {
				"north": {"uv": [8, 8, 9, 9], "texture": "#0"},
				"east": {"uv": [16, 8, 8, 9], "texture": "#0"},
				"south": {"uv": [15, 8, 16, 9], "texture": "#0"},
				"west": {"uv": [8, 8, 16, 9], "texture": "#0"},
				"up": {"uv": [8, 8, 16, 9], "rotation": 90, "texture": "#0"}
			}
		},
		{
			"from": [4.56958, 7.893, 3.46159],
			"to": [11.40958, 9.033, 4.60159],
			"rotation": {"angle": 0, "axis": "y", "origin": [12.54958, -0.087, 3.46159]},
			"faces": {
				"north": {"uv": [15, 8, 9, 9], "texture": "#0"},
				"south": {"uv": [9, 8, 15, 9], "texture": "#0"},
				"up": {"uv": [15, 8, 9, 9], "rotation": 180, "texture": "#0"}
			}
		},
		{
			"from": [4.56958, 7.893, 11.44159],
			"to": [11.40958, 9.033, 12.58159],
			"rotation": {"angle": 0, "axis": "y", "origin": [-5.69042, -0.087, 3.46159]},
			"faces": {
				"north": {"uv": [9, 8, 15, 9], "texture": "#0"},
				"south": {"uv": [15, 8, 9, 9], "texture": "#0"},
				"up": {"uv": [9, 8, 15, 9], "rotation": 180, "texture": "#0"}
			}
		},
		{
			"from": [11.10828, 5.48819, 5.74159],
			"to": [12.24828, 6.62819, 10.30159],
			"rotation": {"angle": 45, "axis": "z", "origin": [12.81828, 7.95819, 5.74159]},
			"faces": {
				"north": {"uv": [6, 11, 7, 12], "texture": "#0"},
				"east": {"uv": [3, 11, 7, 12], "texture": "#0"},
				"south": {"uv": [3, 11, 4, 12], "texture": "#0"},
				"west": {"uv": [7, 11, 3, 12], "texture": "#0"},
				"up": {"uv": [7, 11, 3, 12], "rotation": 90, "texture": "#0"},
				"down": {"uv": [7, 11, 3, 12], "rotation": 270, "texture": "#0"}
			}
		},
		{
			"from": [11.10828, 6.62819, 5.74159],
			"to": [12.24828, 7.76819, 6.88159],
			"rotation": {"angle": 45, "axis": "z", "origin": [12.81828, 7.95819, 5.74159]},
			"faces": {
				"north": {"uv": [6, 10, 7, 11], "texture": "#0"},
				"east": {"uv": [6, 10, 7, 11], "texture": "#0"},
				"south": {"uv": [6, 10, 7, 11], "texture": "#0"},
				"west": {"uv": [6, 10, 7, 11], "texture": "#0"},
				"up": {"uv": [6, 10, 7, 11], "rotation": 90, "texture": "#0"}
			}
		},
		{
			"from": [11.10828, 6.62819, 9.16159],
			"to": [12.24828, 7.76819, 10.30159],
			"rotation": {"angle": 45, "axis": "z", "origin": [12.81828, 7.95819, 5.74159]},
			"faces": {
				"north": {"uv": [3, 10, 4, 11], "texture": "#0"},
				"east": {"uv": [3, 10, 4, 11], "texture": "#0"},
				"south": {"uv": [3, 10, 4, 11], "texture": "#0"},
				"west": {"uv": [3, 10, 4, 11], "texture": "#0"},
				"up": {"uv": [3, 10, 4, 11], "rotation": 90, "texture": "#0"}
			}
		},
		{
			"from": [1.70376, 11.9943, 5.74159],
			"to": [2.84376, 13.1343, 10.30159],
			"rotation": {"angle": -45, "axis": "z", "origin": [-5.70624, 8.7643, 8.02159]},
			"faces": {
				"north": {"uv": [7, 11, 6, 12], "texture": "#0"},
				"east": {"uv": [3, 11, 7, 12], "texture": "#0"},
				"south": {"uv": [4, 11, 3, 12], "texture": "#0"},
				"west": {"uv": [7, 11, 3, 12], "texture": "#0"},
				"up": {"uv": [7, 12, 3, 11], "rotation": 90, "texture": "#0"},
				"down": {"uv": [7, 12, 3, 11], "rotation": 270, "texture": "#0"}
			}
		},
		{
			"from": [1.70376, 13.1343, 5.74159],
			"to": [2.84376, 14.2743, 6.88159],
			"rotation": {"angle": -45, "axis": "z", "origin": [-5.70624, 8.7643, 8.02159]},
			"faces": {
				"north": {"uv": [7, 10, 6, 11], "texture": "#0"},
				"east": {"uv": [7, 10, 6, 11], "texture": "#0"},
				"south": {"uv": [7, 10, 6, 11], "texture": "#0"},
				"west": {"uv": [7, 10, 6, 11], "texture": "#0"},
				"up": {"uv": [6, 11, 7, 10], "rotation": 90, "texture": "#0"}
			}
		},
		{
			"from": [1.70376, 13.1343, 9.16159],
			"to": [2.84376, 14.2743, 10.30159],
			"rotation": {"angle": -45, "axis": "z", "origin": [-5.70624, 8.7643, 8.02159]},
			"faces": {
				"north": {"uv": [4, 10, 3, 11], "texture": "#0"},
				"east": {"uv": [4, 10, 3, 11], "texture": "#0"},
				"south": {"uv": [4, 10, 3, 11], "texture": "#0"},
				"west": {"uv": [4, 10, 3, 11], "texture": "#0"},
				"up": {"uv": [3, 11, 4, 10], "rotation": 90, "texture": "#0"}
			}
		},
		{
			"from": [1.48958, 8, 7.91072],
			"to": [14.48958, 23, 7.91072],
			"rotation": {"angle": 0, "axis": "y", "origin": [15.48958, 1, -0.08928]},
			"faces": {
				"north": {"uv": [1, 1, 14, 16], "texture": "#2"},
				"south": {"uv": [1, 1, 14, 16], "texture": "#2"}
			}
		},
		{
			"from": [7.98958, 8, 1.41072],
			"to": [7.98958, 23, 14.41072],
			"rotation": {"angle": 0, "axis": "y", "origin": [7.98958, 15.5, 7.91072]},
			"faces": {
				"east": {"uv": [14, 1, 1, 16], "texture": "#2"},
				"west": {"uv": [14, 1, 1, 16], "texture": "#2"}
			}
		},
		{
			"from": [6.98958, 8, 6.91072],
			"to": [8.98958, 19, 8.91072],
			"rotation": {"angle": 0, "axis": "y", "origin": [15.98958, 1, -0.08928]},
			"faces": {
				"north": {"uv": [0, 3, 2, 14], "texture": "#0"},
				"east": {"uv": [0, 3, 2, 14], "texture": "#0"},
				"south": {"uv": [0, 3, 2, 14], "texture": "#0"},
				"west": {"uv": [0, 3, 2, 14], "texture": "#0"},
				"up": {"uv": [0, 0, 2, 2], "rotation": 90, "texture": "#0"}
			}
		},
		{
			"from": [3.98858, 20.46834, 13.10585],
			"to": [11.98858, 20.46834, 21.10585],
			"rotation": {"angle": 22.5, "axis": "x", "origin": [11.98858, 21.46834, 18.10585]},
			"faces": {
				"up": {"uv": [0, 0, 8, 8], "texture": "#1"},
				"down": {"uv": [8, 0, 0, 8], "rotation": 180, "texture": "#1"}
			}
		},
		{
			"from": [4.98958, 19.93342, -5.97366],
			"to": [12.98958, 19.93342, 2.02634],
			"rotation": {"angle": -22.5, "axis": "x", "origin": [15.98958, 22.93342, -3.97366]},
			"faces": {
				"up": {"uv": [0, 8, 8, 0], "texture": "#1"},
				"down": {"uv": [8, 8, 0, 0], "rotation": 180, "texture": "#1"}
			}
		},
		{
			"from": [4.78958, 12.98037, -1.24408],
			"to": [11.18958, 12.98037, 5.15592],
			"rotation": {"angle": -22.5, "axis": "x", "origin": [7.98958, 11.98037, 1.95592]},
			"faces": {
				"up": {"uv": [8, 0, 0, 8], "rotation": 180, "texture": "#1"},
				"down": {"uv": [0, 0, 8, 8], "texture": "#1"}
			}
		},
		{
			"from": [4.78958, 8.52083, 14.83895],
			"to": [11.18958, 14.92083, 14.83895],
			"rotation": {"angle": -45, "axis": "x", "origin": [7.98958, 11.72083, 14.03895]},
			"faces": {
				"north": {"uv": [8, 0, 0, 8], "texture": "#1"},
				"south": {"uv": [0, 0, 8, 8], "texture": "#1"}
			}
		},
		{
			"from": [-0.20876, 18.76835, 4.37266],
			"to": [7.79124, 18.76835, 12.37266],
			"rotation": {"angle": 45, "axis": "z", "origin": [0.79124, 14.76835, 8.37266]},
			"faces": {
				"up": {"uv": [8, 0, 0, 8], "rotation": 90, "texture": "#1"},
				"down": {"uv": [0, 0, 8, 8], "rotation": 90, "texture": "#1"}
			}
		},
		{
			"from": [11.18792, 15.15103, 4.37266],
			"to": [19.18792, 15.15103, 12.37266],
			"rotation": {"angle": -45, "axis": "z", "origin": [15.18792, 15.15103, 8.37266]},
			"faces": {
				"up": {"uv": [0, 0, 8, 8], "rotation": 270, "texture": "#1"},
				"down": {"uv": [8, 0, 0, 8], "rotation": 270, "texture": "#1"}
			}
		},
		{
			"from": [8.98958, 21, 9.41072],
			"to": [13.98958, 21, 13.41072],
			"rotation": {"angle": -45, "axis": "y", "origin": [11.48958, 22, 11.41072]},
			"faces": {
				"up": {"uv": [11, 1, 15, 6], "rotation": 90, "texture": "#1"},
				"down": {"uv": [11, 1, 15, 6], "rotation": 270, "texture": "#1"}
			}
		},
		{
			"from": [1.98958, 23, 2.41072],
			"to": [6.98958, 23, 6.41072],
			"rotation": {"angle": -45, "axis": "y", "origin": [4.48958, 22, 4.41072]},
			"faces": {
				"up": {"uv": [11, 6, 15, 1], "rotation": 90, "texture": "#1"},
				"down": {"uv": [11, 6, 15, 1], "rotation": 270, "texture": "#1"}
			}
		},
		{
			"from": [1.98958, 22, 9.41072],
			"to": [6.98958, 22, 13.41072],
			"rotation": {"angle": 45, "axis": "y", "origin": [4.48958, 22, 11.41072]},
			"faces": {
				"up": {"uv": [11, 6, 15, 1], "rotation": 90, "texture": "#1"},
				"down": {"uv": [11, 6, 15, 1], "rotation": 270, "texture": "#1"}
			}
		},
		{
			"from": [8.98958, 15, 2.41072],
			"to": [13.98958, 15, 6.41072],
			"rotation": {"angle": 45, "axis": "y", "origin": [11.48958, 14, 4.41072]},
			"faces": {
				"up": {"uv": [11, 1, 15, 6], "rotation": 90, "texture": "#1"},
				"down": {"uv": [11, 1, 15, 6], "rotation": 270, "texture": "#1"}
			}
		},
		{
			"from": [1.98958, 15, 9.41072],
			"to": [6.98958, 15, 13.41072],
			"rotation": {"angle": 45, "axis": "y", "origin": [4.48958, 14, 11.41072]},
			"faces": {
				"up": {"uv": [11, 6, 15, 1], "rotation": 90, "texture": "#1"},
				"down": {"uv": [11, 6, 15, 1], "rotation": 270, "texture": "#1"}
			}
		},
		{
			"from": [1.98958, 13, 2.41072],
			"to": [6.98958, 13, 6.41072],
			"rotation": {"angle": -45, "axis": "y", "origin": [4.48958, 14, 4.41072]},
			"faces": {
				"up": {"uv": [11, 6, 15, 1], "rotation": 90, "texture": "#1"},
				"down": {"uv": [11, 6, 15, 1], "rotation": 270, "texture": "#1"}
			}
		},
		{
			"from": [8.98958, 14, 9.41072],
			"to": [13.98958, 14, 13.41072],
			"rotation": {"angle": -45, "axis": "y", "origin": [11.48958, 14, 11.41072]},
			"faces": {
				"up": {"uv": [11, 1, 15, 6], "rotation": 90, "texture": "#1"},
				"down": {"uv": [11, 1, 15, 6], "rotation": 270, "texture": "#1"}
			}
		},
		{
			"from": [8.98958, 22, 2.41072],
			"to": [13.98958, 22, 6.41072],
			"rotation": {"angle": 45, "axis": "y", "origin": [11.48958, 22, 4.41072]},
			"faces": {
				"up": {"uv": [11, 1, 15, 6], "rotation": 90, "texture": "#1"},
				"down": {"uv": [11, 1, 15, 6], "rotation": 270, "texture": "#1"}
			}
		}
	],
	"groups": [
		{
			"name": "basket",
			"origin": [4, 7.7643, 16.01388],
			"color": 0,
			"children": [0, 1, 2, 3, 4, 5, 6, 7, 8, 9, 10]
		},
		{
			"name": "stem",
			"origin": [8, 14.5, 8],
			"color": 0,
			"children": [11, 12, 13]
		},
		{
			"name": "leaves",
			"origin": [-0.60002, 11.4158, 12],
			"color": 0,
			"children": [14, 15, 16, 17, 18, 19, 20, 21, 22, 23, 24, 25, 26, 27]
		}
	]
}