{
	"credit": "Made with Blockbench",
	"textures": {
		"0": "block/saplings/palm_stem",
		"1": "block/saplings/palm_leave_bottom",
		"2": "block/saplings/palm_leave_top",
		"3": "block/saplings/palm_pot",
		"4": "block/saplings/palm_pot_bottom",
		"5": "block/saplings/potted_dirt",
		"6": "block/saplings/palm_leave_inside",
		"particle": "block/saplings/palm_stem"
	},
	"elements": [
		{
			"from": [6.54198, 5.61638, 6.54207],
			"to": [9.45798, 14.36438, 9.45807],
			"rotation": {"angle": 0, "axis": "y", "origin": [9.45798, 5.61638, 6.54207]},
			"faces": {
				"north": {"uv": [5, 7, 2, 16], "texture": "#0"},
				"east": {"uv": [5, 7, 2, 16], "texture": "#0"},
				"south": {"uv": [5, 7, 2, 16], "texture": "#0"},
				"west": {"uv": [5, 7, 2, 16], "texture": "#0"},
				"up": {"uv": [5, 3, 2, 6], "texture": "#0"}
			}
		},
		{
			"from": [9.82995, 5.54239, 6.54207],
			"to": [9.82995, 7.48639, 9.45807],
			"rotation": {"angle": -22.5, "axis": "z", "origin": [9.82995, 6.51439, 8.00007]},
			"faces": {
				"east": {"uv": [6, 16, 9, 14], "rotation": 180, "texture": "#0"},
				"west": {"uv": [9, 16, 6, 14], "rotation": 180, "texture": "#0"}
			}
		},
		{
			"from": [6.17001, 5.54239, 6.54207],
			"to": [6.17001, 7.48639, 9.45807],
			"rotation": {"angle": 22.5, "axis": "z", "origin": [6.17001, 6.51439, 8.00007]},
			"faces": {
				"east": {"uv": [6, 16, 9, 14], "rotation": 180, "texture": "#0"},
				"west": {"uv": [9, 16, 6, 14], "rotation": 180, "texture": "#0"}
			}
		},
		{
			"from": [6.54198, 5.91435, 6.09612],
			"to": [9.45798, 7.85835, 6.09612],
			"rotation": {"angle": -22.5, "axis": "x", "origin": [7.99998, 6.88635, 7.06812]},
			"faces": {
				"north": {"uv": [6, 16, 9, 14], "rotation": 180, "texture": "#0"},
				"south": {"uv": [9, 16, 6, 14], "rotation": 180, "texture": "#0"}
			}
		},
		{
			"from": [6.54198, 5.91435, 9.90402],
			"to": [9.45798, 7.85835, 9.90402],
			"rotation": {"angle": 22.5, "axis": "x", "origin": [7.99998, 6.88635, 8.93202]},
			"faces": {
				"north": {"uv": [6, 16, 9, 14], "rotation": 180, "texture": "#0"},
				"south": {"uv": [9, 16, 6, 14], "rotation": 180, "texture": "#0"}
			}
		},
		{
			"from": [9.82995, 8.45839, 6.54207],
			"to": [9.82995, 10.40239, 9.45807],
			"rotation": {"angle": -22.5, "axis": "z", "origin": [9.82995, 9.43039, 8.00007]},
			"faces": {
				"east": {"uv": [6, 16, 9, 14], "rotation": 180, "texture": "#0"},
				"west": {"uv": [9, 16, 6, 14], "rotation": 180, "texture": "#0"}
			}
		},
		{
			"from": [6.17001, 8.45839, 6.54207],
			"to": [6.17001, 10.40239, 9.45807],
			"rotation": {"angle": 22.5, "axis": "z", "origin": [6.17001, 9.43039, 8.00007]},
			"faces": {
				"east": {"uv": [6, 16, 9, 14], "rotation": 180, "texture": "#0"},
				"west": {"uv": [9, 16, 6, 14], "rotation": 180, "texture": "#0"}
			}
		},
		{
			"from": [6.54198, 8.83035, 6.09612],
			"to": [9.45798, 10.77435, 6.09612],
			"rotation": {"angle": -22.5, "axis": "x", "origin": [7.99998, 9.80235, 7.06812]},
			"faces": {
				"north": {"uv": [6, 16, 9, 14], "rotation": 180, "texture": "#0"},
				"south": {"uv": [9, 16, 6, 14], "rotation": 180, "texture": "#0"}
			}
		},
		{
			"from": [6.54198, 8.83035, 9.90402],
			"to": [9.45798, 10.77435, 9.90402],
			"rotation": {"angle": 22.5, "axis": "x", "origin": [7.99998, 9.80235, 8.93202]},
			"faces": {
				"north": {"uv": [6, 16, 9, 14], "rotation": 180, "texture": "#0"},
				"south": {"uv": [9, 16, 6, 14], "rotation": 180, "texture": "#0"}
			}
		},
		{
			"from": [9.82995, 11.37439, 6.54207],
			"to": [9.82995, 13.31839, 9.45807],
			"rotation": {"angle": -22.5, "axis": "z", "origin": [9.82995, 12.34639, 8.00007]},
			"faces": {
				"east": {"uv": [6, 16, 9, 14], "rotation": 180, "texture": "#0"},
				"west": {"uv": [9, 16, 6, 14], "rotation": 180, "texture": "#0"}
			}
		},
		{
			"from": [6.17001, 11.37439, 6.54207],
			"to": [6.17001, 13.31839, 9.45807],
			"rotation": {"angle": 22.5, "axis": "z", "origin": [6.17001, 12.34639, 8.00007]},
			"faces": {
				"east": {"uv": [6, 16, 9, 14], "rotation": 180, "texture": "#0"},
				"west": {"uv": [9, 16, 6, 14], "rotation": 180, "texture": "#0"}
			}
		},
		{
			"from": [6.54198, 11.74635, 6.09612],
			"to": [9.45798, 13.69035, 6.09612],
			"rotation": {"angle": -22.5, "axis": "x", "origin": [7.99998, 12.71835, 7.06812]},
			"faces": {
				"north": {"uv": [6, 16, 9, 14], "rotation": 180, "texture": "#0"},
				"south": {"uv": [9, 16, 6, 14], "rotation": 180, "texture": "#0"}
			}
		},
		{
			"from": [6.54198, 11.74635, 9.90402],
			"to": [9.45798, 13.69035, 9.90402],
			"rotation": {"angle": 22.5, "axis": "x", "origin": [7.99998, 12.71835, 8.93202]},
			"faces": {
				"north": {"uv": [6, 16, 9, 14], "rotation": 180, "texture": "#0"},
				"south": {"uv": [9, 16, 6, 14], "rotation": 180, "texture": "#0"}
			}
		},
		{
			"from": [3.6, 14.36438, 8],
			"to": [12.4, 27.56438, 8],
			"rotation": {"angle": 45, "axis": "y", "origin": [8, 20.96438, 8]},
			"faces": {
				"north": {"uv": [12, 1, 2, 16], "texture": "#6"},
				"south": {"uv": [2, 1, 12, 16], "texture": "#6"}
			}
		},
		{
			"from": [3.6, 14.36438, 8],
			"to": [12.4, 27.56438, 8],
			"rotation": {"angle": -45, "axis": "y", "origin": [8, 20.96438, 8]},
			"faces": {
				"north": {"uv": [2, 1, 12, 16], "texture": "#6"},
				"south": {"uv": [12, 1, 2, 16], "texture": "#6"}
			}
		},
		{
			"from": [2.16798, 14.64907, 9.14538],
			"to": [13.83198, 14.64907, 20.80938],
			"rotation": {"angle": -45, "axis": "x", "origin": [17.71998, 13.67707, 9.14538]},
			"faces": {
				"up": {"uv": [0, 16, 16, 0], "texture": "#1"},
				"down": {"uv": [16, 16, 0, 0], "rotation": 180, "texture": "#1"}
			}
		},
		{
			"from": [7.82738, 13.67778, 2.16807],
			"to": [7.82738, 25.34178, 13.83207],
			"rotation": {"angle": 45, "axis": "z", "origin": [6.85538, 13.67778, 2.16807]},
			"faces": {
				"east": {"uv": [16, 0, 0, 16], "texture": "#1"},
				"west": {"uv": [0, 0, 16, 16], "texture": "#1"}
			}
		},
		{
			"from": [2.16798, 14.64907, -4.80924],
			"to": [13.83198, 14.64907, 6.85476],
			"rotation": {"angle": 45, "axis": "x", "origin": [-1.72002, 13.67707, 6.85476]},
			"faces": {
				"up": {"uv": [16, 0, 0, 16], "texture": "#1"},
				"down": {"uv": [0, 0, 16, 16], "rotation": 180, "texture": "#1"}
			}
		},
		{
			"from": [2.16798, 23.54107, -5.38104],
			"to": [13.83198, 23.54107, -0.52104],
			"rotation": {"angle": 22.5, "axis": "x", "origin": [7.99998, 23.54107, -2.95104]},
			"faces": {
				"up": {"uv": [16, 7, 0, 16], "texture": "#2"},
				"down": {"uv": [0, 7, 16, 16], "rotation": 180, "texture": "#2"}
			}
		},
		{
			"from": [16.51999, 23.54271, 2.16807],
			"to": [21.37999, 23.54271, 13.83207],
			"rotation": {"angle": 22.5, "axis": "z", "origin": [18.94999, 23.54271, 8.00007]},
			"faces": {
				"up": {"uv": [16, 7, 0, 16], "rotation": 90, "texture": "#2"},
				"down": {"uv": [0, 7, 16, 16], "rotation": 90, "texture": "#2"}
			}
		},
		{
			"from": [8.17258, 13.67778, 2.16807],
			"to": [8.17258, 25.34178, 13.83207],
			"rotation": {"angle": -45, "axis": "z", "origin": [9.14458, 13.67778, 13.83207]},
			"faces": {
				"east": {"uv": [0, 0, 16, 16], "texture": "#1"},
				"west": {"uv": [16, 0, 0, 16], "texture": "#1"}
			}
		},
		{
			"from": [2.16798, 21.68193, 16.5197],
			"to": [13.83198, 21.68193, 21.3797],
			"rotation": {"angle": 22.5, "axis": "x", "origin": [7.99998, 21.68193, 18.9497]},
			"faces": {
				"up": {"uv": [0, 16, 16, 7], "texture": "#2"},
				"down": {"uv": [16, 16, 0, 7], "rotation": 180, "texture": "#2"}
			}
		},
		{
			"from": [-5.37965, 21.68193, 2.16807],
			"to": [-0.51965, 21.68193, 13.83207],
			"rotation": {"angle": 22.5, "axis": "z", "origin": [-2.94965, 21.68193, 8.00007]},
			"faces": {
				"up": {"uv": [0, 16, 16, 7], "rotation": 90, "texture": "#2"},
				"down": {"uv": [16, 16, 0, 7], "rotation": 90, "texture": "#2"}
			}
		},
		{
			"from": [2.384, 0, 2.384],
			"to": [13.616, 5.616, 13.616],
			"rotation": {"angle": 0, "axis": "y", "origin": [10.808, 0, 5.192]},
			"faces": {
				"north": {"uv": [16, 8, 0, 16], "texture": "#3"},
				"east": {"uv": [16, 8, 0, 16], "texture": "#3"},
				"south": {"uv": [16, 8, 0, 16], "texture": "#3"},
				"west": {"uv": [16, 8, 0, 16], "texture": "#3"},
				"up": {"uv": [16, 0, 0, 16], "texture": "#5"},
				"down": {"uv": [16, 0, 0, 16], "texture": "#4"}
			}
		},
		{
			"from": [2.384, 5.616, 2.384],
			"to": [13.616, 6.318, 3.788],
			"rotation": {"angle": 0, "axis": "y", "origin": [13.616, 0, 2.384]},
			"faces": {
				"north": {"uv": [16, 6, 0, 7], "texture": "#3"},
				"east": {"uv": [0, 7, 1, 5], "rotation": 90, "texture": "#3"},
				"south": {"uv": [16, 6, 0, 7], "texture": "#3"},
				"west": {"uv": [15, 7, 16, 5], "rotation": 90, "texture": "#3"},
				"up": {"uv": [16, 5, 0, 7], "texture": "#3"}
			}
		},
		{
			"from": [2.384, 5.616, 12.212],
			"to": [13.616, 6.318, 13.616],
			"rotation": {"angle": 0, "axis": "y", "origin": [13.616, 0, 2.384]},
			"faces": {
				"north": {"uv": [16, 6, 0, 7], "texture": "#3"},
				"east": {"uv": [0, 7, 1, 5], "rotation": 90, "texture": "#3"},
				"south": {"uv": [16, 6, 0, 7], "texture": "#3"},
				"west": {"uv": [15, 7, 16, 5], "rotation": 90, "texture": "#3"},
				"up": {"uv": [16, 5, 0, 7], "texture": "#3"}
			}
		},
		{
			"from": [12.212, 5.616, 3.788],
			"to": [13.616, 6.318, 12.212],
			"rotation": {"angle": 0, "axis": "y", "origin": [13.616, 0, 2.384]},
			"faces": {
				"east": {"uv": [14, 6, 2, 7], "texture": "#3"},
				"west": {"uv": [14, 6, 2, 7], "texture": "#3"},
				"up": {"uv": [2, 7, 14, 5], "rotation": 90, "texture": "#3"}
			}
		},
		{
			"from": [2.384, 5.616, 3.788],
			"to": [3.788, 6.318, 12.212],
			"rotation": {"angle": 0, "axis": "y", "origin": [13.616, 0, 2.384]},
			"faces": {
				"east": {"uv": [14, 6, 2, 7], "texture": "#3"},
				"west": {"uv": [14, 6, 2, 7], "texture": "#3"},
				"up": {"uv": [2, 7, 14, 5], "rotation": 90, "texture": "#3"}
			}
		}
	],
	"groups": [
		{
			"name": "stem",
			"origin": [8, 7.30656, 8.9588],
			"color": 0,
			"children": [0, 1, 2, 3, 4, 5, 6, 7, 8, 9, 10, 11, 12]
		},
		{
			"name": "leaves",
			"origin": [-4.48493, 17.48499, 8],
			"color": 0,
			"children": [13, 14, 15, 16, 17, 18, 19, 20, 21, 22]
		},
		{
			"name": "pot",
			"origin": [0, 0, 0],
			"color": 0,
			"children": [23, 24, 25, 26, 27]
		}
	]
}