{
	"credit": "Made with Blockbench",
	"textures": {
		"0": "block/saplings/garden_pot_side",
		"2": "block/saplings/garden_pot_bottom",
		"3": "block/saplings/garden_pot_top",
		"4": "block/saplings/thuja_bottom",
		"5": "block/saplings/thuja_top",
		"particle": "block/saplings/garden_pot_side"
	},
	"elements": [
		{
			"from": [3, 0, 3],
			"to": [13, 6, 13],
			"rotation": {"angle": 0, "axis": "y", "origin": [3, 0, 3]},
			"faces": {
				"north": {"uv": [3, 10, 13, 16], "texture": "#0"},
				"east": {"uv": [3, 10, 13, 16], "texture": "#0"},
				"south": {"uv": [3, 10, 13, 16], "texture": "#0"},
				"west": {"uv": [3, 10, 13, 16], "texture": "#0"},
				"down": {"uv": [3, 6, 13, 16], "texture": "#2"}
			}
		},
		{
			"from": [2.5, 6, 2.5],
			"to": [13.5, 8, 13.5],
			"rotation": {"angle": 0, "axis": "y", "origin": [2.5, 7.5, 2.5]},
			"faces": {
				"north": {"uv": [3, 8, 13, 10], "texture": "#0"},
				"east": {"uv": [3, 8, 13, 10], "texture": "#0"},
				"south": {"uv": [3, 8, 13, 10], "texture": "#0"},
				"west": {"uv": [3, 8, 13, 10], "texture": "#0"},
				"up": {"uv": [3, 6, 13, 16], "texture": "#3"},
				"down": {"uv": [3, 6, 13, 16], "texture": "#2"}
			}
		},
		{
			"from": [3.05385, 8.27191, 4.53489],
			"to": [12.12948, 13.71729, 4.53489],
			"rotation": {"angle": -22.5, "axis": "x", "origin": [7.59166, 10.9946, 4.53489]},
			"faces": {
				"north": {"uv": [3, 10, 13, 16], "texture": "#4"},
				"south": {"uv": [3, 10, 13, 16], "texture": "#4"}
			}
		},
		{
			"from": [4.14053, 8.27261, 3.44821],
			"to": [4.14053, 13.71799, 12.52384],
			"rotation": {"angle": 22.5, "axis": "z", "origin": [4.14053, 10.9953, 7.98603]},
			"faces": {
				"east": {"uv": [3, 10, 13, 16], "texture": "#4"},
				"west": {"uv": [3, 10, 13, 16], "texture": "#4"}
			}
		},
		{
			"from": [11.08671, 8.27261, 3.44821],
			"to": [11.08671, 13.71799, 12.52384],
			"rotation": {"angle": -22.5, "axis": "z", "origin": [11.08671, 10.9953, 7.98603]},
			"faces": {
				"east": {"uv": [13, 10, 3, 16], "texture": "#4"},
				"west": {"uv": [13, 10, 3, 16], "texture": "#4"}
			}
		},
		{
			"from": [3.05385, 8.27261, 11.48108],
			"to": [12.12948, 13.71799, 11.48108],
			"rotation": {"angle": 22.5, "axis": "x", "origin": [7.59166, 10.9953, 11.48108]},
			"faces": {
				"north": {"uv": [3, 10, 13, 16], "texture": "#4"},
				"south": {"uv": [3, 10, 13, 16], "texture": "#4"}
			}
		},
		{
			"from": [10.21844, 13.13008, 3.44821],
			"to": [10.21844, 24.92839, 12.52384],
			"rotation": {"angle": 22.5, "axis": "z", "origin": [10.21844, 18.12167, 7.98603]},
			"faces": {
				"east": {"uv": [3, 3, 13, 16], "texture": "#5"},
				"west": {"uv": [3, 3, 13, 16], "texture": "#5"}
			}
		},
		{
			"from": [5.0088, 13.13077, 3.44821],
			"to": [5.0088, 24.92909, 12.52384],
			"rotation": {"angle": -22.5, "axis": "z", "origin": [5.0088, 18.12237, 7.98603]},
			"faces": {
				"east": {"uv": [3, 3, 13, 16], "texture": "#5"},
				"west": {"uv": [3, 3, 13, 16], "texture": "#5"}
			}
		},
		{
			"from": [3.05385, 12.19708, 10.09365],
			"to": [12.12948, 23.9954, 10.09365],
			"rotation": {"angle": -22.5, "axis": "x", "origin": [7.59166, 18.96015, 8.00798]},
			"faces": {
				"north": {"uv": [3, 3, 13, 16], "texture": "#5"},
				"south": {"uv": [3, 3, 13, 16], "texture": "#5"}
			}
		},
		{
			"from": [3.05385, 8.27191, 11.48108],
			"to": [12.12948, 13.71729, 11.48108],
			"rotation": {"angle": 22.5, "axis": "x", "origin": [7.59166, 10.9946, 11.48108]},
			"faces": {
				"north": {"uv": [3, 10, 13, 16], "texture": "#4"},
				"south": {"uv": [3, 10, 13, 16], "texture": "#4"}
			}
		},
		{
			"from": [3.05385, 8.27191, 4.53489],
			"to": [12.12948, 13.71729, 4.53489],
			"rotation": {"angle": -22.5, "axis": "x", "origin": [7.59166, 10.9946, 4.53489]},
			"faces": {
				"north": {"uv": [3, 10, 13, 16], "texture": "#4"},
				"south": {"uv": [3, 10, 13, 16], "texture": "#4"}
			}
		},
		{
			"from": [3.05385, 12.19708, 5.92232],
			"to": [12.12948, 23.9954, 5.92232],
			"rotation": {"angle": 22.5, "axis": "x", "origin": [7.59166, 18.96015, 8.00798]},
			"faces": {
				"north": {"uv": [3, 3, 13, 16], "texture": "#5"},
				"south": {"uv": [3, 3, 13, 16], "texture": "#5"}
			}
		},
		{
			"from": [4.05217, 8.47861, 4.46849],
			"to": [11.13116, 8.47861, 11.54748],
			"rotation": {"angle": 0, "axis": "y", "origin": [4.05217, 0.76432, 4.46849]},
			"faces": {
				"up": {"uv": [3, 0, 13, 10], "texture": "#4", "cullface": "up"},
				"down": {"uv": [3, 0, 13, 10], "texture": "#4"}
			}
		}
	],
	"groups": [
		{
			"name": "pot",
			"origin": [2.5, 7.5, 2.5],
			"color": 0,
			"children": [0, 1]
		},
		{
			"name": "thuja",
			"origin": [6.35717, 8.74092, 8],
			"color": 0,
			"children": [2, 3, 4, 5, 6, 7, 8, 9, 10, 11, 12]
		}
	]
}