{
    "replace": true,
    "values": [
        "minecraft:desert",
        {
            "id": "byg:mojave_desert",
            "required": false
        },
        {
            "id": "wythers:cactus_desert",
            "required": false
        },
        {
            "id": "wythers:deep_desert",
            "required": false
        },
        {
            "id": "wythers:temperate_rainforest",
            "required": false
        },
        {
            "id": "wythers:wooded_desert",
            "required": false
        },
        {
            "id": "tectonic:desert_dunes",
            "required": false
        }
    ]
}