{
    "replace": true,
    "values": [
        "minecraft:meadow",
        {
            "id": "terralith:blooming_plateau",
            "required": false
        },
        {
            "id": "biomesoplenty:clover_patch",
            "required": false
        },
        {
            "id": "biomesoplenty:field",
            "required": false
        },
        {
            "id": "wythers:highland_plains",
            "required": false
        },
        {
            "id": "wythers:highlands",
            "required": false
        },
        {
            "id": "tectonic:alpine_meadow",
            "required": false
        }
    ]
}