{
    "replace": false,
    "values": [
        "minecraft:wooded_badlands",
        {
            "id": "terralith:bryce_canyon",
            "required": false
        },
        {
            "id": "terralith:painted_mountains",
            "required": false
        },
        {
            "id": "byg:sierra_badlands",
            "required": false
        },
        {
            "id": "wythers:chaparral",
            "required": false
        },
        {
            "id": "terrestria:outback",
            "required": false
        }
    ]
}