{
    "replace": false,
    "values": [
        "minecraft:sparse_jungle",
        {
            "id": "terralith:tropical_jungle",
            "required": false
        },
        {
            "id": "biomesoplenty:floodplain",
            "required": false
        },
        {
            "id": "biomesoplenty:tropics",
            "required": false
        },
        {
            "id": "byg:jacaranda_forest",
            "required": false
        },
        {
            "id": "wythers:snady_jungle",
            "required": false
        },
        {
            "id": "wythers:sparse_bamboo_jungle",
            "required": false
        },
        {
            "id": "wythers:sparse_eucalyptus_jungle",
            "required": false
        },
        {
            "id": "wythers:tropical_forest",
            "required": false
        },
        {
            "id": "wythers:tropical_island",
            "required": false
        }
    ]
}