{
	"credit": "Made with Blockbench",
	"textures": {
		"4": "block/smooth_stone_redstone_2_on",
		"slab": "block/smooth_stone_redstone",
		"particle": "block/comparator_on",
		"top": "block/comparator_on",
		"unlit": "block/torch/redstone_torch_off",
		"lit": "block/torch/redstone_torch_on"
	},
	"elements": [
		{
			"from": [0, 0, 0],
			"to": [16, 2, 11],
			"faces": {
				"north": {"uv": [0, 14, 16, 16], "texture": "#slab", "cullface": "north"},
				"east": {"uv": [5, 14, 16, 16], "texture": "#slab", "cullface": "east"},
				"south": {"uv": [0, 12, 16, 14], "texture": "#4"},
				"west": {"uv": [0, 14, 11, 16], "texture": "#slab", "cullface": "west"},
				"up": {"uv": [0, 0, 16, 11], "texture": "#top"},
				"down": {"uv": [0, 5, 16, 16], "texture": "#slab", "cullface": "down"}
			}
		},
		{
			"from": [0, 0, 13],
			"to": [16, 2, 16],
			"faces": {
				"north": {"uv": [0, 14, 16, 16], "texture": "#slab"},
				"east": {"uv": [0, 14, 3, 16], "texture": "#4", "cullface": "east"},
				"south": {"uv": [0, 14, 16, 16], "texture": "#slab", "cullface": "south"},
				"west": {"uv": [13, 14, 16, 16], "texture": "#slab", "cullface": "west"},
				"up": {"uv": [0, 13, 16, 16], "texture": "#top"},
				"down": {"uv": [0, 0, 16, 3], "texture": "#slab", "cullface": "down"}
			}
		},
		{
			"from": [0, 0, 11],
			"to": [4, 2, 13],
			"faces": {
				"north": {"uv": [12, 14, 16, 16], "texture": "#slab", "cullface": "north"},
				"east": {"uv": [3, 14, 5, 16], "texture": "#slab"},
				"south": {"uv": [0, 14, 4, 16], "texture": "#slab", "cullface": "south"},
				"west": {"uv": [11, 14, 13, 16], "texture": "#4", "cullface": "west"},
				"up": {"uv": [0, 11, 4, 13], "texture": "#top"},
				"down": {"uv": [0, 3, 4, 5], "texture": "#slab", "cullface": "down"}
			}
		},
		{
			"from": [12, 0, 11],
			"to": [16, 2, 13],
			"faces": {
				"north": {"uv": [0, 14, 4, 16], "texture": "#slab", "cullface": "north"},
				"east": {"uv": [3, 14, 5, 16], "texture": "#4", "cullface": "east"},
				"south": {"uv": [12, 14, 16, 16], "texture": "#slab", "cullface": "south"},
				"west": {"uv": [11, 14, 13, 16], "texture": "#slab"},
				"up": {"uv": [12, 11, 16, 13], "texture": "#top"},
				"down": {"uv": [12, 3, 16, 5], "texture": "#slab", "cullface": "down"}
			}
		},
		{
			"from": [4, 0, 11],
			"to": [12, 1, 13],
			"faces": {
				"north": {"uv": [4, 15, 12, 16], "texture": "#slab", "cullface": "north"},
				"east": {"uv": [3, 15, 5, 16], "texture": "#slab", "cullface": "east"},
				"south": {"uv": [4, 15, 12, 16], "texture": "#slab", "cullface": "south"},
				"west": {"uv": [11, 15, 13, 16], "texture": "#slab", "cullface": "west"},
				"up": {"uv": [4, 11, 12, 13], "texture": "#top"},
				"down": {"uv": [4, 3, 12, 5], "texture": "#slab", "cullface": "down"}
			}
		},
		{
			"from": [4, 1, 11],
			"to": [6, 7, 13],
			"faces": {
				"north": {"uv": [12, 8, 14, 14], "texture": "#lit"},
				"east": {"uv": [14, 2, 16, 8], "texture": "#lit"},
				"south": {"uv": [12, 2, 14, 8], "texture": "#lit"},
				"west": {"uv": [14, 8, 16, 14], "texture": "#lit"},
				"up": {"uv": [14, 0, 16, 2], "texture": "#lit"},
				"down": {"uv": [7, 13, 9, 15], "texture": "#lit"}
			}
		},
		{
			"from": [10, 1, 11],
			"to": [12, 7, 13],
			"faces": {
				"north": {"uv": [12, 8, 14, 14], "texture": "#lit"},
				"east": {"uv": [14, 2, 16, 8], "texture": "#lit"},
				"south": {"uv": [12, 2, 14, 8], "texture": "#lit"},
				"west": {"uv": [14, 8, 16, 14], "texture": "#lit"},
				"up": {"uv": [14, 0, 16, 2], "texture": "#lit"},
				"down": {"uv": [7, 13, 9, 15], "texture": "#lit"}
			}
		},
		{
			"from": [7, 2, 2],
			"to": [9, 4, 4],
			"faces": {
				"north": {"uv": [12, 8, 14, 10], "texture": "#unlit"},
				"east": {"uv": [14, 2, 16, 4], "texture": "#unlit"},
				"south": {"uv": [12, 2, 14, 4], "texture": "#unlit"},
				"west": {"uv": [14, 8, 16, 10], "texture": "#unlit"},
				"up": {"uv": [14, 0, 16, 2], "texture": "#unlit"},
				"down": {"uv": [12, 2, 14, 4], "rotation": 90, "texture": "#unlit"}
			}
		}
	]
}