{
	"credit": "Made with Blockbench",
	"textures": {
		"slab": "block/smooth_stone_redstone",
		"particle": "block/repeater_on",
		"top": "block/repeater_on",
		"unlit": "block/torch/redstone_torch_on"
	},
	"elements": [
		{
			"from": [0, 0, 0],
			"to": [7, 2, 16],
			"faces": {
				"north": {"uv": [9, 14, 16, 16], "texture": "#slab", "cullface": "north"},
				"east": {"uv": [0, 14, 16, 16], "texture": "#slab"},
				"south": {"uv": [0, 14, 7, 16], "texture": "#slab", "cullface": "south"},
				"west": {"uv": [0, 14, 16, 16], "texture": "#slab", "cullface": "west"},
				"up": {"uv": [0, 0, 7, 16], "texture": "#top"},
				"down": {"uv": [0, 0, 7, 16], "texture": "#slab", "cullface": "down"}
			}
		},
		{
			"from": [7, 0, 6],
			"to": [9, 1, 14],
			"faces": {
				"north": {"uv": [0, 15, 1, 16], "texture": "#slab", "cullface": "north"},
				"east": {"uv": [0, 15, 1, 16], "texture": "#slab", "cullface": "east"},
				"south": {"uv": [0, 15, 1, 16], "texture": "#slab", "cullface": "south"},
				"west": {"uv": [0, 14, 16, 16], "texture": "#slab", "cullface": "west"},
				"up": {"uv": [7, 6, 9, 14], "texture": "#top"},
				"down": {"uv": [7, 6, 9, 14], "texture": "#slab", "cullface": "down"}
			}
		},
		{
			"from": [9, 0, 0],
			"to": [16, 2, 16],
			"faces": {
				"north": {"uv": [0, 14, 7, 16], "texture": "#slab", "cullface": "north"},
				"east": {"uv": [0, 14, 16, 16], "texture": "#slab", "cullface": "east"},
				"south": {"uv": [9, 14, 16, 16], "texture": "#slab", "cullface": "south"},
				"west": {"uv": [0, 14, 16, 16], "texture": "#slab"},
				"up": {"uv": [9, 0, 16, 16], "texture": "#top"},
				"down": {"uv": [9, 0, 16, 16], "texture": "#slab", "cullface": "down"}
			}
		},
		{
			"from": [7, 0, 14],
			"to": [9, 2, 16],
			"faces": {
				"north": {"uv": [7, 15, 9, 16], "texture": "#slab"},
				"east": {"uv": [0, 15, 1, 16], "texture": "#slab", "cullface": "east"},
				"south": {"uv": [7, 14, 9, 16], "texture": "#slab", "cullface": "south"},
				"west": {"uv": [0, 15, 1, 16], "texture": "#slab", "cullface": "west"},
				"up": {"uv": [7, 14, 9, 16], "texture": "#top"},
				"down": {"uv": [6, 0, 8, 2], "texture": "#slab", "cullface": "down"}
			}
		},
		{
			"from": [7, 0, 0],
			"to": [9, 2, 6],
			"faces": {
				"north": {"uv": [7, 14, 9, 16], "texture": "#slab", "cullface": "north"},
				"east": {"uv": [0, 15, 1, 16], "texture": "#slab", "cullface": "east"},
				"south": {"uv": [7, 15, 9, 16], "texture": "#slab"},
				"west": {"uv": [0, 15, 1, 16], "texture": "#slab", "cullface": "west"},
				"up": {"uv": [7, 0, 9, 6], "texture": "#top"},
				"down": {"uv": [7, 10, 9, 16], "texture": "#slab", "cullface": "down"}
			}
		},
		{
			"from": [7, 1, 12],
			"to": [9, 7, 14],
			"faces": {
				"north": {"uv": [12, 8, 14, 14], "texture": "#unlit"},
				"east": {"uv": [14, 2, 16, 8], "texture": "#unlit"},
				"south": {"uv": [12, 2, 14, 8], "texture": "#unlit"},
				"west": {"uv": [14, 8, 16, 14], "texture": "#unlit"},
				"up": {"uv": [14, 0, 16, 2], "texture": "#unlit"},
				"down": {"uv": [7, 13, 9, 15], "texture": "#unlit"}
			}
		},
		{
			"from": [7, 2, 2],
			"to": [9, 7, 4],
			"faces": {
				"north": {"uv": [12, 8, 14, 13], "texture": "#unlit"},
				"east": {"uv": [14, 2, 16, 7], "texture": "#unlit"},
				"south": {"uv": [12, 2, 14, 7], "texture": "#unlit"},
				"west": {"uv": [14, 8, 16, 13], "texture": "#unlit"},
				"up": {"uv": [14, 0, 16, 2], "texture": "#unlit"},
				"down": {"uv": [7, 13, 9, 15], "texture": "#unlit"}
			}
		}
	]
}