{
	"feature": "terralith:cave/desert/dead_bush",
	"placement": [
		{
			"type": "minecraft:count",
			"count": {
				"type": "minecraft:weighted_list",
				"distribution": [
					{
						"weight": 100,
						"data": 50
					},
					{
						"weight": 0,
						"data": 50
					}
				]
			}
		},
		{
			"type": "minecraft:in_square"
		},
		{
			"type": "minecraft:height_range",
			"height": {
				"type": "minecraft:uniform",
				"min_inclusive": {
					"above_bottom": 7
				},
				"max_inclusive": {
					"absolute": 200
				}
			}
		},
		{
			"type": "minecraft:environment_scan",
			"direction_of_search": "down",
			"target_condition": {
				"type": "minecraft:solid"
			},
			"allowed_search_condition": {
				"type": "minecraft:matching_blocks",
				"blocks": [
					"minecraft:air"
				]
			},
			"max_steps": 32
		},
		{
			"type": "minecraft:noise_based_count",
			"noise_to_count_ratio": 3,
			"noise_factor": 80,
			"noise_offset": 0.5
		},
		{
			"type": "minecraft:rarity_filter",
			"chance": 4
		},
		{
			"type": "minecraft:biome"
		}
	]
}
