{
	"feature": "terralith:cave/desert/smooth_sandstone",
	"placement": [
		{
			"type": "count",
			"count": 175
		},
		{
			"type": "minecraft:in_square"
		},
		{
			"type": "minecraft:height_range",
			"height": {
				"type": "minecraft:uniform",
				"min_inclusive": {
					"absolute": 0
				},
				"max_inclusive": {
					"absolute": 200
				}
			}
		},
		{
			"type": "minecraft:surface_relative_threshold_filter",
			"heightmap": "WORLD_SURFACE_WG",
			"min_inclusive": -64,
			"max_inclusive": -12
		}
	]
}
