{
	"credit": "Made with Blockbench",
	"textures": {
		"3": "block/cake_top1",
		"4": "block/cake_side2",
		"5": "block/cake_top_blank",
		"6": "block/cake_top_blank_middle",
		"7": "block/cake_inner_side",
		"bottom": "block/cake_bottom",
		"top": "block/cake_top",
		"particle": "block/cake_side",
		"side": "block/cake_side"
	},
	"elements": [
		{
			"from": [1, 0, 1],
			"to": [15, 7, 15],
			"faces": {
				"north": {"uv": [1, 9, 15, 16], "texture": "#side"},
				"east": {"uv": [1, 9, 15, 16], "texture": "#side"},
				"south": {"uv": [1, 9, 15, 16], "texture": "#side"},
				"west": {"uv": [1, 9, 15, 16], "texture": "#side"},
				"up": {"uv": [1, 1, 15, 15], "rotation": 270, "texture": "#5"},
				"down": {"uv": [1, 1, 15, 15], "rotation": 90, "texture": "#bottom", "cullface": "down"}
			}
		},
		{
			"from": [3, 7, 3],
			"to": [13, 11, 13],
			"faces": {
				"north": {"uv": [6, 12, 16, 16], "texture": "#4"},
				"east": {"uv": [6, 0, 16, 4], "texture": "#4"},
				"south": {"uv": [6, 4, 16, 8], "texture": "#4"},
				"west": {"uv": [6, 8, 16, 12], "texture": "#4"},
				"up": {"uv": [3, 3, 13, 13], "rotation": 270, "texture": "#6"},
				"down": {"uv": [1, 1, 15, 15], "rotation": 90, "texture": "#top", "cullface": "down"}
			}
		},
		{
			"from": [7, 11, 5],
			"to": [11, 14, 11],
			"faces": {
				"north": {"uv": [0, 9, 4, 12], "texture": "#4"},
				"east": {"uv": [0, 3, 6, 6], "texture": "#4"},
				"south": {"uv": [2, 0, 6, 3], "texture": "#4"},
				"west": {"uv": [5, 2, 11, 5], "texture": "#7"},
				"up": {"uv": [5, 5, 11, 9], "rotation": 90, "texture": "#3"},
				"down": {"uv": [1, 1, 15, 15], "rotation": 270, "texture": "#top", "cullface": "down"}
			}
		},
		{
			"from": [7, 14, 7],
			"to": [9, 15.75, 9],
			"faces": {
				"north": {"uv": [0, 12, 2, 14], "texture": "#4"},
				"east": {"uv": [0, 14, 2, 16], "texture": "#4"},
				"south": {"uv": [2, 14, 4, 16], "texture": "#4"},
				"west": {"uv": [2, 12, 4, 14], "texture": "#4"},
				"up": {"uv": [4, 12, 6, 14], "rotation": 270, "texture": "#4"},
				"down": {"uv": [4, 14, 6, 16], "rotation": 90, "texture": "#4", "cullface": "down"}
			}
		}
	],
	"groups": [
		0,
		1,
		2,
		3,
		{
			"name": "cake_slice4",
			"origin": [8, 8, 8],
			"color": 0,
			"children": [
				{
					"name": "cake_slice5",
					"origin": [8, 8, 8],
					"color": 0,
					"children": []
				}
			]
		}
	]
}