{
	"credit": "Made with Blockbench",
	"textures": {
		"8": "block/cake_top_blank_bottom",
		"bottom": "block/cake_bottom",
		"particle": "block/cake_side",
		"side": "block/cake_side"
	},
	"elements": [
		{
			"from": [1, 0, 1],
			"to": [15, 7, 15],
			"faces": {
				"north": {"uv": [1, 9, 15, 16], "texture": "#side"},
				"east": {"uv": [1, 9, 15, 16], "texture": "#side"},
				"south": {"uv": [1, 9, 15, 16], "texture": "#side"},
				"west": {"uv": [1, 9, 15, 16], "texture": "#side"},
				"up": {"uv": [1, 1, 15, 15], "rotation": 270, "texture": "#8"},
				"down": {"uv": [1, 1, 15, 15], "rotation": 90, "texture": "#bottom", "cullface": "down"}
			}
		}
	],
	"groups": [
		0,
		{
			"name": "cake_slice4",
			"origin": [8, 8, 8],
			"color": 0,
			"children": [
				{
					"name": "cake_slice5",
					"origin": [8, 8, 8],
					"color": 0,
					"children": []
				}
			]
		}
	]
}