{
	"feature": "terralith:shrubland/disk_podzol",
	"placement": [
		{
			"type": "minecraft:count",
			"count": {
				"type": "minecraft:weighted_list",
				"distribution": [
					{
						"weight": 0,
						"data": 128
					},
					{
						"weight": 100,
						"data": 128
					}
				]
			}
		},
		{
			"type": "minecraft:in_square"
		},
		{
			"type": "minecraft:noise_based_count",
			"noise_to_count_ratio": 1,
			"noise_factor": 175,
			"noise_offset": 1
		},
		{
			"type": "minecraft:height_range",
			"height": {
				"absolute": 62
			}
		},
		{
			"type": "minecraft:biome"
		}
	]
}
