{
  "name": "kaisyn:village/sparse_jungle_polynesian/houses",
  "fallback": "minecraft:empty",
  "elements": [
    {
      "weight": 3,
      "element": {
        "element_type": "minecraft:legacy_single_pool_element",
        "projection": "rigid",
        "location": "kaisyn:village/sparse_jungle_polynesian/houses/sparse_jungle_toolsmith_and_weaponsmith_1",
        "processors": "kaisyn:village/street_polynesian"
      }
    },
    {
      "weight": 4,
      "element": {
        "element_type": "minecraft:legacy_single_pool_element",
        "projection": "rigid",
        "location": "kaisyn:village/sparse_jungle_polynesian/houses/sparse_jungle_butcher_and_shepherd_1",
        "processors": "kaisyn:village/street_polynesian"
      }
    },
    {
      "weight": 4,
      "element": {
        "element_type": "minecraft:legacy_single_pool_element",
        "projection": "rigid",
        "location": "kaisyn:village/sparse_jungle_polynesian/houses/sparse_jungle_armorer_and_mason_1",
        "processors": "kaisyn:village/street_polynesian"
      }
    },
    {
      "weight": 1,
      "element": {
        "element_type": "minecraft:legacy_single_pool_element",
        "projection": "rigid",
        "location": "kaisyn:village/sparse_jungle_polynesian/houses/sparse_jungle_leatherworker_1",
        "processors": "kaisyn:village/street_polynesian"
      }
    },
    {
      "weight": 2,
      "element": {
        "element_type": "minecraft:legacy_single_pool_element",
        "projection": "rigid",
        "location": "kaisyn:village/sparse_jungle_polynesian/houses/sparse_jungle_small_farm_1",
        "processors": "kaisyn:village/street_polynesian"
      }
    },
    {
      "weight": 3,
      "element": {
        "element_type": "minecraft:legacy_single_pool_element",
        "projection": "rigid",
        "location": "kaisyn:village/sparse_jungle_polynesian/houses/sparse_jungle_large_farm_1",
        "processors": "kaisyn:village/street_polynesian"
      }
    },
    {
      "weight": 4,
      "element": {
        "element_type": "minecraft:legacy_single_pool_element",
        "projection": "rigid",
        "location": "kaisyn:village/sparse_jungle_polynesian/houses/sparse_jungle_fisher_and_fletcher_1",
        "processors": "kaisyn:village/street_polynesian"
      }
    },
    {
      "weight": 3,
      "element": {
        "element_type": "minecraft:legacy_single_pool_element",
        "projection": "rigid",
        "location": "kaisyn:village/sparse_jungle_polynesian/houses/sparse_jungle_cartographer_and_library_1",
        "processors": "kaisyn:village/street_polynesian"
      }
    },
    {
      "weight": 5,
      "element": {
        "element_type": "minecraft:legacy_single_pool_element",
        "projection": "rigid",
        "location": "kaisyn:village/sparse_jungle_polynesian/houses/sparse_jungle_small_house_1",
        "processors": "kaisyn:village/street_polynesian"
      }
    },
    {
      "weight": 5,
      "element": {
        "element_type": "minecraft:legacy_single_pool_element",
        "projection": "rigid",
        "location": "kaisyn:village/sparse_jungle_polynesian/houses/sparse_jungle_small_house_2",
        "processors": "kaisyn:village/street_polynesian"
      }
    },
    {
      "weight": 5,
      "element": {
        "element_type": "minecraft:legacy_single_pool_element",
        "projection": "rigid",
        "location": "kaisyn:village/sparse_jungle_polynesian/houses/sparse_jungle_small_house_3",
        "processors": "kaisyn:village/street_polynesian"
      }
    },
    {
      "weight": 5,
      "element": {
        "element_type": "minecraft:legacy_single_pool_element",
        "projection": "rigid",
        "location": "kaisyn:village/sparse_jungle_polynesian/houses/sparse_jungle_small_house_4",
        "processors": "kaisyn:village/street_polynesian"
      }
    },
    {
      "weight": 4,
      "element": {
        "element_type": "minecraft:legacy_single_pool_element",
        "projection": "rigid",
        "location": "kaisyn:village/sparse_jungle_polynesian/houses/sparse_jungle_medium_house_1",
        "processors": "kaisyn:village/street_polynesian"
      }
    },
    {
      "weight": 4,
      "element": {
        "element_type": "minecraft:legacy_single_pool_element",
        "projection": "rigid",
        "location": "kaisyn:village/sparse_jungle_polynesian/houses/sparse_jungle_medium_house_2",
        "processors": "kaisyn:village/street_polynesian"
      }
    },
    {
      "weight": 4,
      "element": {
        "element_type": "minecraft:legacy_single_pool_element",
        "projection": "rigid",
        "location": "kaisyn:village/sparse_jungle_polynesian/houses/sparse_jungle_medium_house_3",
        "processors": "kaisyn:village/street_polynesian"
      }
    },
    {
      "weight": 4,
      "element": {
        "element_type": "minecraft:legacy_single_pool_element",
        "projection": "rigid",
        "location": "kaisyn:village/sparse_jungle_polynesian/houses/sparse_jungle_large_house_1",
        "processors": "kaisyn:village/street_polynesian"
      }
    },
	  {
      "weight": 10,
      "element": {
        "element_type": "minecraft:empty_pool_element",
        "projection": "rigid"
      }
    }
  ]
}
