{
  "feature": {
    "type": "minecraft:random_selector",
    "config": {
      "features": [
        {
          "chance": 0.2,
          "feature": {
            "feature": "geophilic:cherry_grove/cherry_big",
            "placement": []
          }
        },
        {
          "chance": 0.05,
          "feature": {
            "feature": "minecraft:azalea_tree",
            "placement": []
          }
        }
      ],
      "default": {
        "feature": "geophilic:cherry_grove/cherry_bees_005",
        "placement": []
      }
    }
  },
  "placement": [
    {
      "type": "minecraft:count",
      "count": {
        "type": "minecraft:biased_to_bottom",
        "value": {
          "min_inclusive": 9,
          "max_inclusive": 12
        }
      }
    },
    {
      "type": "minecraft:in_square"
    },
    {
      "type": "minecraft:surface_water_depth_filter",
      "max_water_depth": 0
    },
    {
      "type": "minecraft:heightmap",
      "heightmap": "OCEAN_FLOOR"
    },
    {
      "type": "minecraft:biome"
    },
    {
      "type": "minecraft:block_predicate_filter",
      "predicate": {
        "type": "minecraft:would_survive",
        "state": {
          "Name": "minecraft:cherry_sapling",
          "Properties": {
            "stage": "0"
          }
        }
      }
    }
  ]
}