{
	"credit": "Made with Blockbench",
	"textures": {
		"0": "block/torch/soul_torch",
		"2": "block/torch/normal_flame",
		"3": "block/torch/torch",
		"particle": "block/torch/soul_torch"
	},
	"elements": [
		{
			"from": [1, 3, 7],
			"to": [3, 13, 9],
			"rotation": {"angle": -22.5, "axis": "z", "origin": [2, 8, 8]},
			"faces": {
				"north": {"uv": [9, 6, 7, 16], "texture": "#3"},
				"east": {"uv": [7, 6, 9, 16], "texture": "#3"},
				"south": {"uv": [9, 6, 7, 16], "texture": "#3"},
				"west": {"uv": [7, 6, 9, 16], "texture": "#3"},
				"up": {"uv": [9, 6, 7, 8], "texture": "#3"},
				"down": {"uv": [9, 14, 7, 16], "texture": "#3"}
			}
		},
		{
			"from": [0.75, 10, 6.75],
			"to": [3.25, 11, 9.25],
			"rotation": {"angle": -22.5, "axis": "z", "origin": [2, 8, 8]},
			"faces": {
				"north": {"uv": [3, 13, 0, 14], "texture": "#3"},
				"east": {"uv": [3, 15, 0, 16], "texture": "#3"},
				"south": {"uv": [3, 14, 0, 15], "texture": "#3"},
				"west": {"uv": [3, 15, 0, 16], "texture": "#3"},
				"up": {"uv": [0, 13, 3, 16], "texture": "#3"},
				"down": {"uv": [3, 13, 0, 16], "texture": "#3"}
			}
		},
		{
			"from": [3.85, 11.75, 6],
			"to": [3.85, 22.75, 10],
			"rotation": {"angle": 0, "axis": "y", "origin": [3.85, 15, 8]},
			"faces": {
				"north": {"uv": [0, 0, 0, 4], "texture": "#2"},
				"east": {"uv": [10, 1, 6, 14], "texture": "#2"},
				"south": {"uv": [0, 0, 0, 4], "texture": "#2"},
				"west": {"uv": [6, 1, 10, 14], "texture": "#2"},
				"up": {"uv": [0, 0, 4, 0], "rotation": 270, "texture": "#2"},
				"down": {"uv": [0, 0, 0, 0], "texture": "#2"}
			}
		},
		{
			"from": [3.85, 10.75, 6.5],
			"to": [3.85, 11.75, 9.5],
			"rotation": {"angle": 0, "axis": "y", "origin": [3.85, 15, 8]},
			"faces": {
				"north": {"uv": [0, 0, 0, 4], "texture": "#2"},
				"east": {"uv": [10, 13, 7, 14], "texture": "#2"},
				"south": {"uv": [0, 0, 0, 4], "texture": "#2"},
				"west": {"uv": [7, 13, 10, 14], "texture": "#2"},
				"up": {"uv": [0, 0, 4, 0], "rotation": 270, "texture": "#2"},
				"down": {"uv": [0, 0, 0, 0], "texture": "#2"}
			}
		},
		{
			"from": [1.85, 12, 8],
			"to": [5.85, 24.75, 8],
			"rotation": {"angle": 0, "axis": "y", "origin": [10.85, 20, 16]},
			"faces": {
				"north": {"uv": [6, 1, 10, 14], "texture": "#2"},
				"east": {"uv": [0, 0, 0, 4], "texture": "#2"},
				"south": {"uv": [10, 1, 6, 14], "texture": "#2"},
				"west": {"uv": [0, 0, 0, 4], "texture": "#2"},
				"up": {"uv": [0, 0, 4, 0], "texture": "#2"},
				"down": {"uv": [0, 0, 0, 0], "texture": "#2"}
			}
		},
		{
			"from": [7.1, 9.75, 8],
			"to": [9.1, 10.75, 8],
			"rotation": {"angle": -22.5, "axis": "z", "origin": [10.85, 20, 16]},
			"faces": {
				"north": {"uv": [6, 12, 8, 13], "texture": "#2"},
				"east": {"uv": [0, 0, 0, 4], "texture": "#2"},
				"south": {"uv": [8, 12, 6, 13], "texture": "#2"},
				"west": {"uv": [0, 0, 0, 4], "texture": "#2"},
				"up": {"uv": [0, 0, 4, 0], "texture": "#2"},
				"down": {"uv": [0, 0, 0, 0], "texture": "#2"}
			}
		},
		{
			"from": [6.6, 8.75, 8],
			"to": [8.6, 9.75, 8],
			"rotation": {"angle": -22.5, "axis": "z", "origin": [10.85, 20, 16]},
			"faces": {
				"north": {"uv": [7, 12, 9, 13], "texture": "#2"},
				"east": {"uv": [0, 0, 0, 4], "texture": "#2"},
				"south": {"uv": [9, 12, 7, 13], "texture": "#2"},
				"west": {"uv": [0, 0, 0, 4], "texture": "#2"},
				"up": {"uv": [0, 0, 4, 0], "texture": "#2"},
				"down": {"uv": [0, 0, 0, 0], "texture": "#2"}
			}
		},
		{
			"from": [0, 6, 6.375],
			"to": [3.25, 7, 9.625],
			"rotation": {"angle": 0, "axis": "y", "origin": [1.625, 6.5, 8]},
			"faces": {
				"north": {"uv": [9, 13, 13, 14], "texture": "#0"},
				"east": {"uv": [9, 14, 13, 15], "texture": "#0"},
				"south": {"uv": [9, 13, 13, 14], "texture": "#0"},
				"west": {"uv": [9, 15, 13, 16], "texture": "#0", "cullface": "west"},
				"up": {"uv": [9, 12, 13, 16], "texture": "#0"},
				"down": {"uv": [9, 12, 13, 16], "texture": "#0"}
			}
		}
	]
}