{
  "feature": {
    "type": "minecraft:vegetation_patch",
    "config": {
      "surface": "ceiling",
      "depth": {
        "type": "minecraft:uniform",
        "value": {
          "min_inclusive": 2,
          "max_inclusive": 3
        }
      },
      "vertical_range": 2,
      "extra_bottom_block_chance": 0.25,
      "extra_edge_column_chance": 0.65,
      "vegetation_chance": 0,
      "xz_radius": {
        "type": "minecraft:uniform",
        "value": {
          "min_inclusive": 2,
          "max_inclusive": 3
        }
      },
      "replaceable": "#terralith:stone",
      "ground_state": {
        "type": "minecraft:noise_provider",
        "seed": 152,
        "noise": {
          "firstOctave": -7,
          "amplitudes": [
            1.0,
            0.5,
            1.1,
            1.5,
            0,
            1.0
          ]
        },
        "scale": 1,
        "states": [
          {
            "Name": "minecraft:dripstone_block"
          },
          {
            "Name": "minecraft:dripstone_block"
          },
          {
            "Name": "minecraft:dripstone_block"
          },
          {
            "Name": "minecraft:stone"
          },
          {
            "Name": "minecraft:stone"
          },
          {
            "Name": "minecraft:stone"
          },
          {
            "Name": "minecraft:stone"
          },
          {
            "Name": "minecraft:dripstone_block"
          },
          {
            "Name": "minecraft:stone"
          },
          {
            "Name": "minecraft:stone"
          },
          {
            "Name": "minecraft:stone"
          },
          {
            "Name": "minecraft:stone"
          },
                    {
            "Name": "minecraft:stone"
          },
          {
            "Name": "minecraft:stone"
          },
          {
            "Name": "minecraft:stone"
          },
          {
            "Name": "minecraft:stone"
          },
          {
            "Name": "minecraft:dripstone_block"
          },
          {
            "Name": "minecraft:stone"
          },
          {
            "Name": "minecraft:stone"
          },
          {
            "Name": "minecraft:stone"
          },
          {
            "Name": "minecraft:stone"
          },
          {
            "Name": "minecraft:stone"
          },
          {
            "Name": "minecraft:stone"
          },
          {
            "Name": "minecraft:stone"
          },
          {
            "Name": "minecraft:magma_block"
          },
          {
            "Name": "minecraft:stone"
          },
          {
            "Name": "minecraft:stone"
          },
          {
            "Name": "minecraft:stone"
          },
          {
            "Name": "minecraft:stone"
          },
          {
            "Name": "minecraft:stone"
          },
          {
            "Name": "minecraft:stone"
          },
          {
            "Name": "minecraft:stone"
          },
          {
            "Name": "minecraft:dripstone_block"
          },
                    {
            "Name": "minecraft:stone"
          },
          {
            "Name": "minecraft:stone"
          },
          {
            "Name": "minecraft:stone"
          },
          {
            "Name": "minecraft:stone"
          },
          {
            "Name": "minecraft:stone"
          },
          {
            "Name": "minecraft:stone"
          },
          {
            "Name": "minecraft:stone"
          },
          {
            "Name": "minecraft:stone"
          },
          {
            "Name": "minecraft:dripstone_block"
          },
          {
            "Name": "minecraft:stone"
          },
          {
            "Name": "minecraft:stone"
          },
          {
            "Name": "minecraft:stone"
          },
          {
            "Name": "minecraft:stone"
          },
          {
            "Name": "minecraft:dripstone_block"
          },
          {
            "Name": "minecraft:dripstone_block"
          },
          {
            "Name": "minecraft:dripstone_block"
          }
        ]
      },
      "vegetation_feature": "terralith:nothing"
    }
  },
  "placement": [
    {
      "type": "minecraft:count",
      "count": 2
    },
    {
      "type": "minecraft:count",
      "count": 256
    },
    {
      "type": "minecraft:in_square"
    },
    {
      "type": "minecraft:height_range",
      "height": {
        "type": "minecraft:uniform",
        "min_inclusive": {
          "absolute": -64
        },
        "max_inclusive": {
          "absolute": 192
        }
      }
    },
    {
      "type": "minecraft:environment_scan",
      "direction_of_search": "up",
      "max_steps": 32,
      "target_condition": {
        "type": "minecraft:has_sturdy_face",
        "offset": [
          0,
          1,
          0
        ],
        "direction": "down"
      }
    },
    {
      "type": "minecraft:biome"
    }
  ]
}
