{
			"argument1": {
				"argument1": 10,
				"argument2": {
					"argument1": 1,
					"argument2": {
						"argument1": -1,
						"argument2": {
							"argument": {
								"type": "minecraft:blend_alpha"
							},
							"type": "minecraft:cache_once"
						},
						"type": "minecraft:mul"
					},
					"type": "minecraft:add"
				},
				"type": "minecraft:mul"
			},
			"argument2": {
				"argument1": {
					"type": "minecraft:clamp",
					"min": 0,
					"max": 8,
					"input": {
						"type": "minecraft:spline",
						"spline": {
							"coordinate": "nullscape:base/continents",
							"points": [
								{
									"location": 0,
									"value": {
										"coordinate": "minecraft:overworld/erosion",
										"points": [
											{
												"location": -0.15,
												"value": 2,
												"derivative": 0
											},
											{
												"location": -0.1,
												"value": 0.25,
												"derivative": 0
											}
										]
									},
									"derivative": 0
								},
								{
									"location": 0.15,
									"value": 0.25,
									"derivative": 0
								},
								{
									"location": 0.175,
									"value": 0.275,
									"derivative": 20
								},
								{
									"location": 0.3,
									"value": 3,
									"derivative": 0
								}
							]
						}
					}
				},
				"argument2": {
					"argument": {
						"type": "minecraft:blend_alpha"
					},
					"type": "minecraft:cache_once"
				},
				"type": "minecraft:mul"
			},
			"type": "minecraft:add"
		}
